3,"SELECT TPCDS.CATALOG_SALES.CS_SHIP_MODE_SK , TPCDS.DATE_DIM2.D_FY_YEAR FROM TPCDS.CATALOG_SALES INNER JOIN TPCDS.DATE_DIM2 ON TPCDS.DATE_DIM2.D_DATE_SK = TPCDS.CATALOG_SALES.CS_SHIP_DATE_SK WHERE TPCDS.DATE_DIM2.D_DOM <= 31 AND TPCDS.CATALOG_SALES.CS_SALES_PRICE >= +00003.89"
53,"SELECT TPCDS.CATALOG_SALES.CS_SHIP_MODE_SK , TPCDS.DATE_DIM2.D_DOW FROM TPCDS.CATALOG_SALES INNER JOIN TPCDS.DATE_DIM2 ON TPCDS.DATE_DIM2.D_DATE_SK = TPCDS.CATALOG_SALES.CS_SHIP_DATE_SK WHERE TPCDS.CATALOG_SALES.CS_NET_PAID_INC_TAX >= +00363.58 AND TPCDS.CATALOG_SALES.CS_NET_PAID_INC_SHIP >= +00978.88"
82,"SELECT TPCDS.CATALOG_SALES.CS_EXT_SALES_PRICE , TPCDS.DATE_DIM2.D_MOY FROM TPCDS.CATALOG_SALES INNER JOIN TPCDS.DATE_DIM2 ON TPCDS.DATE_DIM2.D_DATE_SK = TPCDS.CATALOG_SALES.CS_SHIP_DATE_SK WHERE TPCDS.CATALOG_SALES.CS_SHIP_CUSTOMER_SK >= 8933 AND TPCDS.CATALOG_SALES.CS_EXT_TAX >= +00006.19"
92,"SELECT TPCDS.CATALOG_SALES.CS_EXT_WHOLESALE_COST , TPCDS.DATE_DIM2.D_QUARTER_SEQ FROM TPCDS.CATALOG_SALES INNER JOIN TPCDS.DATE_DIM2 ON TPCDS.DATE_DIM2.D_DATE_SK = TPCDS.CATALOG_SALES.CS_SHIP_DATE_SK WHERE TPCDS.CATALOG_SALES.CS_SHIP_CDEMO_SK >= 698489 AND TPCDS.CATALOG_SALES.CS_SOLD_TIME_SK >= 20711"
99,"SELECT TPCDS.DATE_DIM2.D_MONTH_SEQ , TPCDS.CATALOG_SALES.CS_SHIP_ADDR_SK FROM TPCDS.DATE_DIM2 INNER JOIN TPCDS.CATALOG_SALES ON TPCDS.CATALOG_SALES.CS_SHIP_DATE_SK = TPCDS.DATE_DIM2.D_DATE_SK WHERE TPCDS.DATE_DIM2.D_FY_QUARTER_SEQ >= 173 AND TPCDS.CATALOG_SALES.CS_EXT_SALES_PRICE <= +01835.52"
101,"SELECT TPCDS.CATALOG_SALES.CS_BILL_CUSTOMER_SK , TPCDS.DATE_DIM2.D_FY_QUARTER_SEQ FROM TPCDS.CATALOG_SALES INNER JOIN TPCDS.DATE_DIM2 ON TPCDS.DATE_DIM2.D_DATE_SK = TPCDS.CATALOG_SALES.CS_SHIP_DATE_SK WHERE TPCDS.DATE_DIM2.D_SAME_DAY_LQ <= 2484559 AND TPCDS.DATE_DIM2.D_QOY <= 3"
123,"SELECT TPCDS.CATALOG_SALES.CS_LIST_PRICE , TPCDS.DATE_DIM2.D_DOW FROM TPCDS.CATALOG_SALES INNER JOIN TPCDS.DATE_DIM2 ON TPCDS.DATE_DIM2.D_DATE_SK = TPCDS.CATALOG_SALES.CS_SHIP_DATE_SK WHERE TPCDS.DATE_DIM2.D_DATE_SK <= 2480381 AND TPCDS.DATE_DIM2.D_FY_YEAR <= 2027"
130,"SELECT TPCDS.CATALOG_SALES.CS_COUPON_AMT , TPCDS.DATE_DIM2.D_DOM FROM TPCDS.CATALOG_SALES INNER JOIN TPCDS.DATE_DIM2 ON TPCDS.DATE_DIM2.D_DATE_SK = TPCDS.CATALOG_SALES.CS_SHIP_DATE_SK WHERE TPCDS.DATE_DIM2.D_LAST_DOM >= 2439063 AND TPCDS.CATALOG_SALES.CS_CATALOG_PAGE_SK >= 2069"
203,"SELECT TPCDS.CATALOG_SALES.CS_SHIP_ADDR_SK , TPCDS.DATE_DIM2.D_QOY FROM TPCDS.CATALOG_SALES INNER JOIN TPCDS.DATE_DIM2 ON TPCDS.DATE_DIM2.D_DATE_SK = TPCDS.CATALOG_SALES.CS_SHIP_DATE_SK WHERE TPCDS.CATALOG_SALES.CS_EXT_SHIP_COST <= +00782.13 AND TPCDS.CATALOG_SALES.CS_BILL_ADDR_SK >= 919"
229,"SELECT TPCDS.CATALOG_SALES.CS_BILL_CUSTOMER_SK , TPCDS.DATE_DIM2.D_FY_WEEK_SEQ FROM TPCDS.CATALOG_SALES INNER JOIN TPCDS.DATE_DIM2 ON TPCDS.DATE_DIM2.D_DATE_SK = TPCDS.CATALOG_SALES.CS_SHIP_DATE_SK WHERE TPCDS.DATE_DIM2.D_DOM <= 29 AND TPCDS.CATALOG_SALES.CS_EXT_WHOLESALE_COST >= +01179.36"
231,"SELECT TPCDS.DATE_DIM2.D_FIRST_DOM , TPCDS.CATALOG_SALES.CS_NET_PROFIT FROM TPCDS.DATE_DIM2 INNER JOIN TPCDS.CATALOG_SALES ON TPCDS.CATALOG_SALES.CS_SHIP_DATE_SK = TPCDS.DATE_DIM2.D_DATE_SK WHERE TPCDS.CATALOG_SALES.CS_CALL_CENTER_SK >= 2 AND TPCDS.DATE_DIM2.D_QUARTER_SEQ <= 801"
341,"SELECT TPCDS.CATALOG_SALES.CS_SHIP_CUSTOMER_SK , TPCDS.DATE_DIM2.D_SAME_DAY_LQ FROM TPCDS.CATALOG_SALES INNER JOIN TPCDS.DATE_DIM2 ON TPCDS.DATE_DIM2.D_DATE_SK = TPCDS.CATALOG_SALES.CS_SHIP_DATE_SK WHERE TPCDS.CATALOG_SALES.CS_ITEM_SK >= 277 AND TPCDS.DATE_DIM2.D_SAME_DAY_LY >= 2414876"
519,"SELECT TPCDS.CATALOG_SALES.CS_EXT_LIST_PRICE , TPCDS.DATE_DIM2.D_MOY FROM TPCDS.CATALOG_SALES INNER JOIN TPCDS.DATE_DIM2 ON TPCDS.DATE_DIM2.D_DATE_SK = TPCDS.CATALOG_SALES.CS_SHIP_DATE_SK WHERE TPCDS.CATALOG_SALES.CS_NET_PAID_INC_SHIP >= +00528.50 AND TPCDS.DATE_DIM2.D_WEEK_SEQ >= 1202"
582,"SELECT TPCDS.DATE_DIM2.D_MONTH_SEQ , TPCDS.CATALOG_SALES.CS_BILL_CDEMO_SK FROM TPCDS.DATE_DIM2 INNER JOIN TPCDS.CATALOG_SALES ON TPCDS.CATALOG_SALES.CS_SHIP_DATE_SK = TPCDS.DATE_DIM2.D_DATE_SK WHERE TPCDS.CATALOG_SALES.CS_BILL_ADDR_SK <= 39743 AND TPCDS.CATALOG_SALES.CS_NET_PAID_INC_TAX <= +06311.85"
602,"SELECT TPCDS.CATALOG_SALES.CS_EXT_SHIP_COST , TPCDS.DATE_DIM2.D_SAME_DAY_LY FROM TPCDS.CATALOG_SALES INNER JOIN TPCDS.DATE_DIM2 ON TPCDS.DATE_DIM2.D_DATE_SK = TPCDS.CATALOG_SALES.CS_SHIP_DATE_SK WHERE TPCDS.CATALOG_SALES.CS_SHIP_CDEMO_SK <= 1501387 AND TPCDS.CATALOG_SALES.CS_BILL_ADDR_SK >= 919"
632,"SELECT TPCDS.CATALOG_SALES.CS_BILL_CDEMO_SK , TPCDS.DATE_DIM2.D_SAME_DAY_LQ FROM TPCDS.CATALOG_SALES INNER JOIN TPCDS.DATE_DIM2 ON TPCDS.DATE_DIM2.D_DATE_SK = TPCDS.CATALOG_SALES.CS_SHIP_DATE_SK WHERE TPCDS.DATE_DIM2.D_QOY <= 4 AND TPCDS.CATALOG_SALES.CS_LIST_PRICE <= +00097.65"
714,"SELECT TPCDS.CATALOG_SALES.CS_WHOLESALE_COST , TPCDS.DATE_DIM2.D_FIRST_DOM FROM TPCDS.CATALOG_SALES INNER JOIN TPCDS.DATE_DIM2 ON TPCDS.DATE_DIM2.D_DATE_SK = TPCDS.CATALOG_SALES.CS_SHIP_DATE_SK WHERE TPCDS.CATALOG_SALES.CS_ORDER_NUMBER <= 107022 AND TPCDS.CATALOG_SALES.CS_SHIP_MODE_SK >= 2"
783,"SELECT TPCDS.CATALOG_SALES.CS_ORDER_NUMBER , TPCDS.DATE_DIM2.D_MOY FROM TPCDS.CATALOG_SALES INNER JOIN TPCDS.DATE_DIM2 ON TPCDS.DATE_DIM2.D_DATE_SK = TPCDS.CATALOG_SALES.CS_SHIP_DATE_SK WHERE TPCDS.CATALOG_SALES.CS_LIST_PRICE >= +00006.27 AND TPCDS.CATALOG_SALES.CS_EXT_TAX >= +00015.16"
925,"SELECT TPCDS.CATALOG_SALES.CS_SHIP_CDEMO_SK , TPCDS.DATE_DIM2.D_DOW FROM TPCDS.CATALOG_SALES INNER JOIN TPCDS.DATE_DIM2 ON TPCDS.DATE_DIM2.D_DATE_SK = TPCDS.CATALOG_SALES.CS_SHIP_DATE_SK WHERE TPCDS.CATALOG_SALES.CS_SHIP_HDEMO_SK >= 1 AND TPCDS.CATALOG_SALES.CS_NET_PAID <= +06198.14"
1066,"SELECT TPCDS.CATALOG_SALES.CS_WHOLESALE_COST , TPCDS.DATE_DIM2.D_WEEK_SEQ FROM TPCDS.CATALOG_SALES INNER JOIN TPCDS.DATE_DIM2 ON TPCDS.DATE_DIM2.D_DATE_SK = TPCDS.CATALOG_SALES.CS_SHIP_DATE_SK WHERE TPCDS.CATALOG_SALES.CS_WAREHOUSE_SK >= 2 AND TPCDS.DATE_DIM2.D_SAME_DAY_LY >= 2414990"
1120,"SELECT TPCDS.DATE_DIM2.D_FY_YEAR , TPCDS.CATALOG_SALES.CS_SHIP_ADDR_SK FROM TPCDS.DATE_DIM2 INNER JOIN TPCDS.CATALOG_SALES ON TPCDS.CATALOG_SALES.CS_SHIP_DATE_SK = TPCDS.DATE_DIM2.D_DATE_SK WHERE TPCDS.CATALOG_SALES.CS_EXT_SALES_PRICE >= +00422.67 AND TPCDS.DATE_DIM2.D_DATE_SK >= 2426555"
1183,"SELECT TPCDS.CATALOG_SALES.CS_SHIP_DATE_SK , TPCDS.DATE_DIM2.D_YEAR FROM TPCDS.CATALOG_SALES INNER JOIN TPCDS.DATE_DIM2 ON TPCDS.DATE_DIM2.D_DATE_SK = TPCDS.CATALOG_SALES.CS_SHIP_DATE_SK WHERE TPCDS.CATALOG_SALES.CS_CALL_CENTER_SK <= 3 AND TPCDS.DATE_DIM2.D_FIRST_DOM >= 2449566"
1186,"SELECT TPCDS.CATALOG_SALES.CS_QUANTITY , TPCDS.DATE_DIM2.D_FY_WEEK_SEQ FROM TPCDS.CATALOG_SALES INNER JOIN TPCDS.DATE_DIM2 ON TPCDS.DATE_DIM2.D_DATE_SK = TPCDS.CATALOG_SALES.CS_SHIP_DATE_SK WHERE TPCDS.DATE_DIM2.D_FY_WEEK_SEQ <= 8320 AND TPCDS.DATE_DIM2.D_LAST_DOM <= 2481252"
1334,"SELECT TPCDS.CATALOG_SALES.CS_NET_PAID_INC_SHIP , TPCDS.DATE_DIM2.D_WEEK_SEQ FROM TPCDS.CATALOG_SALES INNER JOIN TPCDS.DATE_DIM2 ON TPCDS.DATE_DIM2.D_DATE_SK = TPCDS.CATALOG_SALES.CS_SHIP_DATE_SK WHERE TPCDS.CATALOG_SALES.CS_BILL_HDEMO_SK >= 1 AND TPCDS.DATE_DIM2.D_FY_YEAR >= 1932"
1560,"SELECT TPCDS.CATALOG_SALES.CS_EXT_DISCOUNT_AMT , TPCDS.DATE_DIM2.D_FIRST_DOM FROM TPCDS.CATALOG_SALES INNER JOIN TPCDS.DATE_DIM2 ON TPCDS.DATE_DIM2.D_DATE_SK = TPCDS.CATALOG_SALES.CS_SHIP_DATE_SK WHERE TPCDS.CATALOG_SALES.CS_WHOLESALE_COST >= +00005.98 AND TPCDS.CATALOG_SALES.CS_CALL_CENTER_SK <= 5"
1609,"SELECT TPCDS.CATALOG_SALES.CS_BILL_CDEMO_SK , TPCDS.DATE_DIM2.D_QUARTER_SEQ FROM TPCDS.CATALOG_SALES INNER JOIN TPCDS.DATE_DIM2 ON TPCDS.DATE_DIM2.D_DATE_SK = TPCDS.CATALOG_SALES.CS_SHIP_DATE_SK WHERE TPCDS.CATALOG_SALES.CS_NET_PAID_INC_SHIP_TAX >= +00255.17 AND TPCDS.DATE_DIM2.D_SAME_DAY_LY >= 2414876"
1636,"SELECT TPCDS.CATALOG_SALES.CS_EXT_DISCOUNT_AMT , TPCDS.DATE_DIM2.D_LAST_DOM FROM TPCDS.CATALOG_SALES INNER JOIN TPCDS.DATE_DIM2 ON TPCDS.DATE_DIM2.D_DATE_SK = TPCDS.CATALOG_SALES.CS_SHIP_DATE_SK WHERE TPCDS.DATE_DIM2.D_MOY >= 2 AND TPCDS.CATALOG_SALES.CS_BILL_CUSTOMER_SK >= 12530"
1715,"SELECT TPCDS.CATALOG_SALES.CS_ITEM_SK , TPCDS.DATE_DIM2.D_WEEK_SEQ FROM TPCDS.CATALOG_SALES INNER JOIN TPCDS.DATE_DIM2 ON TPCDS.DATE_DIM2.D_DATE_SK = TPCDS.CATALOG_SALES.CS_SHIP_DATE_SK WHERE TPCDS.CATALOG_SALES.CS_SHIP_MODE_SK >= 1 AND TPCDS.CATALOG_SALES.CS_NET_PAID_INC_TAX <= +08952.73"
1784,"SELECT TPCDS.CATALOG_SALES.CS_SHIP_DATE_SK , TPCDS.DATE_DIM2.D_DATE_SK FROM TPCDS.CATALOG_SALES INNER JOIN TPCDS.DATE_DIM2 ON TPCDS.DATE_DIM2.D_DATE_SK = TPCDS.CATALOG_SALES.CS_SHIP_DATE_SK WHERE TPCDS.DATE_DIM2.D_FY_QUARTER_SEQ <= 620 AND TPCDS.DATE_DIM2.D_MONTH_SEQ <= 1866"
1854,"SELECT TPCDS.CATALOG_SALES.CS_EXT_DISCOUNT_AMT , TPCDS.DATE_DIM2.D_QOY FROM TPCDS.CATALOG_SALES INNER JOIN TPCDS.DATE_DIM2 ON TPCDS.DATE_DIM2.D_DATE_SK = TPCDS.CATALOG_SALES.CS_SHIP_DATE_SK WHERE TPCDS.CATALOG_SALES.CS_NET_PAID_INC_SHIP_TAX >= +00574.93 AND TPCDS.CATALOG_SALES.CS_NET_PAID_INC_TAX >= +00066.42"
1987,"SELECT TPCDS.CATALOG_SALES.CS_SOLD_DATE_SK , TPCDS.DATE_DIM2.D_DATE_SK FROM TPCDS.CATALOG_SALES INNER JOIN TPCDS.DATE_DIM2 ON TPCDS.DATE_DIM2.D_DATE_SK = TPCDS.CATALOG_SALES.CS_SHIP_DATE_SK WHERE TPCDS.DATE_DIM2.D_QOY <= 4 AND TPCDS.CATALOG_SALES.CS_SHIP_ADDR_SK >= 2712"
2032,"SELECT TPCDS.CATALOG_SALES.CS_EXT_LIST_PRICE , TPCDS.DATE_DIM2.D_LAST_DOM FROM TPCDS.CATALOG_SALES INNER JOIN TPCDS.DATE_DIM2 ON TPCDS.DATE_DIM2.D_DATE_SK = TPCDS.CATALOG_SALES.CS_SHIP_DATE_SK WHERE TPCDS.CATALOG_SALES.CS_BILL_HDEMO_SK >= 784 AND TPCDS.DATE_DIM2.D_MONTH_SEQ >= 1155"
2046,"SELECT TPCDS.CATALOG_SALES.CS_EXT_LIST_PRICE , TPCDS.DATE_DIM2.D_QUARTER_SEQ FROM TPCDS.CATALOG_SALES INNER JOIN TPCDS.DATE_DIM2 ON TPCDS.DATE_DIM2.D_DATE_SK = TPCDS.CATALOG_SALES.CS_SHIP_DATE_SK WHERE TPCDS.CATALOG_SALES.CS_ORDER_NUMBER >= 9529 AND TPCDS.CATALOG_SALES.CS_PROMO_SK >= 1"
2074,"SELECT TPCDS.CATALOG_SALES.CS_SOLD_TIME_SK , TPCDS.DATE_DIM2.D_MONTH_SEQ FROM TPCDS.CATALOG_SALES INNER JOIN TPCDS.DATE_DIM2 ON TPCDS.DATE_DIM2.D_DATE_SK = TPCDS.CATALOG_SALES.CS_SHIP_DATE_SK WHERE TPCDS.CATALOG_SALES.CS_SALES_PRICE >= +00000.00 AND TPCDS.CATALOG_SALES.CS_BILL_HDEMO_SK >= 1590"
2360,"SELECT TPCDS.CATALOG_SALES.CS_SHIP_CUSTOMER_SK , TPCDS.DATE_DIM2.D_QUARTER_SEQ FROM TPCDS.CATALOG_SALES INNER JOIN TPCDS.DATE_DIM2 ON TPCDS.DATE_DIM2.D_DATE_SK = TPCDS.CATALOG_SALES.CS_SHIP_DATE_SK WHERE TPCDS.CATALOG_SALES.CS_NET_PAID >= +00033.64 AND TPCDS.CATALOG_SALES.CS_SOLD_TIME_SK <= 72532"
2935,"SELECT TPCDS.CATALOG_SALES.CS_SALES_PRICE , TPCDS.DATE_DIM2.D_MONTH_SEQ FROM TPCDS.CATALOG_SALES INNER JOIN TPCDS.DATE_DIM2 ON TPCDS.DATE_DIM2.D_DATE_SK = TPCDS.CATALOG_SALES.CS_SHIP_DATE_SK WHERE TPCDS.DATE_DIM2.D_MONTH_SEQ <= 1658 AND TPCDS.CATALOG_SALES.CS_SOLD_TIME_SK >= 36879"
3044,"SELECT TPCDS.CATALOG_SALES.CS_EXT_TAX , TPCDS.DATE_DIM2.D_MONTH_SEQ FROM TPCDS.CATALOG_SALES INNER JOIN TPCDS.DATE_DIM2 ON TPCDS.DATE_DIM2.D_DATE_SK = TPCDS.CATALOG_SALES.CS_SHIP_DATE_SK WHERE TPCDS.CATALOG_SALES.CS_BILL_CUSTOMER_SK >= 2357 AND TPCDS.CATALOG_SALES.CS_CALL_CENTER_SK >= 1"
3138,"SELECT TPCDS.DATE_DIM2.D_DATE_SK , TPCDS.CATALOG_SALES.CS_SOLD_DATE_SK FROM TPCDS.DATE_DIM2 INNER JOIN TPCDS.CATALOG_SALES ON TPCDS.CATALOG_SALES.CS_SHIP_DATE_SK = TPCDS.DATE_DIM2.D_DATE_SK WHERE TPCDS.CATALOG_SALES.CS_EXT_DISCOUNT_AMT >= +00000.00 AND TPCDS.DATE_DIM2.D_FY_WEEK_SEQ >= 5025"
3272,"SELECT TPCDS.CATALOG_SALES.CS_WAREHOUSE_SK , TPCDS.DATE_DIM2.D_FIRST_DOM FROM TPCDS.CATALOG_SALES INNER JOIN TPCDS.DATE_DIM2 ON TPCDS.DATE_DIM2.D_DATE_SK = TPCDS.CATALOG_SALES.CS_SHIP_DATE_SK WHERE TPCDS.DATE_DIM2.D_FY_YEAR <= 2099 AND TPCDS.CATALOG_SALES.CS_BILL_ADDR_SK <= 36944"
3321,"SELECT TPCDS.CATALOG_SALES.CS_SHIP_HDEMO_SK , TPCDS.DATE_DIM2.D_FY_QUARTER_SEQ FROM TPCDS.CATALOG_SALES INNER JOIN TPCDS.DATE_DIM2 ON TPCDS.DATE_DIM2.D_DATE_SK = TPCDS.CATALOG_SALES.CS_SHIP_DATE_SK WHERE TPCDS.DATE_DIM2.D_FIRST_DOM <= 2488039 AND TPCDS.DATE_DIM2.D_DOW >= 2"
3350,"SELECT TPCDS.CATALOG_SALES.CS_CALL_CENTER_SK , TPCDS.DATE_DIM2.D_YEAR FROM TPCDS.CATALOG_SALES INNER JOIN TPCDS.DATE_DIM2 ON TPCDS.DATE_DIM2.D_DATE_SK = TPCDS.CATALOG_SALES.CS_SHIP_DATE_SK WHERE TPCDS.CATALOG_SALES.CS_PROMO_SK >= 21 AND TPCDS.DATE_DIM2.D_FY_YEAR >= 1973"
3353,"SELECT TPCDS.CATALOG_SALES.CS_EXT_DISCOUNT_AMT , TPCDS.DATE_DIM2.D_FY_YEAR FROM TPCDS.CATALOG_SALES INNER JOIN TPCDS.DATE_DIM2 ON TPCDS.DATE_DIM2.D_DATE_SK = TPCDS.CATALOG_SALES.CS_SHIP_DATE_SK WHERE TPCDS.DATE_DIM2.D_FY_YEAR <= 2059 AND TPCDS.CATALOG_SALES.CS_SOLD_TIME_SK >= 17580"
3364,"SELECT TPCDS.CATALOG_SALES.CS_EXT_DISCOUNT_AMT , TPCDS.DATE_DIM2.D_SAME_DAY_LQ FROM TPCDS.CATALOG_SALES INNER JOIN TPCDS.DATE_DIM2 ON TPCDS.DATE_DIM2.D_DATE_SK = TPCDS.CATALOG_SALES.CS_SHIP_DATE_SK WHERE TPCDS.DATE_DIM2.D_MONTH_SEQ >= 882 AND TPCDS.DATE_DIM2.D_QOY <= 4"
3373,"SELECT TPCDS.DATE_DIM2.D_QUARTER_SEQ , TPCDS.CATALOG_SALES.CS_EXT_WHOLESALE_COST FROM TPCDS.DATE_DIM2 INNER JOIN TPCDS.CATALOG_SALES ON TPCDS.CATALOG_SALES.CS_SHIP_DATE_SK = TPCDS.DATE_DIM2.D_DATE_SK WHERE TPCDS.CATALOG_SALES.CS_NET_PAID_INC_SHIP_TAX >= +00051.17 AND TPCDS.CATALOG_SALES.CS_COUPON_AMT <= +00002.97"
3406,"SELECT TPCDS.CATALOG_SALES.CS_BILL_HDEMO_SK , TPCDS.DATE_DIM2.D_SAME_DAY_LY FROM TPCDS.CATALOG_SALES INNER JOIN TPCDS.DATE_DIM2 ON TPCDS.DATE_DIM2.D_DATE_SK = TPCDS.CATALOG_SALES.CS_SHIP_DATE_SK WHERE TPCDS.DATE_DIM2.D_DATE_SK >= 2422710 AND TPCDS.DATE_DIM2.D_FY_WEEK_SEQ >= 635"
3447,"SELECT TPCDS.CATALOG_SALES.CS_EXT_WHOLESALE_COST , TPCDS.DATE_DIM2.D_FY_WEEK_SEQ FROM TPCDS.CATALOG_SALES INNER JOIN TPCDS.DATE_DIM2 ON TPCDS.DATE_DIM2.D_DATE_SK = TPCDS.CATALOG_SALES.CS_SHIP_DATE_SK WHERE TPCDS.DATE_DIM2.D_SAME_DAY_LQ <= 2473171 AND TPCDS.CATALOG_SALES.CS_LIST_PRICE >= +00005.52"
3502,"SELECT TPCDS.CATALOG_SALES.CS_EXT_SHIP_COST , TPCDS.DATE_DIM2.D_SAME_DAY_LY FROM TPCDS.CATALOG_SALES INNER JOIN TPCDS.DATE_DIM2 ON TPCDS.DATE_DIM2.D_DATE_SK = TPCDS.CATALOG_SALES.CS_SHIP_DATE_SK WHERE TPCDS.CATALOG_SALES.CS_COUPON_AMT <= +00276.61 AND TPCDS.DATE_DIM2.D_FY_YEAR >= 1973"
3575,"SELECT TPCDS.CATALOG_SALES.CS_NET_PAID , TPCDS.DATE_DIM2.D_QOY FROM TPCDS.CATALOG_SALES INNER JOIN TPCDS.DATE_DIM2 ON TPCDS.DATE_DIM2.D_DATE_SK = TPCDS.CATALOG_SALES.CS_SHIP_DATE_SK WHERE TPCDS.CATALOG_SALES.CS_SOLD_TIME_SK >= 32890 AND TPCDS.CATALOG_SALES.CS_NET_PAID_INC_TAX >= +00001.79"
3636,"SELECT TPCDS.CATALOG_SALES.CS_SHIP_MODE_SK , TPCDS.DATE_DIM2.D_DOW FROM TPCDS.CATALOG_SALES INNER JOIN TPCDS.DATE_DIM2 ON TPCDS.DATE_DIM2.D_DATE_SK = TPCDS.CATALOG_SALES.CS_SHIP_DATE_SK WHERE TPCDS.DATE_DIM2.D_DOW <= 6 AND TPCDS.CATALOG_SALES.CS_NET_PAID_INC_TAX <= +03932.33"
3778,"SELECT TPCDS.CATALOG_SALES.CS_NET_PAID_INC_SHIP_TAX , TPCDS.DATE_DIM2.D_DOW FROM TPCDS.CATALOG_SALES INNER JOIN TPCDS.DATE_DIM2 ON TPCDS.DATE_DIM2.D_DATE_SK = TPCDS.CATALOG_SALES.CS_SHIP_DATE_SK WHERE TPCDS.CATALOG_SALES.CS_CALL_CENTER_SK <= 6 AND TPCDS.DATE_DIM2.D_SAME_DAY_LY >= 2414746"
3868,"SELECT TPCDS.CATALOG_SALES.CS_SALES_PRICE , TPCDS.DATE_DIM2.D_WEEK_SEQ FROM TPCDS.CATALOG_SALES INNER JOIN TPCDS.DATE_DIM2 ON TPCDS.DATE_DIM2.D_DATE_SK = TPCDS.CATALOG_SALES.CS_SHIP_DATE_SK WHERE TPCDS.DATE_DIM2.D_FY_YEAR <= 2021 AND TPCDS.CATALOG_SALES.CS_BILL_CUSTOMER_SK >= 14187"
3873,"SELECT TPCDS.DATE_DIM2.D_MOY , TPCDS.CATALOG_SALES.CS_NET_PAID FROM TPCDS.DATE_DIM2 INNER JOIN TPCDS.CATALOG_SALES ON TPCDS.CATALOG_SALES.CS_SHIP_DATE_SK = TPCDS.DATE_DIM2.D_DATE_SK WHERE TPCDS.CATALOG_SALES.CS_WHOLESALE_COST >= +00017.27 AND TPCDS.CATALOG_SALES.CS_PROMO_SK >= 14"
3902,"SELECT TPCDS.CATALOG_SALES.CS_WHOLESALE_COST , TPCDS.DATE_DIM2.D_DOM FROM TPCDS.CATALOG_SALES INNER JOIN TPCDS.DATE_DIM2 ON TPCDS.DATE_DIM2.D_DATE_SK = TPCDS.CATALOG_SALES.CS_SHIP_DATE_SK WHERE TPCDS.DATE_DIM2.D_WEEK_SEQ >= 5025 AND TPCDS.CATALOG_SALES.CS_SHIP_ADDR_SK >= 71"
3940,"SELECT TPCDS.CATALOG_SALES.CS_LIST_PRICE , TPCDS.DATE_DIM2.D_FY_QUARTER_SEQ FROM TPCDS.CATALOG_SALES INNER JOIN TPCDS.DATE_DIM2 ON TPCDS.DATE_DIM2.D_DATE_SK = TPCDS.CATALOG_SALES.CS_SHIP_DATE_SK WHERE TPCDS.CATALOG_SALES.CS_SOLD_TIME_SK <= 75016 AND TPCDS.CATALOG_SALES.CS_CALL_CENTER_SK >= 1"
4010,"SELECT TPCDS.CATALOG_SALES.CS_BILL_ADDR_SK , TPCDS.DATE_DIM2.D_FY_QUARTER_SEQ FROM TPCDS.CATALOG_SALES INNER JOIN TPCDS.DATE_DIM2 ON TPCDS.DATE_DIM2.D_DATE_SK = TPCDS.CATALOG_SALES.CS_SHIP_DATE_SK WHERE TPCDS.CATALOG_SALES.CS_NET_PROFIT <= +03205.85 AND TPCDS.CATALOG_SALES.CS_WHOLESALE_COST <= +00084.97"
4221,"SELECT TPCDS.CATALOG_SALES.CS_BILL_ADDR_SK , TPCDS.DATE_DIM2.D_FY_YEAR FROM TPCDS.CATALOG_SALES INNER JOIN TPCDS.DATE_DIM2 ON TPCDS.DATE_DIM2.D_DATE_SK = TPCDS.CATALOG_SALES.CS_SHIP_DATE_SK WHERE TPCDS.CATALOG_SALES.CS_SOLD_TIME_SK <= 67219 AND TPCDS.DATE_DIM2.D_MOY >= 1"
4243,"SELECT TPCDS.DATE_DIM2.D_FIRST_DOM , TPCDS.CATALOG_SALES.CS_BILL_HDEMO_SK FROM TPCDS.DATE_DIM2 INNER JOIN TPCDS.CATALOG_SALES ON TPCDS.CATALOG_SALES.CS_SHIP_DATE_SK = TPCDS.DATE_DIM2.D_DATE_SK WHERE TPCDS.CATALOG_SALES.CS_EXT_DISCOUNT_AMT >= +00169.20 AND TPCDS.DATE_DIM2.D_MOY <= 12"
4251,"SELECT TPCDS.CATALOG_SALES.CS_NET_PROFIT , TPCDS.DATE_DIM2.D_DATE_SK FROM TPCDS.CATALOG_SALES INNER JOIN TPCDS.DATE_DIM2 ON TPCDS.DATE_DIM2.D_DATE_SK = TPCDS.CATALOG_SALES.CS_SHIP_DATE_SK WHERE TPCDS.CATALOG_SALES.CS_BILL_HDEMO_SK >= 1 AND TPCDS.DATE_DIM2.D_YEAR <= 2029"
4417,"SELECT TPCDS.CATALOG_SALES.CS_BILL_CUSTOMER_SK , TPCDS.DATE_DIM2.D_FY_YEAR FROM TPCDS.CATALOG_SALES INNER JOIN TPCDS.DATE_DIM2 ON TPCDS.DATE_DIM2.D_DATE_SK = TPCDS.CATALOG_SALES.CS_SHIP_DATE_SK WHERE TPCDS.CATALOG_SALES.CS_PROMO_SK <= 240 AND TPCDS.DATE_DIM2.D_SAME_DAY_LQ >= 2415148"
4530,"SELECT TPCDS.CATALOG_SALES.CS_COUPON_AMT , TPCDS.DATE_DIM2.D_SAME_DAY_LQ FROM TPCDS.CATALOG_SALES INNER JOIN TPCDS.DATE_DIM2 ON TPCDS.DATE_DIM2.D_DATE_SK = TPCDS.CATALOG_SALES.CS_SHIP_DATE_SK WHERE TPCDS.CATALOG_SALES.CS_SHIP_ADDR_SK >= 2712 AND TPCDS.CATALOG_SALES.CS_SOLD_DATE_SK >= 2451350"
4590,"SELECT TPCDS.CATALOG_SALES.CS_NET_PAID_INC_SHIP , TPCDS.DATE_DIM2.D_FY_QUARTER_SEQ FROM TPCDS.CATALOG_SALES INNER JOIN TPCDS.DATE_DIM2 ON TPCDS.DATE_DIM2.D_DATE_SK = TPCDS.CATALOG_SALES.CS_SHIP_DATE_SK WHERE TPCDS.CATALOG_SALES.CS_EXT_LIST_PRICE >= +00021.15 AND TPCDS.DATE_DIM2.D_YEAR >= 1932"
4609,"SELECT TPCDS.CATALOG_SALES.CS_ITEM_SK , TPCDS.DATE_DIM2.D_DOM FROM TPCDS.CATALOG_SALES INNER JOIN TPCDS.DATE_DIM2 ON TPCDS.DATE_DIM2.D_DATE_SK = TPCDS.CATALOG_SALES.CS_SHIP_DATE_SK WHERE TPCDS.DATE_DIM2.D_YEAR <= 2029 AND TPCDS.DATE_DIM2.D_DATE_SK <= 2484225"
4620,"SELECT TPCDS.CATALOG_SALES.CS_NET_PAID_INC_SHIP , TPCDS.DATE_DIM2.D_FY_QUARTER_SEQ FROM TPCDS.CATALOG_SALES INNER JOIN TPCDS.DATE_DIM2 ON TPCDS.DATE_DIM2.D_DATE_SK = TPCDS.CATALOG_SALES.CS_SHIP_DATE_SK WHERE TPCDS.CATALOG_SALES.CS_BILL_HDEMO_SK <= 7199 AND TPCDS.CATALOG_SALES.CS_SHIP_MODE_SK <= 18"
4656,"SELECT TPCDS.CATALOG_SALES.CS_SHIP_DATE_SK , TPCDS.DATE_DIM2.D_FY_YEAR FROM TPCDS.CATALOG_SALES INNER JOIN TPCDS.DATE_DIM2 ON TPCDS.DATE_DIM2.D_DATE_SK = TPCDS.CATALOG_SALES.CS_SHIP_DATE_SK WHERE TPCDS.DATE_DIM2.D_MONTH_SEQ >= 895 AND TPCDS.DATE_DIM2.D_FIRST_DOM <= 2473246"
4658,"SELECT TPCDS.CATALOG_SALES.CS_QUANTITY , TPCDS.DATE_DIM2.D_DATE_SK FROM TPCDS.CATALOG_SALES INNER JOIN TPCDS.DATE_DIM2 ON TPCDS.DATE_DIM2.D_DATE_SK = TPCDS.CATALOG_SALES.CS_SHIP_DATE_SK WHERE TPCDS.CATALOG_SALES.CS_SOLD_TIME_SK <= 72532 AND TPCDS.CATALOG_SALES.CS_NET_PAID_INC_SHIP <= +08433.36"
4716,"SELECT TPCDS.CATALOG_SALES.CS_NET_PAID_INC_SHIP , TPCDS.DATE_DIM2.D_YEAR FROM TPCDS.CATALOG_SALES INNER JOIN TPCDS.DATE_DIM2 ON TPCDS.DATE_DIM2.D_DATE_SK = TPCDS.CATALOG_SALES.CS_SHIP_DATE_SK WHERE TPCDS.CATALOG_SALES.CS_NET_PAID_INC_SHIP <= +11332.72 AND TPCDS.CATALOG_SALES.CS_WAREHOUSE_SK >= 2"
4812,"SELECT TPCDS.DATE_DIM2.D_FY_QUARTER_SEQ , TPCDS.CATALOG_SALES.CS_ORDER_NUMBER FROM TPCDS.DATE_DIM2 INNER JOIN TPCDS.CATALOG_SALES ON TPCDS.CATALOG_SALES.CS_SHIP_DATE_SK = TPCDS.DATE_DIM2.D_DATE_SK WHERE TPCDS.DATE_DIM2.D_FY_WEEK_SEQ >= 1723 AND TPCDS.CATALOG_SALES.CS_SHIP_ADDR_SK >= 5532"
4853,"SELECT TPCDS.CATALOG_SALES.CS_SHIP_ADDR_SK , TPCDS.DATE_DIM2.D_FY_WEEK_SEQ FROM TPCDS.CATALOG_SALES INNER JOIN TPCDS.DATE_DIM2 ON TPCDS.DATE_DIM2.D_DATE_SK = TPCDS.CATALOG_SALES.CS_SHIP_DATE_SK WHERE TPCDS.DATE_DIM2.D_MONTH_SEQ >= 395 AND TPCDS.DATE_DIM2.D_DATE_SK >= 2426555"
4877,"SELECT TPCDS.CATALOG_SALES.CS_COUPON_AMT , TPCDS.DATE_DIM2.D_FY_YEAR FROM TPCDS.CATALOG_SALES INNER JOIN TPCDS.DATE_DIM2 ON TPCDS.DATE_DIM2.D_DATE_SK = TPCDS.CATALOG_SALES.CS_SHIP_DATE_SK WHERE TPCDS.DATE_DIM2.D_FY_QUARTER_SEQ >= 173 AND TPCDS.CATALOG_SALES.CS_CALL_CENTER_SK <= 5"
4949,"SELECT TPCDS.CATALOG_SALES.CS_SALES_PRICE , TPCDS.DATE_DIM2.D_DATE_SK FROM TPCDS.CATALOG_SALES INNER JOIN TPCDS.DATE_DIM2 ON TPCDS.DATE_DIM2.D_DATE_SK = TPCDS.CATALOG_SALES.CS_SHIP_DATE_SK WHERE TPCDS.CATALOG_SALES.CS_EXT_DISCOUNT_AMT >= +00273.00 AND TPCDS.DATE_DIM2.D_FY_WEEK_SEQ >= 2023"
4953,"SELECT TPCDS.CATALOG_SALES.CS_NET_PAID_INC_TAX , TPCDS.DATE_DIM2.D_YEAR FROM TPCDS.CATALOG_SALES INNER JOIN TPCDS.DATE_DIM2 ON TPCDS.DATE_DIM2.D_DATE_SK = TPCDS.CATALOG_SALES.CS_SHIP_DATE_SK WHERE TPCDS.DATE_DIM2.D_QUARTER_SEQ >= 93 AND TPCDS.DATE_DIM2.D_SAME_DAY_LY <= 2461651"
4968,"SELECT TPCDS.CATALOG_SALES.CS_EXT_WHOLESALE_COST , TPCDS.DATE_DIM2.D_QOY FROM TPCDS.CATALOG_SALES INNER JOIN TPCDS.DATE_DIM2 ON TPCDS.DATE_DIM2.D_DATE_SK = TPCDS.CATALOG_SALES.CS_SHIP_DATE_SK WHERE TPCDS.DATE_DIM2.D_WEEK_SEQ >= 1721 AND TPCDS.DATE_DIM2.D_FY_QUARTER_SEQ <= 481"
5011,"SELECT TPCDS.CATALOG_SALES.CS_SHIP_ADDR_SK , TPCDS.DATE_DIM2.D_MONTH_SEQ FROM TPCDS.CATALOG_SALES INNER JOIN TPCDS.DATE_DIM2 ON TPCDS.DATE_DIM2.D_DATE_SK = TPCDS.CATALOG_SALES.CS_SHIP_DATE_SK WHERE TPCDS.CATALOG_SALES.CS_SHIP_HDEMO_SK <= 5695 AND TPCDS.DATE_DIM2.D_SAME_DAY_LQ >= 2414986"
5098,"SELECT TPCDS.CATALOG_SALES.CS_EXT_DISCOUNT_AMT , TPCDS.DATE_DIM2.D_QOY FROM TPCDS.CATALOG_SALES INNER JOIN TPCDS.DATE_DIM2 ON TPCDS.DATE_DIM2.D_DATE_SK = TPCDS.CATALOG_SALES.CS_SHIP_DATE_SK WHERE TPCDS.CATALOG_SALES.CS_NET_PAID >= +00033.64 AND TPCDS.CATALOG_SALES.CS_SOLD_DATE_SK <= 2452256"
5107,"SELECT TPCDS.CATALOG_SALES.CS_ITEM_SK , TPCDS.DATE_DIM2.D_FIRST_DOM FROM TPCDS.CATALOG_SALES INNER JOIN TPCDS.DATE_DIM2 ON TPCDS.DATE_DIM2.D_DATE_SK = TPCDS.CATALOG_SALES.CS_SHIP_DATE_SK WHERE TPCDS.DATE_DIM2.D_WEEK_SEQ <= 8320 AND TPCDS.DATE_DIM2.D_FY_WEEK_SEQ <= 6771"
5149,"SELECT TPCDS.CATALOG_SALES.CS_EXT_TAX , TPCDS.DATE_DIM2.D_DATE_SK FROM TPCDS.CATALOG_SALES INNER JOIN TPCDS.DATE_DIM2 ON TPCDS.DATE_DIM2.D_DATE_SK = TPCDS.CATALOG_SALES.CS_SHIP_DATE_SK WHERE TPCDS.DATE_DIM2.D_FY_YEAR >= 1912 AND TPCDS.CATALOG_SALES.CS_LIST_PRICE >= +00029.35"
5191,"SELECT TPCDS.CATALOG_SALES.CS_SHIP_MODE_SK , TPCDS.DATE_DIM2.D_SAME_DAY_LY FROM TPCDS.CATALOG_SALES INNER JOIN TPCDS.DATE_DIM2 ON TPCDS.DATE_DIM2.D_DATE_SK = TPCDS.CATALOG_SALES.CS_SHIP_DATE_SK WHERE TPCDS.DATE_DIM2.D_WEEK_SEQ >= 2240 AND TPCDS.CATALOG_SALES.CS_PROMO_SK <= 240"
5202,"SELECT TPCDS.CATALOG_SALES.CS_ORDER_NUMBER , TPCDS.DATE_DIM2.D_MOY FROM TPCDS.CATALOG_SALES INNER JOIN TPCDS.DATE_DIM2 ON TPCDS.DATE_DIM2.D_DATE_SK = TPCDS.CATALOG_SALES.CS_SHIP_DATE_SK WHERE TPCDS.DATE_DIM2.D_FY_QUARTER_SEQ >= 295 AND TPCDS.CATALOG_SALES.CS_BILL_CDEMO_SK <= 1824566"
5222,"SELECT TPCDS.CATALOG_SALES.CS_WHOLESALE_COST , TPCDS.DATE_DIM2.D_FY_WEEK_SEQ FROM TPCDS.CATALOG_SALES INNER JOIN TPCDS.DATE_DIM2 ON TPCDS.DATE_DIM2.D_DATE_SK = TPCDS.CATALOG_SALES.CS_SHIP_DATE_SK WHERE TPCDS.DATE_DIM2.D_WEEK_SEQ <= 5619 AND TPCDS.DATE_DIM2.D_DOW <= 6"
5229,"SELECT TPCDS.CATALOG_SALES.CS_SOLD_TIME_SK , TPCDS.DATE_DIM2.D_QUARTER_SEQ FROM TPCDS.CATALOG_SALES INNER JOIN TPCDS.DATE_DIM2 ON TPCDS.DATE_DIM2.D_DATE_SK = TPCDS.CATALOG_SALES.CS_SHIP_DATE_SK WHERE TPCDS.DATE_DIM2.D_LAST_DOM <= 2465667 AND TPCDS.CATALOG_SALES.CS_EXT_WHOLESALE_COST >= +00730.40"
5345,"SELECT TPCDS.CATALOG_SALES.CS_NET_PAID_INC_SHIP_TAX , TPCDS.DATE_DIM2.D_QUARTER_SEQ FROM TPCDS.CATALOG_SALES INNER JOIN TPCDS.DATE_DIM2 ON TPCDS.DATE_DIM2.D_DATE_SK = TPCDS.CATALOG_SALES.CS_SHIP_DATE_SK WHERE TPCDS.DATE_DIM2.D_FY_WEEK_SEQ >= 635 AND TPCDS.DATE_DIM2.D_MONTH_SEQ <= 2399"
5464,"SELECT TPCDS.CATALOG_SALES.CS_NET_PROFIT , TPCDS.DATE_DIM2.D_MONTH_SEQ FROM TPCDS.CATALOG_SALES INNER JOIN TPCDS.DATE_DIM2 ON TPCDS.DATE_DIM2.D_DATE_SK = TPCDS.CATALOG_SALES.CS_SHIP_DATE_SK WHERE TPCDS.CATALOG_SALES.CS_EXT_SALES_PRICE <= +05123.06 AND TPCDS.DATE_DIM2.D_YEAR >= 1900"
5514,"SELECT TPCDS.CATALOG_SALES.CS_NET_PAID_INC_TAX , TPCDS.DATE_DIM2.D_QUARTER_SEQ FROM TPCDS.CATALOG_SALES INNER JOIN TPCDS.DATE_DIM2 ON TPCDS.DATE_DIM2.D_DATE_SK = TPCDS.CATALOG_SALES.CS_SHIP_DATE_SK WHERE TPCDS.CATALOG_SALES.CS_LIST_PRICE >= +00006.27 AND TPCDS.CATALOG_SALES.CS_NET_PAID_INC_SHIP_TAX >= +00313.95"
5564,"SELECT TPCDS.CATALOG_SALES.CS_SHIP_CDEMO_SK , TPCDS.DATE_DIM2.D_YEAR FROM TPCDS.CATALOG_SALES INNER JOIN TPCDS.DATE_DIM2 ON TPCDS.DATE_DIM2.D_DATE_SK = TPCDS.CATALOG_SALES.CS_SHIP_DATE_SK WHERE TPCDS.CATALOG_SALES.CS_COUPON_AMT <= +00001.08 AND TPCDS.CATALOG_SALES.CS_SOLD_TIME_SK <= 72532"
5792,"SELECT TPCDS.CATALOG_SALES.CS_NET_PAID_INC_SHIP , TPCDS.DATE_DIM2.D_MONTH_SEQ FROM TPCDS.CATALOG_SALES INNER JOIN TPCDS.DATE_DIM2 ON TPCDS.DATE_DIM2.D_DATE_SK = TPCDS.CATALOG_SALES.CS_SHIP_DATE_SK WHERE TPCDS.CATALOG_SALES.CS_NET_PAID_INC_SHIP <= +30341.25 AND TPCDS.CATALOG_SALES.CS_NET_PROFIT <= +12131.28"
5831,"SELECT TPCDS.CATALOG_SALES.CS_EXT_DISCOUNT_AMT , TPCDS.DATE_DIM2.D_LAST_DOM FROM TPCDS.CATALOG_SALES INNER JOIN TPCDS.DATE_DIM2 ON TPCDS.DATE_DIM2.D_DATE_SK = TPCDS.CATALOG_SALES.CS_SHIP_DATE_SK WHERE TPCDS.CATALOG_SALES.CS_ORDER_NUMBER >= 26076 AND TPCDS.CATALOG_SALES.CS_NET_PAID_INC_SHIP >= +00017.34"
5851,"SELECT TPCDS.CATALOG_SALES.CS_BILL_HDEMO_SK , TPCDS.DATE_DIM2.D_WEEK_SEQ FROM TPCDS.CATALOG_SALES INNER JOIN TPCDS.DATE_DIM2 ON TPCDS.DATE_DIM2.D_DATE_SK = TPCDS.CATALOG_SALES.CS_SHIP_DATE_SK WHERE TPCDS.CATALOG_SALES.CS_EXT_TAX >= +00094.96 AND TPCDS.CATALOG_SALES.CS_SHIP_DATE_SK >= 2451215"
5852,"SELECT TPCDS.CUSTOMER.C_BIRTH_MONTH , TPCDS.DATE_DIM2.D_MOY FROM TPCDS.CUSTOMER INNER JOIN TPCDS.DATE_DIM2 ON TPCDS.DATE_DIM2.D_DATE_SK = TPCDS.CUSTOMER.C_FIRST_SHIPTO_DATE_SK WHERE TPCDS.DATE_DIM2.D_DATE_SK >= 2415022 AND TPCDS.DATE_DIM2.D_QOY <= 1"
5853,"SELECT TPCDS.CUSTOMER.C_CUSTOMER_SK , TPCDS.DATE_DIM2.D_DOW FROM TPCDS.CUSTOMER INNER JOIN TPCDS.DATE_DIM2 ON TPCDS.DATE_DIM2.D_DATE_SK = TPCDS.CUSTOMER.C_FIRST_SHIPTO_DATE_SK WHERE TPCDS.CUSTOMER.C_FIRST_SHIPTO_DATE_SK = 2452678 AND TPCDS.DATE_DIM2.D_QOY <= 3"
5854,"SELECT TPCDS.CATALOG_SALES.CS_EXT_WHOLESALE_COST , TPCDS.DATE_DIM2.D_FIRST_DOM FROM TPCDS.CATALOG_SALES INNER JOIN TPCDS.DATE_DIM2 ON TPCDS.DATE_DIM2.D_DATE_SK = TPCDS.CATALOG_SALES.CS_SHIP_DATE_SK WHERE TPCDS.CATALOG_SALES.CS_WAREHOUSE_SK = 5 AND TPCDS.DATE_DIM2.D_DOM = 8"
5855,"SELECT TPCDS.WEB_SALES.WS_PROMO_SK , TPCDS.DATE_DIM2.D_FY_WEEK_SEQ FROM TPCDS.WEB_SALES INNER JOIN TPCDS.DATE_DIM2 ON TPCDS.DATE_DIM2.D_DATE_SK = TPCDS.WEB_SALES.WS_SHIP_DATE_SK WHERE TPCDS.WEB_SALES.WS_EXT_DISCOUNT_AMT >= +00057.33 AND TPCDS.WEB_SALES.WS_NET_PROFIT <= +00008.10"
5856,"SELECT TPCDS.DATE_DIM2.D_QUARTER_SEQ , TPCDS.WEB_SITE.WEB_TAX_PERCENTAGE FROM TPCDS.DATE_DIM2 INNER JOIN TPCDS.WEB_SITE ON TPCDS.WEB_SITE.WEB_CLOSE_DATE_SK = TPCDS.DATE_DIM2.D_DATE_SK WHERE TPCDS.DATE_DIM2.D_QOY = 3 AND TPCDS.WEB_SITE.WEB_COMPANY_ID = 4"
5857,"SELECT TPCDS.WEB_SITE.WEB_TAX_PERCENTAGE , TPCDS.DATE_DIM2.D_QUARTER_SEQ FROM TPCDS.WEB_SITE INNER JOIN TPCDS.DATE_DIM2 ON TPCDS.DATE_DIM2.D_DATE_SK = TPCDS.WEB_SITE.WEB_CLOSE_DATE_SK WHERE TPCDS.DATE_DIM2.D_SAME_DAY_LQ >= 2434465 AND TPCDS.DATE_DIM2.D_LAST_DOM <= 2459030"
5858,"SELECT TPCDS.CUSTOMER.C_CURRENT_CDEMO_SK , TPCDS.DATE_DIM2.D_DATE_SK FROM TPCDS.CUSTOMER INNER JOIN TPCDS.DATE_DIM2 ON TPCDS.DATE_DIM2.D_DATE_SK = TPCDS.CUSTOMER.C_FIRST_SHIPTO_DATE_SK WHERE TPCDS.CUSTOMER.C_CURRENT_ADDR_SK = 4350 AND TPCDS.DATE_DIM2.D_FY_QUARTER_SEQ >= 343"
5859,"SELECT TPCDS.CUSTOMER.C_CURRENT_ADDR_SK , TPCDS.DATE_DIM2.D_LAST_DOM FROM TPCDS.CUSTOMER INNER JOIN TPCDS.DATE_DIM2 ON TPCDS.DATE_DIM2.D_DATE_SK = TPCDS.CUSTOMER.C_FIRST_SHIPTO_DATE_SK WHERE TPCDS.DATE_DIM2.D_DOW = 3 AND TPCDS.CUSTOMER.C_CURRENT_ADDR_SK >= 18413"
5860,"SELECT TPCDS.WEB_PAGE.WP_ACCESS_DATE_SK , TPCDS.DATE_DIM2.D_QUARTER_SEQ FROM TPCDS.WEB_PAGE INNER JOIN TPCDS.DATE_DIM2 ON TPCDS.DATE_DIM2.D_DATE_SK = TPCDS.WEB_PAGE.WP_ACCESS_DATE_SK WHERE TPCDS.DATE_DIM2.D_DOM >= 5 AND TPCDS.WEB_PAGE.WP_CUSTOMER_SK = 98376"
5861,"SELECT TPCDS.WEB_SITE.WEB_OPEN_DATE_SK , TPCDS.DATE_DIM2.D_LAST_DOM FROM TPCDS.WEB_SITE INNER JOIN TPCDS.DATE_DIM2 ON TPCDS.DATE_DIM2.D_DATE_SK = TPCDS.WEB_SITE.WEB_CLOSE_DATE_SK WHERE TPCDS.WEB_SITE.WEB_MKT_ID >= 2 AND TPCDS.WEB_SITE.WEB_CLOSE_DATE_SK <= 2446978"
5862,"SELECT TPCDS.PROMOTION.P_ITEM_SK , TPCDS.DATE_DIM2.D_MONTH_SEQ FROM TPCDS.PROMOTION INNER JOIN TPCDS.DATE_DIM2 ON TPCDS.DATE_DIM2.D_DATE_SK = TPCDS.PROMOTION.P_END_DATE_SK WHERE TPCDS.DATE_DIM2.D_MONTH_SEQ >= 0 AND TPCDS.PROMOTION.P_RESPONSE_TARGET >= 1"
5863,"SELECT TPCDS.PROMOTION.P_END_DATE_SK , TPCDS.DATE_DIM2.D_SAME_DAY_LY FROM TPCDS.PROMOTION INNER JOIN TPCDS.DATE_DIM2 ON TPCDS.DATE_DIM2.D_DATE_SK = TPCDS.PROMOTION.P_END_DATE_SK WHERE TPCDS.DATE_DIM2.D_MONTH_SEQ <= 2287 AND TPCDS.DATE_DIM2.D_DOM <= 19"
5864,"SELECT TPCDS.CUSTOMER.C_CUSTOMER_SK , TPCDS.DATE_DIM2.D_MONTH_SEQ FROM TPCDS.CUSTOMER INNER JOIN TPCDS.DATE_DIM2 ON TPCDS.DATE_DIM2.D_DATE_SK = TPCDS.CUSTOMER.C_FIRST_SHIPTO_DATE_SK WHERE TPCDS.CUSTOMER.C_CUSTOMER_SK >= 57959 AND TPCDS.CUSTOMER.C_CURRENT_HDEMO_SK = 3439"
5865,"SELECT TPCDS.WEB_PAGE.WP_MAX_AD_COUNT , TPCDS.DATE_DIM2.D_FY_WEEK_SEQ FROM TPCDS.WEB_PAGE INNER JOIN TPCDS.DATE_DIM2 ON TPCDS.DATE_DIM2.D_DATE_SK = TPCDS.WEB_PAGE.WP_ACCESS_DATE_SK WHERE TPCDS.DATE_DIM2.D_QOY = 4 AND TPCDS.WEB_PAGE.WP_WEB_PAGE_SK = 16"
5866,"SELECT TPCDS.PROMOTION.P_ITEM_SK , TPCDS.DATE_DIM2.D_SAME_DAY_LY FROM TPCDS.PROMOTION INNER JOIN TPCDS.DATE_DIM2 ON TPCDS.DATE_DIM2.D_DATE_SK = TPCDS.PROMOTION.P_END_DATE_SK WHERE TPCDS.PROMOTION.P_ITEM_SK >= 5660 AND TPCDS.DATE_DIM2.D_DOM = 21"
5867,"SELECT TPCDS.WEB_SALES.WS_SHIP_HDEMO_SK , TPCDS.DATE_DIM2.D_MONTH_SEQ FROM TPCDS.WEB_SALES INNER JOIN TPCDS.DATE_DIM2 ON TPCDS.DATE_DIM2.D_DATE_SK = TPCDS.WEB_SALES.WS_SHIP_DATE_SK WHERE TPCDS.WEB_SALES.WS_EXT_LIST_PRICE >= +06345.00 AND TPCDS.WEB_SALES.WS_EXT_DISCOUNT_AMT >= +00625.60"
5868,"SELECT TPCDS.PROMOTION.P_END_DATE_SK , TPCDS.DATE_DIM2.D_FY_WEEK_SEQ FROM TPCDS.PROMOTION INNER JOIN TPCDS.DATE_DIM2 ON TPCDS.DATE_DIM2.D_DATE_SK = TPCDS.PROMOTION.P_END_DATE_SK WHERE TPCDS.DATE_DIM2.D_FY_WEEK_SEQ <= 5025 AND TPCDS.PROMOTION.P_RESPONSE_TARGET = 1"
5869,"SELECT TPCDS.CATALOG_SALES.CS_SHIP_ADDR_SK , TPCDS.DATE_DIM2.D_FY_YEAR FROM TPCDS.CATALOG_SALES INNER JOIN TPCDS.DATE_DIM2 ON TPCDS.DATE_DIM2.D_DATE_SK = TPCDS.CATALOG_SALES.CS_SHIP_DATE_SK WHERE TPCDS.CATALOG_SALES.CS_SHIP_MODE_SK = 5 AND TPCDS.CATALOG_SALES.CS_PROMO_SK >= 248"
5870,"SELECT TPCDS.CATALOG_SALES.CS_SHIP_DATE_SK , TPCDS.DATE_DIM2.D_SAME_DAY_LY FROM TPCDS.CATALOG_SALES INNER JOIN TPCDS.DATE_DIM2 ON TPCDS.DATE_DIM2.D_DATE_SK = TPCDS.CATALOG_SALES.CS_SHIP_DATE_SK WHERE TPCDS.CATALOG_SALES.CS_QUANTITY >= 85 AND TPCDS.CATALOG_SALES.CS_COUPON_AMT <= +00000.00"
5871,"SELECT TPCDS.WEB_SALES.WS_NET_PROFIT , TPCDS.DATE_DIM2.D_FY_WEEK_SEQ FROM TPCDS.WEB_SALES INNER JOIN TPCDS.DATE_DIM2 ON TPCDS.DATE_DIM2.D_DATE_SK = TPCDS.WEB_SALES.WS_SHIP_DATE_SK WHERE TPCDS.DATE_DIM2.D_QUARTER_SEQ <= 520 AND TPCDS.WEB_SALES.WS_LIST_PRICE >= +00223.01"
5872,"SELECT TPCDS.DATE_DIM2.D_WEEK_SEQ , TPCDS.CATALOG_SALES.CS_LIST_PRICE FROM TPCDS.DATE_DIM2 INNER JOIN TPCDS.CATALOG_SALES ON TPCDS.CATALOG_SALES.CS_SHIP_DATE_SK = TPCDS.DATE_DIM2.D_DATE_SK WHERE TPCDS.CATALOG_SALES.CS_ITEM_SK >= 15289 AND TPCDS.CATALOG_SALES.CS_EXT_TAX >= +01509.88"
5873,"SELECT TPCDS.DATE_DIM2.D_SAME_DAY_LQ , TPCDS.WEB_PAGE.WP_CREATION_DATE_SK FROM TPCDS.DATE_DIM2 INNER JOIN TPCDS.WEB_PAGE ON TPCDS.WEB_PAGE.WP_ACCESS_DATE_SK = TPCDS.DATE_DIM2.D_DATE_SK WHERE TPCDS.DATE_DIM2.D_MONTH_SEQ >= 882 AND TPCDS.WEB_PAGE.WP_CUSTOMER_SK <= 10897"
5874,"SELECT TPCDS.WEB_SITE.WEB_OPEN_DATE_SK , TPCDS.DATE_DIM2.D_FIRST_DOM FROM TPCDS.WEB_SITE INNER JOIN TPCDS.DATE_DIM2 ON TPCDS.DATE_DIM2.D_DATE_SK = TPCDS.WEB_SITE.WEB_CLOSE_DATE_SK WHERE TPCDS.DATE_DIM2.D_QUARTER_SEQ <= 648 AND TPCDS.WEB_SITE.WEB_TAX_PERCENTAGE >= +000.00"
5875,"SELECT TPCDS.WEB_SITE.WEB_TAX_PERCENTAGE , TPCDS.DATE_DIM2.D_DATE_SK FROM TPCDS.WEB_SITE INNER JOIN TPCDS.DATE_DIM2 ON TPCDS.DATE_DIM2.D_DATE_SK = TPCDS.WEB_SITE.WEB_CLOSE_DATE_SK WHERE TPCDS.WEB_SITE.WEB_CLOSE_DATE_SK = 2448752 AND TPCDS.WEB_SITE.WEB_GMT_OFFSET = -005.00"
5876,"SELECT TPCDS.CUSTOMER.C_BIRTH_YEAR , TPCDS.DATE_DIM2.D_DOW FROM TPCDS.CUSTOMER INNER JOIN TPCDS.DATE_DIM2 ON TPCDS.DATE_DIM2.D_DATE_SK = TPCDS.CUSTOMER.C_FIRST_SHIPTO_DATE_SK WHERE TPCDS.DATE_DIM2.D_FIRST_DOM >= 2415021 AND TPCDS.DATE_DIM2.D_DOW = 4"
5877,"SELECT TPCDS.CUSTOMER.C_FIRST_SHIPTO_DATE_SK , TPCDS.DATE_DIM2.D_FY_QUARTER_SEQ FROM TPCDS.CUSTOMER INNER JOIN TPCDS.DATE_DIM2 ON TPCDS.DATE_DIM2.D_DATE_SK = TPCDS.CUSTOMER.C_FIRST_SHIPTO_DATE_SK WHERE TPCDS.DATE_DIM2.D_FY_WEEK_SEQ >= 2791 AND TPCDS.CUSTOMER.C_FIRST_SHIPTO_DATE_SK = 2451815"
5878,"SELECT TPCDS.CATALOG_PAGE.CP_CATALOG_PAGE_SK , TPCDS.DATE_DIM2.D_MONTH_SEQ FROM TPCDS.CATALOG_PAGE INNER JOIN TPCDS.DATE_DIM2 ON TPCDS.DATE_DIM2.D_DATE_SK = TPCDS.CATALOG_PAGE.CP_END_DATE_SK WHERE TPCDS.DATE_DIM2.D_DOM = 25 AND TPCDS.DATE_DIM2.D_FY_QUARTER_SEQ >= 133"
5879,"SELECT TPCDS.WEB_SITE.WEB_OPEN_DATE_SK , TPCDS.DATE_DIM2.D_FY_YEAR FROM TPCDS.WEB_SITE INNER JOIN TPCDS.DATE_DIM2 ON TPCDS.DATE_DIM2.D_DATE_SK = TPCDS.WEB_SITE.WEB_CLOSE_DATE_SK WHERE TPCDS.WEB_SITE.WEB_OPEN_DATE_SK >= 2450654 AND TPCDS.WEB_SITE.WEB_CLOSE_DATE_SK <= 2447080"
5880,"SELECT TPCDS.WEB_PAGE.WP_IMAGE_COUNT , TPCDS.DATE_DIM2.D_QUARTER_SEQ FROM TPCDS.WEB_PAGE INNER JOIN TPCDS.DATE_DIM2 ON TPCDS.DATE_DIM2.D_DATE_SK = TPCDS.WEB_PAGE.WP_ACCESS_DATE_SK WHERE TPCDS.DATE_DIM2.D_SAME_DAY_LY >= 2414657 AND TPCDS.DATE_DIM2.D_MOY <= 8"
5881,"SELECT TPCDS.DATE_DIM2.D_QOY , TPCDS.CATALOG_SALES.CS_BILL_CUSTOMER_SK FROM TPCDS.DATE_DIM2 INNER JOIN TPCDS.CATALOG_SALES ON TPCDS.CATALOG_SALES.CS_SHIP_DATE_SK = TPCDS.DATE_DIM2.D_DATE_SK WHERE TPCDS.CATALOG_SALES.CS_QUANTITY = 95 AND TPCDS.CATALOG_SALES.CS_SHIP_CUSTOMER_SK <= 2193"
5882,"SELECT TPCDS.CATALOG_SALES.CS_SHIP_CUSTOMER_SK , TPCDS.DATE_DIM2.D_QUARTER_SEQ FROM TPCDS.CATALOG_SALES INNER JOIN TPCDS.DATE_DIM2 ON TPCDS.DATE_DIM2.D_DATE_SK = TPCDS.CATALOG_SALES.CS_SHIP_DATE_SK WHERE TPCDS.CATALOG_SALES.CS_SHIP_MODE_SK <= 18 AND TPCDS.CATALOG_SALES.CS_COUPON_AMT >= +00004.62"
5883,"SELECT TPCDS.CATALOG_SALES.CS_EXT_WHOLESALE_COST , TPCDS.DATE_DIM2.D_DATE_SK FROM TPCDS.CATALOG_SALES INNER JOIN TPCDS.DATE_DIM2 ON TPCDS.DATE_DIM2.D_DATE_SK = TPCDS.CATALOG_SALES.CS_SHIP_DATE_SK WHERE TPCDS.DATE_DIM2.D_MOY = 7 AND TPCDS.CATALOG_SALES.CS_CALL_CENTER_SK <= 2"
5884,"SELECT TPCDS.WEB_SALES.WS_NET_PAID_INC_TAX , TPCDS.DATE_DIM2.D_SAME_DAY_LQ FROM TPCDS.WEB_SALES INNER JOIN TPCDS.DATE_DIM2 ON TPCDS.DATE_DIM2.D_DATE_SK = TPCDS.WEB_SALES.WS_SHIP_DATE_SK WHERE TPCDS.WEB_SALES.WS_LIST_PRICE <= +00069.46 AND TPCDS.WEB_SALES.WS_BILL_CUSTOMER_SK = 16676"
5885,"SELECT TPCDS.STORE.S_GMT_OFFSET , TPCDS.DATE_DIM2.D_QUARTER_SEQ FROM TPCDS.STORE INNER JOIN TPCDS.DATE_DIM2 ON TPCDS.DATE_DIM2.D_DATE_SK = TPCDS.STORE.S_CLOSED_DATE_SK WHERE TPCDS.DATE_DIM2.D_FY_YEAR >= 1933 AND TPCDS.STORE.S_CLOSED_DATE_SK = 2450910"
5886,"SELECT TPCDS.CUSTOMER.C_CURRENT_HDEMO_SK , TPCDS.DATE_DIM2.D_FY_WEEK_SEQ FROM TPCDS.CUSTOMER INNER JOIN TPCDS.DATE_DIM2 ON TPCDS.DATE_DIM2.D_DATE_SK = TPCDS.CUSTOMER.C_FIRST_SHIPTO_DATE_SK WHERE TPCDS.DATE_DIM2.D_DOW >= 0 AND TPCDS.DATE_DIM2.D_QOY = 4"
5887,"SELECT TPCDS.DATE_DIM2.D_DATE_SK , TPCDS.CUSTOMER.C_BIRTH_MONTH FROM TPCDS.DATE_DIM2 INNER JOIN TPCDS.CUSTOMER ON TPCDS.CUSTOMER.C_FIRST_SHIPTO_DATE_SK = TPCDS.DATE_DIM2.D_DATE_SK WHERE TPCDS.CUSTOMER.C_CURRENT_ADDR_SK >= 5923 AND TPCDS.DATE_DIM2.D_DOW = 5"
5888,"SELECT TPCDS.WEB_SALES.WS_EXT_TAX , TPCDS.DATE_DIM2.D_QOY FROM TPCDS.WEB_SALES INNER JOIN TPCDS.DATE_DIM2 ON TPCDS.DATE_DIM2.D_DATE_SK = TPCDS.WEB_SALES.WS_SHIP_DATE_SK WHERE TPCDS.DATE_DIM2.D_SAME_DAY_LY >= 2414874 AND TPCDS.DATE_DIM2.D_DOM = 24"
5889,"SELECT TPCDS.WEB_SITE.WEB_CLOSE_DATE_SK , TPCDS.DATE_DIM2.D_FY_WEEK_SEQ FROM TPCDS.WEB_SITE INNER JOIN TPCDS.DATE_DIM2 ON TPCDS.DATE_DIM2.D_DATE_SK = TPCDS.WEB_SITE.WEB_CLOSE_DATE_SK WHERE TPCDS.WEB_SITE.WEB_OPEN_DATE_SK <= 2450654 AND TPCDS.WEB_SITE.WEB_CLOSE_DATE_SK = 2446978"
5890,"SELECT TPCDS.STORE.S_CLOSED_DATE_SK , TPCDS.DATE_DIM2.D_FY_WEEK_SEQ FROM TPCDS.STORE INNER JOIN TPCDS.DATE_DIM2 ON TPCDS.DATE_DIM2.D_DATE_SK = TPCDS.STORE.S_CLOSED_DATE_SK WHERE TPCDS.STORE.S_COMPANY_ID = 1 AND TPCDS.STORE.S_CLOSED_DATE_SK <= 2451189"
5891,"SELECT TPCDS.WEB_SITE.WEB_SITE_SK , TPCDS.DATE_DIM2.D_DATE_SK FROM TPCDS.WEB_SITE INNER JOIN TPCDS.DATE_DIM2 ON TPCDS.DATE_DIM2.D_DATE_SK = TPCDS.WEB_SITE.WEB_CLOSE_DATE_SK WHERE TPCDS.WEB_SITE.WEB_SITE_SK = 21 AND TPCDS.DATE_DIM2.D_DOM <= 25"
5892,"SELECT TPCDS.CATALOG_PAGE.CP_START_DATE_SK , TPCDS.DATE_DIM2.D_WEEK_SEQ FROM TPCDS.CATALOG_PAGE INNER JOIN TPCDS.DATE_DIM2 ON TPCDS.DATE_DIM2.D_DATE_SK = TPCDS.CATALOG_PAGE.CP_END_DATE_SK WHERE TPCDS.DATE_DIM2.D_WEEK_SEQ >= 1738 AND TPCDS.CATALOG_PAGE.CP_CATALOG_PAGE_SK = 3730"
5893,"SELECT TPCDS.CATALOG_SALES.CS_WAREHOUSE_SK , TPCDS.DATE_DIM2.D_DOW FROM TPCDS.CATALOG_SALES INNER JOIN TPCDS.DATE_DIM2 ON TPCDS.DATE_DIM2.D_DATE_SK = TPCDS.CATALOG_SALES.CS_SHIP_DATE_SK WHERE TPCDS.DATE_DIM2.D_YEAR >= 1912 AND TPCDS.DATE_DIM2.D_MOY = 2"
5894,"SELECT TPCDS.DATE_DIM2.D_QOY , TPCDS.STORE.S_DIVISION_ID FROM TPCDS.DATE_DIM2 INNER JOIN TPCDS.STORE ON TPCDS.STORE.S_CLOSED_DATE_SK = TPCDS.DATE_DIM2.D_DATE_SK WHERE TPCDS.STORE.S_FLOOR_SPACE >= 6995995 AND TPCDS.STORE.S_GMT_OFFSET = -005.00"
5895,"SELECT TPCDS.WEB_SALES.WS_WEB_SITE_SK , TPCDS.DATE_DIM2.D_FIRST_DOM FROM TPCDS.WEB_SALES INNER JOIN TPCDS.DATE_DIM2 ON TPCDS.DATE_DIM2.D_DATE_SK = TPCDS.WEB_SALES.WS_SHIP_DATE_SK WHERE TPCDS.WEB_SALES.WS_WEB_PAGE_SK <= 26 AND TPCDS.WEB_SALES.WS_ITEM_SK <= 6627"
5896,"SELECT TPCDS.STORE.S_FLOOR_SPACE , TPCDS.DATE_DIM2.D_MONTH_SEQ FROM TPCDS.STORE INNER JOIN TPCDS.DATE_DIM2 ON TPCDS.DATE_DIM2.D_DATE_SK = TPCDS.STORE.S_CLOSED_DATE_SK WHERE TPCDS.STORE.S_DIVISION_ID <= 1 AND TPCDS.STORE.S_STORE_SK <= 5"
5897,"SELECT TPCDS.CATALOG_SALES.CS_BILL_ADDR_SK , TPCDS.DATE_DIM2.D_FIRST_DOM FROM TPCDS.CATALOG_SALES INNER JOIN TPCDS.DATE_DIM2 ON TPCDS.DATE_DIM2.D_DATE_SK = TPCDS.CATALOG_SALES.CS_SHIP_DATE_SK WHERE TPCDS.CATALOG_SALES.CS_SALES_PRICE >= +00014.07 AND TPCDS.CATALOG_SALES.CS_NET_PAID_INC_SHIP_TAX = +00759.12"
5898,"SELECT TPCDS.CATALOG_SALES.CS_SOLD_TIME_SK , TPCDS.DATE_DIM2.D_FIRST_DOM FROM TPCDS.CATALOG_SALES INNER JOIN TPCDS.DATE_DIM2 ON TPCDS.DATE_DIM2.D_DATE_SK = TPCDS.CATALOG_SALES.CS_SHIP_DATE_SK WHERE TPCDS.CATALOG_SALES.CS_ORDER_NUMBER >= 48016 AND TPCDS.CATALOG_SALES.CS_SHIP_MODE_SK <= 8"
5899,"SELECT TPCDS.WEB_SALES.WS_ORDER_NUMBER , TPCDS.DATE_DIM2.D_WEEK_SEQ FROM TPCDS.WEB_SALES INNER JOIN TPCDS.DATE_DIM2 ON TPCDS.DATE_DIM2.D_DATE_SK = TPCDS.WEB_SALES.WS_SHIP_DATE_SK WHERE TPCDS.WEB_SALES.WS_NET_PAID_INC_SHIP = +00057.78 AND TPCDS.WEB_SALES.WS_ORDER_NUMBER >= 40456"
5900,"SELECT TPCDS.STORE.S_GMT_OFFSET , TPCDS.DATE_DIM2.D_FY_QUARTER_SEQ FROM TPCDS.STORE INNER JOIN TPCDS.DATE_DIM2 ON TPCDS.DATE_DIM2.D_DATE_SK = TPCDS.STORE.S_CLOSED_DATE_SK WHERE TPCDS.STORE.S_CLOSED_DATE_SK >= 2450910 AND TPCDS.DATE_DIM2.D_FY_YEAR <= 2021"
5901,"SELECT TPCDS.WEB_SALES.WS_EXT_SALES_PRICE , TPCDS.DATE_DIM2.D_DOW FROM TPCDS.WEB_SALES INNER JOIN TPCDS.DATE_DIM2 ON TPCDS.DATE_DIM2.D_DATE_SK = TPCDS.WEB_SALES.WS_SHIP_DATE_SK WHERE TPCDS.WEB_SALES.WS_EXT_SALES_PRICE = +00000.00 AND TPCDS.WEB_SALES.WS_SHIP_CUSTOMER_SK <= 86072"
5902,"SELECT TPCDS.WEB_SALES.WS_EXT_SALES_PRICE , TPCDS.DATE_DIM2.D_MONTH_SEQ FROM TPCDS.WEB_SALES INNER JOIN TPCDS.DATE_DIM2 ON TPCDS.DATE_DIM2.D_DATE_SK = TPCDS.WEB_SALES.WS_SHIP_DATE_SK WHERE TPCDS.DATE_DIM2.D_MOY >= 8 AND TPCDS.WEB_SALES.WS_NET_PAID = +00081.78"
5903,"SELECT TPCDS.CATALOG_PAGE.CP_CATALOG_PAGE_SK , TPCDS.DATE_DIM2.D_QOY FROM TPCDS.CATALOG_PAGE INNER JOIN TPCDS.DATE_DIM2 ON TPCDS.DATE_DIM2.D_DATE_SK = TPCDS.CATALOG_PAGE.CP_END_DATE_SK WHERE TPCDS.CATALOG_PAGE.CP_CATALOG_NUMBER >= 109 AND TPCDS.DATE_DIM2.D_DOM >= 8"
5904,"SELECT TPCDS.DATE_DIM2.D_FIRST_DOM , TPCDS.CUSTOMER.C_BIRTH_DAY FROM TPCDS.DATE_DIM2 INNER JOIN TPCDS.CUSTOMER ON TPCDS.CUSTOMER.C_FIRST_SHIPTO_DATE_SK = TPCDS.DATE_DIM2.D_DATE_SK WHERE TPCDS.DATE_DIM2.D_MOY = 6 AND TPCDS.DATE_DIM2.D_QOY >= 1"
5905,"SELECT TPCDS.WEB_SALES.WS_ITEM_SK , TPCDS.DATE_DIM2.D_FY_WEEK_SEQ FROM TPCDS.WEB_SALES INNER JOIN TPCDS.DATE_DIM2 ON TPCDS.DATE_DIM2.D_DATE_SK = TPCDS.WEB_SALES.WS_SHIP_DATE_SK WHERE TPCDS.WEB_SALES.WS_EXT_DISCOUNT_AMT >= +04213.86 AND TPCDS.DATE_DIM2.D_DOM >= 22"
5906,"SELECT TPCDS.DATE_DIM2.D_QOY , TPCDS.WEB_PAGE.WP_ACCESS_DATE_SK FROM TPCDS.DATE_DIM2 INNER JOIN TPCDS.WEB_PAGE ON TPCDS.WEB_PAGE.WP_ACCESS_DATE_SK = TPCDS.DATE_DIM2.D_DATE_SK WHERE TPCDS.WEB_PAGE.WP_CHAR_COUNT <= 7046 AND TPCDS.WEB_PAGE.WP_WEB_PAGE_SK <= 9"
5907,"SELECT TPCDS.STORE.S_STORE_SK , TPCDS.DATE_DIM2.D_DOM FROM TPCDS.STORE INNER JOIN TPCDS.DATE_DIM2 ON TPCDS.DATE_DIM2.D_DATE_SK = TPCDS.STORE.S_CLOSED_DATE_SK WHERE TPCDS.STORE.S_FLOOR_SPACE >= 6995995 AND TPCDS.STORE.S_GMT_OFFSET <= -005.00"
5908,"SELECT TPCDS.CATALOG_SALES.CS_ITEM_SK , TPCDS.DATE_DIM2.D_YEAR FROM TPCDS.CATALOG_SALES INNER JOIN TPCDS.DATE_DIM2 ON TPCDS.DATE_DIM2.D_DATE_SK = TPCDS.CATALOG_SALES.CS_SHIP_DATE_SK WHERE TPCDS.CATALOG_SALES.CS_SHIP_CDEMO_SK <= 1315427 AND TPCDS.CATALOG_SALES.CS_NET_PAID_INC_SHIP >= +08433.36"
5909,"SELECT TPCDS.WEB_PAGE.WP_CHAR_COUNT , TPCDS.DATE_DIM2.D_FY_YEAR FROM TPCDS.WEB_PAGE INNER JOIN TPCDS.DATE_DIM2 ON TPCDS.DATE_DIM2.D_DATE_SK = TPCDS.WEB_PAGE.WP_ACCESS_DATE_SK WHERE TPCDS.WEB_PAGE.WP_CUSTOMER_SK <= 64793 AND TPCDS.WEB_PAGE.WP_CHAR_COUNT = 3096"
5910,"SELECT TPCDS.WEB_SALES.WS_SHIP_CDEMO_SK , TPCDS.DATE_DIM2.D_QOY FROM TPCDS.WEB_SALES INNER JOIN TPCDS.DATE_DIM2 ON TPCDS.DATE_DIM2.D_DATE_SK = TPCDS.WEB_SALES.WS_SHIP_DATE_SK WHERE TPCDS.WEB_SALES.WS_BILL_ADDR_SK >= 13 AND TPCDS.DATE_DIM2.D_WEEK_SEQ <= 6767"
5911,"SELECT TPCDS.CUSTOMER.C_BIRTH_YEAR , TPCDS.DATE_DIM2.D_DATE_SK FROM TPCDS.CUSTOMER INNER JOIN TPCDS.DATE_DIM2 ON TPCDS.DATE_DIM2.D_DATE_SK = TPCDS.CUSTOMER.C_FIRST_SHIPTO_DATE_SK WHERE TPCDS.CUSTOMER.C_CURRENT_HDEMO_SK <= 366 AND TPCDS.DATE_DIM2.D_FY_WEEK_SEQ <= 5296"
5912,"SELECT TPCDS.STORE.S_NUMBER_EMPLOYEES , TPCDS.DATE_DIM2.D_QOY FROM TPCDS.STORE INNER JOIN TPCDS.DATE_DIM2 ON TPCDS.DATE_DIM2.D_DATE_SK = TPCDS.STORE.S_CLOSED_DATE_SK WHERE TPCDS.DATE_DIM2.D_SAME_DAY_LQ <= 2465407 AND TPCDS.DATE_DIM2.D_FY_WEEK_SEQ <= 9434"
5913,"SELECT TPCDS.CATALOG_SALES.CS_ITEM_SK , TPCDS.DATE_DIM2.D_MONTH_SEQ FROM TPCDS.CATALOG_SALES INNER JOIN TPCDS.DATE_DIM2 ON TPCDS.DATE_DIM2.D_DATE_SK = TPCDS.CATALOG_SALES.CS_SHIP_DATE_SK WHERE TPCDS.DATE_DIM2.D_DOM <= 1 AND TPCDS.CATALOG_SALES.CS_ORDER_NUMBER >= 16079"
5914,"SELECT TPCDS.CUSTOMER.C_CUSTOMER_SK , TPCDS.DATE_DIM2.D_DOW FROM TPCDS.CUSTOMER INNER JOIN TPCDS.DATE_DIM2 ON TPCDS.DATE_DIM2.D_DATE_SK = TPCDS.CUSTOMER.C_FIRST_SHIPTO_DATE_SK WHERE TPCDS.DATE_DIM2.D_FY_WEEK_SEQ >= 3327 AND TPCDS.DATE_DIM2.D_DOM <= 5"
5915,"SELECT TPCDS.WEB_PAGE.WP_IMAGE_COUNT , TPCDS.DATE_DIM2.D_FY_WEEK_SEQ FROM TPCDS.WEB_PAGE INNER JOIN TPCDS.DATE_DIM2 ON TPCDS.DATE_DIM2.D_DATE_SK = TPCDS.WEB_PAGE.WP_ACCESS_DATE_SK WHERE TPCDS.WEB_PAGE.WP_WEB_PAGE_SK <= 41 AND TPCDS.WEB_PAGE.WP_MAX_AD_COUNT >= 0"
5916,"SELECT TPCDS.WEB_SITE.WEB_OPEN_DATE_SK , TPCDS.DATE_DIM2.D_FIRST_DOM FROM TPCDS.WEB_SITE INNER JOIN TPCDS.DATE_DIM2 ON TPCDS.DATE_DIM2.D_DATE_SK = TPCDS.WEB_SITE.WEB_CLOSE_DATE_SK WHERE TPCDS.DATE_DIM2.D_FY_WEEK_SEQ <= 9947 AND TPCDS.DATE_DIM2.D_FIRST_DOM <= 2449566"
5917,"SELECT TPCDS.CATALOG_PAGE.CP_END_DATE_SK , TPCDS.DATE_DIM2.D_DOW FROM TPCDS.CATALOG_PAGE INNER JOIN TPCDS.DATE_DIM2 ON TPCDS.DATE_DIM2.D_DATE_SK = TPCDS.CATALOG_PAGE.CP_END_DATE_SK WHERE TPCDS.DATE_DIM2.D_QOY = 1 AND TPCDS.DATE_DIM2.D_DOM >= 21"
5918,"SELECT TPCDS.PROMOTION.P_END_DATE_SK , TPCDS.DATE_DIM2.D_FY_YEAR FROM TPCDS.PROMOTION INNER JOIN TPCDS.DATE_DIM2 ON TPCDS.DATE_DIM2.D_DATE_SK = TPCDS.PROMOTION.P_END_DATE_SK WHERE TPCDS.DATE_DIM2.D_FIRST_DOM <= 2454345 AND TPCDS.PROMOTION.P_PROMO_SK >= 257"
5919,"SELECT TPCDS.WEB_PAGE.WP_ACCESS_DATE_SK , TPCDS.DATE_DIM2.D_DOW FROM TPCDS.WEB_PAGE INNER JOIN TPCDS.DATE_DIM2 ON TPCDS.DATE_DIM2.D_DATE_SK = TPCDS.WEB_PAGE.WP_ACCESS_DATE_SK WHERE TPCDS.DATE_DIM2.D_SAME_DAY_LQ >= 2446205 AND TPCDS.WEB_PAGE.WP_WEB_PAGE_SK >= 28"
5920,"SELECT TPCDS.WEB_PAGE.WP_LINK_COUNT , TPCDS.DATE_DIM2.D_DOM FROM TPCDS.WEB_PAGE INNER JOIN TPCDS.DATE_DIM2 ON TPCDS.DATE_DIM2.D_DATE_SK = TPCDS.WEB_PAGE.WP_ACCESS_DATE_SK WHERE TPCDS.DATE_DIM2.D_MONTH_SEQ >= 276 AND TPCDS.DATE_DIM2.D_DOW = 2"
5921,"SELECT TPCDS.DATE_DIM2.D_SAME_DAY_LQ , TPCDS.WEB_SITE.WEB_CLOSE_DATE_SK FROM TPCDS.DATE_DIM2 INNER JOIN TPCDS.WEB_SITE ON TPCDS.WEB_SITE.WEB_CLOSE_DATE_SK = TPCDS.DATE_DIM2.D_DATE_SK WHERE TPCDS.WEB_SITE.WEB_MKT_ID <= 6 AND TPCDS.WEB_SITE.WEB_SITE_SK = 17"
5922,"SELECT TPCDS.WEB_PAGE.WP_ACCESS_DATE_SK , TPCDS.DATE_DIM2.D_WEEK_SEQ FROM TPCDS.WEB_PAGE INNER JOIN TPCDS.DATE_DIM2 ON TPCDS.DATE_DIM2.D_DATE_SK = TPCDS.WEB_PAGE.WP_ACCESS_DATE_SK WHERE TPCDS.DATE_DIM2.D_SAME_DAY_LQ <= 2454258 AND TPCDS.WEB_PAGE.WP_LINK_COUNT >= 21"
5923,"SELECT TPCDS.WEB_SALES.WS_BILL_CUSTOMER_SK , TPCDS.DATE_DIM2.D_DATE_SK FROM TPCDS.WEB_SALES INNER JOIN TPCDS.DATE_DIM2 ON TPCDS.DATE_DIM2.D_DATE_SK = TPCDS.WEB_SALES.WS_SHIP_DATE_SK WHERE TPCDS.WEB_SALES.WS_WEB_SITE_SK = 1 AND TPCDS.WEB_SALES.WS_ORDER_NUMBER <= 28336"
5924,"SELECT TPCDS.STORE.S_STORE_SK , TPCDS.DATE_DIM2.D_WEEK_SEQ FROM TPCDS.STORE INNER JOIN TPCDS.DATE_DIM2 ON TPCDS.DATE_DIM2.D_DATE_SK = TPCDS.STORE.S_CLOSED_DATE_SK WHERE TPCDS.DATE_DIM2.D_QOY >= 3 AND TPCDS.STORE.S_GMT_OFFSET <= -005.00"
5925,"SELECT TPCDS.CATALOG_SALES.CS_NET_PAID , TPCDS.DATE_DIM2.D_FY_YEAR FROM TPCDS.CATALOG_SALES INNER JOIN TPCDS.DATE_DIM2 ON TPCDS.DATE_DIM2.D_DATE_SK = TPCDS.CATALOG_SALES.CS_SHIP_DATE_SK WHERE TPCDS.CATALOG_SALES.CS_QUANTITY >= 1 AND TPCDS.CATALOG_SALES.CS_BILL_CDEMO_SK >= 1105524"
5926,"SELECT TPCDS.STORE.S_NUMBER_EMPLOYEES , TPCDS.DATE_DIM2.D_FIRST_DOM FROM TPCDS.STORE INNER JOIN TPCDS.DATE_DIM2 ON TPCDS.DATE_DIM2.D_DATE_SK = TPCDS.STORE.S_CLOSED_DATE_SK WHERE TPCDS.STORE.S_MARKET_ID <= 8 AND TPCDS.STORE.S_GMT_OFFSET <= -005.00"
5927,"SELECT TPCDS.PROMOTION.P_RESPONSE_TARGET , TPCDS.DATE_DIM2.D_QUARTER_SEQ FROM TPCDS.PROMOTION INNER JOIN TPCDS.DATE_DIM2 ON TPCDS.DATE_DIM2.D_DATE_SK = TPCDS.PROMOTION.P_END_DATE_SK WHERE TPCDS.PROMOTION.P_RESPONSE_TARGET = 1 AND TPCDS.DATE_DIM2.D_DOM >= 12"
5928,"SELECT TPCDS.CATALOG_SALES.CS_CALL_CENTER_SK , TPCDS.DATE_DIM2.D_WEEK_SEQ FROM TPCDS.CATALOG_SALES INNER JOIN TPCDS.DATE_DIM2 ON TPCDS.DATE_DIM2.D_DATE_SK = TPCDS.CATALOG_SALES.CS_SHIP_DATE_SK WHERE TPCDS.CATALOG_SALES.CS_SOLD_TIME_SK = 27412 AND TPCDS.CATALOG_SALES.CS_NET_PAID_INC_SHIP_TAX >= +00313.95"
5929,"SELECT TPCDS.CATALOG_SALES.CS_CATALOG_PAGE_SK , TPCDS.DATE_DIM2.D_QOY FROM TPCDS.CATALOG_SALES INNER JOIN TPCDS.DATE_DIM2 ON TPCDS.DATE_DIM2.D_DATE_SK = TPCDS.CATALOG_SALES.CS_SHIP_DATE_SK WHERE TPCDS.DATE_DIM2.D_FIRST_DOM <= 2462016 AND TPCDS.CATALOG_SALES.CS_SOLD_TIME_SK >= 10872"
5930,"SELECT TPCDS.CATALOG_SALES.CS_NET_PAID , TPCDS.DATE_DIM2.D_DOW FROM TPCDS.CATALOG_SALES INNER JOIN TPCDS.DATE_DIM2 ON TPCDS.DATE_DIM2.D_DATE_SK = TPCDS.CATALOG_SALES.CS_SHIP_DATE_SK WHERE TPCDS.CATALOG_SALES.CS_SHIP_CUSTOMER_SK = 78285 AND TPCDS.CATALOG_SALES.CS_SHIP_MODE_SK = 1"
5931,"SELECT TPCDS.CATALOG_PAGE.CP_START_DATE_SK , TPCDS.DATE_DIM2.D_DOM FROM TPCDS.CATALOG_PAGE INNER JOIN TPCDS.DATE_DIM2 ON TPCDS.DATE_DIM2.D_DATE_SK = TPCDS.CATALOG_PAGE.CP_END_DATE_SK WHERE TPCDS.CATALOG_PAGE.CP_CATALOG_PAGE_SK <= 1 AND TPCDS.CATALOG_PAGE.CP_END_DATE_SK <= 2451329"
5932,"SELECT TPCDS.CATALOG_SALES.CS_NET_PAID_INC_TAX , TPCDS.DATE_DIM2.D_DOW FROM TPCDS.CATALOG_SALES INNER JOIN TPCDS.DATE_DIM2 ON TPCDS.DATE_DIM2.D_DATE_SK = TPCDS.CATALOG_SALES.CS_SHIP_DATE_SK WHERE TPCDS.CATALOG_SALES.CS_SOLD_DATE_SK = 2452586 AND TPCDS.CATALOG_SALES.CS_SHIP_MODE_SK >= 6"
5933,"SELECT TPCDS.DATE_DIM2.D_DATE_SK , TPCDS.WEB_PAGE.WP_CREATION_DATE_SK FROM TPCDS.DATE_DIM2 INNER JOIN TPCDS.WEB_PAGE ON TPCDS.WEB_PAGE.WP_ACCESS_DATE_SK = TPCDS.DATE_DIM2.D_DATE_SK WHERE TPCDS.DATE_DIM2.D_MOY >= 2 AND TPCDS.WEB_PAGE.WP_LINK_COUNT >= 3"
5934,"SELECT TPCDS.CATALOG_SALES.CS_EXT_LIST_PRICE , TPCDS.DATE_DIM2.D_FIRST_DOM FROM TPCDS.CATALOG_SALES INNER JOIN TPCDS.DATE_DIM2 ON TPCDS.DATE_DIM2.D_DATE_SK = TPCDS.CATALOG_SALES.CS_SHIP_DATE_SK WHERE TPCDS.DATE_DIM2.D_FY_WEEK_SEQ <= 9920 AND TPCDS.CATALOG_SALES.CS_EXT_TAX <= +00000.00"
5935,"SELECT TPCDS.CATALOG_PAGE.CP_CATALOG_NUMBER , TPCDS.DATE_DIM2.D_WEEK_SEQ FROM TPCDS.CATALOG_PAGE INNER JOIN TPCDS.DATE_DIM2 ON TPCDS.DATE_DIM2.D_DATE_SK = TPCDS.CATALOG_PAGE.CP_END_DATE_SK WHERE TPCDS.DATE_DIM2.D_QOY >= 3 AND TPCDS.DATE_DIM2.D_MOY >= 6"
5936,"SELECT TPCDS.CATALOG_SALES.CS_NET_PAID_INC_SHIP_TAX , TPCDS.DATE_DIM2.D_FY_WEEK_SEQ FROM TPCDS.CATALOG_SALES INNER JOIN TPCDS.DATE_DIM2 ON TPCDS.DATE_DIM2.D_DATE_SK = TPCDS.CATALOG_SALES.CS_SHIP_DATE_SK WHERE TPCDS.CATALOG_SALES.CS_EXT_WHOLESALE_COST >= +00475.64 AND TPCDS.CATALOG_SALES.CS_SHIP_MODE_SK >= 12"
5937,"SELECT TPCDS.CATALOG_PAGE.CP_END_DATE_SK , TPCDS.DATE_DIM2.D_DATE_SK FROM TPCDS.CATALOG_PAGE INNER JOIN TPCDS.DATE_DIM2 ON TPCDS.DATE_DIM2.D_DATE_SK = TPCDS.CATALOG_PAGE.CP_END_DATE_SK WHERE TPCDS.CATALOG_PAGE.CP_START_DATE_SK <= 2451545 AND TPCDS.CATALOG_PAGE.CP_CATALOG_PAGE_SK <= 4974"
5938,"SELECT TPCDS.WEB_SALES.WS_NET_PAID , TPCDS.DATE_DIM2.D_FY_YEAR FROM TPCDS.WEB_SALES INNER JOIN TPCDS.DATE_DIM2 ON TPCDS.DATE_DIM2.D_DATE_SK = TPCDS.WEB_SALES.WS_SHIP_DATE_SK WHERE TPCDS.DATE_DIM2.D_WEEK_SEQ >= 5025 AND TPCDS.DATE_DIM2.D_MOY <= 1"
5939,"SELECT TPCDS.DATE_DIM2.D_QOY , TPCDS.CATALOG_SALES.CS_SHIP_ADDR_SK FROM TPCDS.DATE_DIM2 INNER JOIN TPCDS.CATALOG_SALES ON TPCDS.CATALOG_SALES.CS_SHIP_DATE_SK = TPCDS.DATE_DIM2.D_DATE_SK WHERE TPCDS.CATALOG_SALES.CS_SHIP_MODE_SK = 6 AND TPCDS.CATALOG_SALES.CS_BILL_CDEMO_SK <= 200005"
5940,"SELECT TPCDS.DATE_DIM2.D_MONTH_SEQ , TPCDS.PROMOTION.P_END_DATE_SK FROM TPCDS.DATE_DIM2 INNER JOIN TPCDS.PROMOTION ON TPCDS.PROMOTION.P_END_DATE_SK = TPCDS.DATE_DIM2.D_DATE_SK WHERE TPCDS.PROMOTION.P_ITEM_SK >= 13009 AND TPCDS.DATE_DIM2.D_LAST_DOM >= 2442472"
5941,"SELECT TPCDS.WEB_SALES.WS_SOLD_DATE_SK , TPCDS.DATE_DIM2.D_DOM FROM TPCDS.WEB_SALES INNER JOIN TPCDS.DATE_DIM2 ON TPCDS.DATE_DIM2.D_DATE_SK = TPCDS.WEB_SALES.WS_SHIP_DATE_SK WHERE TPCDS.WEB_SALES.WS_SHIP_MODE_SK <= 1 AND TPCDS.WEB_SALES.WS_SHIP_HDEMO_SK <= 4463"
5942,"SELECT TPCDS.CUSTOMER.C_BIRTH_YEAR , TPCDS.DATE_DIM2.D_QOY FROM TPCDS.CUSTOMER INNER JOIN TPCDS.DATE_DIM2 ON TPCDS.DATE_DIM2.D_DATE_SK = TPCDS.CUSTOMER.C_FIRST_SHIPTO_DATE_SK WHERE TPCDS.DATE_DIM2.D_MONTH_SEQ >= 145 AND TPCDS.CUSTOMER.C_FIRST_SALES_DATE_SK = 2449450"
5943,"SELECT TPCDS.WEB_PAGE.WP_IMAGE_COUNT , TPCDS.DATE_DIM2.D_WEEK_SEQ FROM TPCDS.WEB_PAGE INNER JOIN TPCDS.DATE_DIM2 ON TPCDS.DATE_DIM2.D_DATE_SK = TPCDS.WEB_PAGE.WP_ACCESS_DATE_SK WHERE TPCDS.DATE_DIM2.D_MONTH_SEQ <= 2399 AND TPCDS.DATE_DIM2.D_SAME_DAY_LQ <= 2458803"
5944,"SELECT TPCDS.CATALOG_PAGE.CP_END_DATE_SK , TPCDS.DATE_DIM2.D_FY_QUARTER_SEQ FROM TPCDS.CATALOG_PAGE INNER JOIN TPCDS.DATE_DIM2 ON TPCDS.DATE_DIM2.D_DATE_SK = TPCDS.CATALOG_PAGE.CP_END_DATE_SK WHERE TPCDS.DATE_DIM2.D_DATE_SK >= 2434244 AND TPCDS.CATALOG_PAGE.CP_END_DATE_SK <= 2452729"
5945,"SELECT TPCDS.CUSTOMER.C_FIRST_SHIPTO_DATE_SK , TPCDS.DATE_DIM2.D_QUARTER_SEQ FROM TPCDS.CUSTOMER INNER JOIN TPCDS.DATE_DIM2 ON TPCDS.DATE_DIM2.D_DATE_SK = TPCDS.CUSTOMER.C_FIRST_SHIPTO_DATE_SK WHERE TPCDS.CUSTOMER.C_FIRST_SALES_DATE_SK >= 2452648 AND TPCDS.DATE_DIM2.D_SAME_DAY_LY >= 2414657"
5946,"SELECT TPCDS.CUSTOMER.C_FIRST_SALES_DATE_SK , TPCDS.DATE_DIM2.D_FY_YEAR FROM TPCDS.CUSTOMER INNER JOIN TPCDS.DATE_DIM2 ON TPCDS.DATE_DIM2.D_DATE_SK = TPCDS.CUSTOMER.C_FIRST_SHIPTO_DATE_SK WHERE TPCDS.CUSTOMER.C_BIRTH_MONTH = 6 AND TPCDS.CUSTOMER.C_CURRENT_CDEMO_SK <= 491930"
5947,"SELECT TPCDS.CATALOG_SALES.CS_ITEM_SK , TPCDS.DATE_DIM2.D_SAME_DAY_LQ FROM TPCDS.CATALOG_SALES INNER JOIN TPCDS.DATE_DIM2 ON TPCDS.DATE_DIM2.D_DATE_SK = TPCDS.CATALOG_SALES.CS_SHIP_DATE_SK WHERE TPCDS.CATALOG_SALES.CS_ITEM_SK <= 11358 AND TPCDS.CATALOG_SALES.CS_NET_PAID = +01281.72"
5948,"SELECT TPCDS.WEB_SALES.WS_SHIP_ADDR_SK , TPCDS.DATE_DIM2.D_FIRST_DOM FROM TPCDS.WEB_SALES INNER JOIN TPCDS.DATE_DIM2 ON TPCDS.DATE_DIM2.D_DATE_SK = TPCDS.WEB_SALES.WS_SHIP_DATE_SK WHERE TPCDS.WEB_SALES.WS_BILL_CUSTOMER_SK = 99982 AND TPCDS.DATE_DIM2.D_QOY <= 3"
5949,"SELECT TPCDS.DATE_DIM2.D_MOY , TPCDS.STORE.S_STORE_SK FROM TPCDS.DATE_DIM2 INNER JOIN TPCDS.STORE ON TPCDS.STORE.S_CLOSED_DATE_SK = TPCDS.DATE_DIM2.D_DATE_SK WHERE TPCDS.STORE.S_DIVISION_ID <= 1 AND TPCDS.DATE_DIM2.D_QOY >= 1"
5950,"SELECT TPCDS.STORE.S_TAX_PRECENTAGE , TPCDS.DATE_DIM2.D_DATE_SK FROM TPCDS.STORE INNER JOIN TPCDS.DATE_DIM2 ON TPCDS.DATE_DIM2.D_DATE_SK = TPCDS.STORE.S_CLOSED_DATE_SK WHERE TPCDS.DATE_DIM2.D_QUARTER_SEQ <= 520 AND TPCDS.DATE_DIM2.D_MONTH_SEQ <= 1658"
5951,"SELECT TPCDS.CATALOG_PAGE.CP_CATALOG_NUMBER , TPCDS.DATE_DIM2.D_QOY FROM TPCDS.CATALOG_PAGE INNER JOIN TPCDS.DATE_DIM2 ON TPCDS.DATE_DIM2.D_DATE_SK = TPCDS.CATALOG_PAGE.CP_END_DATE_SK WHERE TPCDS.CATALOG_PAGE.CP_CATALOG_PAGE_SK = 9326 AND TPCDS.CATALOG_PAGE.CP_START_DATE_SK >= 2451970"
5952,"SELECT TPCDS.DATE_DIM2.D_DOM , TPCDS.CUSTOMER.C_FIRST_SALES_DATE_SK FROM TPCDS.DATE_DIM2 INNER JOIN TPCDS.CUSTOMER ON TPCDS.CUSTOMER.C_FIRST_SHIPTO_DATE_SK = TPCDS.DATE_DIM2.D_DATE_SK WHERE TPCDS.CUSTOMER.C_BIRTH_YEAR >= 1992 AND TPCDS.CUSTOMER.C_CURRENT_ADDR_SK <= 18984"
5953,"SELECT TPCDS.CUSTOMER.C_FIRST_SALES_DATE_SK , TPCDS.DATE_DIM2.D_MOY FROM TPCDS.CUSTOMER INNER JOIN TPCDS.DATE_DIM2 ON TPCDS.DATE_DIM2.D_DATE_SK = TPCDS.CUSTOMER.C_FIRST_SHIPTO_DATE_SK WHERE TPCDS.CUSTOMER.C_CURRENT_CDEMO_SK <= 241274 AND TPCDS.DATE_DIM2.D_DOM >= 7"
5954,"SELECT TPCDS.WEB_SALES.WS_BILL_CUSTOMER_SK , TPCDS.DATE_DIM2.D_DOM FROM TPCDS.WEB_SALES INNER JOIN TPCDS.DATE_DIM2 ON TPCDS.DATE_DIM2.D_DATE_SK = TPCDS.WEB_SALES.WS_SHIP_DATE_SK WHERE TPCDS.WEB_SALES.WS_SHIP_MODE_SK = 8 AND TPCDS.WEB_SALES.WS_ORDER_NUMBER = 18670"
5955,"SELECT TPCDS.PROMOTION.P_START_DATE_SK , TPCDS.DATE_DIM2.D_QOY FROM TPCDS.PROMOTION INNER JOIN TPCDS.DATE_DIM2 ON TPCDS.DATE_DIM2.D_DATE_SK = TPCDS.PROMOTION.P_END_DATE_SK WHERE TPCDS.PROMOTION.P_PROMO_SK <= 237 AND TPCDS.PROMOTION.P_RESPONSE_TARGET = 1"
5956,"SELECT TPCDS.CATALOG_PAGE.CP_START_DATE_SK , TPCDS.DATE_DIM2.D_SAME_DAY_LY FROM TPCDS.CATALOG_PAGE INNER JOIN TPCDS.DATE_DIM2 ON TPCDS.DATE_DIM2.D_DATE_SK = TPCDS.CATALOG_PAGE.CP_END_DATE_SK WHERE TPCDS.DATE_DIM2.D_MONTH_SEQ >= 276 AND TPCDS.DATE_DIM2.D_DOM >= 7"
5957,"SELECT TPCDS.DATE_DIM2.D_DOW , TPCDS.WEB_PAGE.WP_ACCESS_DATE_SK FROM TPCDS.DATE_DIM2 INNER JOIN TPCDS.WEB_PAGE ON TPCDS.WEB_PAGE.WP_ACCESS_DATE_SK = TPCDS.DATE_DIM2.D_DATE_SK WHERE TPCDS.WEB_PAGE.WP_CREATION_DATE_SK >= 2450810 AND TPCDS.WEB_PAGE.WP_WEB_PAGE_SK >= 9"
5958,"SELECT TPCDS.CATALOG_SALES.CS_NET_PROFIT , TPCDS.DATE_DIM2.D_FY_WEEK_SEQ FROM TPCDS.CATALOG_SALES INNER JOIN TPCDS.DATE_DIM2 ON TPCDS.DATE_DIM2.D_DATE_SK = TPCDS.CATALOG_SALES.CS_SHIP_DATE_SK WHERE TPCDS.CATALOG_SALES.CS_ORDER_NUMBER >= 142214 AND TPCDS.DATE_DIM2.D_MOY = 9"
5959,"SELECT TPCDS.WEB_PAGE.WP_ACCESS_DATE_SK , TPCDS.DATE_DIM2.D_FIRST_DOM FROM TPCDS.WEB_PAGE INNER JOIN TPCDS.DATE_DIM2 ON TPCDS.DATE_DIM2.D_DATE_SK = TPCDS.WEB_PAGE.WP_ACCESS_DATE_SK WHERE TPCDS.DATE_DIM2.D_QOY >= 2 AND TPCDS.DATE_DIM2.D_FY_QUARTER_SEQ >= 343"
5960,"SELECT TPCDS.CUSTOMER.C_CURRENT_ADDR_SK , TPCDS.DATE_DIM2.D_MONTH_SEQ FROM TPCDS.CUSTOMER INNER JOIN TPCDS.DATE_DIM2 ON TPCDS.DATE_DIM2.D_DATE_SK = TPCDS.CUSTOMER.C_FIRST_SHIPTO_DATE_SK WHERE TPCDS.DATE_DIM2.D_FY_YEAR >= 1958 AND TPCDS.DATE_DIM2.D_MOY = 12"
5961,"SELECT TPCDS.WEB_PAGE.WP_CUSTOMER_SK , TPCDS.DATE_DIM2.D_DOW FROM TPCDS.WEB_PAGE INNER JOIN TPCDS.DATE_DIM2 ON TPCDS.DATE_DIM2.D_DATE_SK = TPCDS.WEB_PAGE.WP_ACCESS_DATE_SK WHERE TPCDS.DATE_DIM2.D_LAST_DOM <= 2462199 AND TPCDS.WEB_PAGE.WP_CUSTOMER_SK = 20213"
5962,"SELECT TPCDS.CATALOG_SALES.CS_SHIP_ADDR_SK , TPCDS.DATE_DIM2.D_FY_YEAR FROM TPCDS.CATALOG_SALES INNER JOIN TPCDS.DATE_DIM2 ON TPCDS.DATE_DIM2.D_DATE_SK = TPCDS.CATALOG_SALES.CS_SHIP_DATE_SK WHERE TPCDS.DATE_DIM2.D_FY_YEAR <= 2070 AND TPCDS.CATALOG_SALES.CS_NET_PROFIT = -00182.92"
5963,"SELECT TPCDS.CATALOG_SALES.CS_WHOLESALE_COST , TPCDS.DATE_DIM2.D_DATE_SK FROM TPCDS.CATALOG_SALES INNER JOIN TPCDS.DATE_DIM2 ON TPCDS.DATE_DIM2.D_DATE_SK = TPCDS.CATALOG_SALES.CS_SHIP_DATE_SK WHERE TPCDS.DATE_DIM2.D_DOM >= 25 AND TPCDS.CATALOG_SALES.CS_SOLD_DATE_SK = 2450815"
5964,"SELECT TPCDS.CATALOG_SALES.CS_EXT_DISCOUNT_AMT , TPCDS.DATE_DIM2.D_FY_YEAR FROM TPCDS.CATALOG_SALES INNER JOIN TPCDS.DATE_DIM2 ON TPCDS.DATE_DIM2.D_DATE_SK = TPCDS.CATALOG_SALES.CS_SHIP_DATE_SK WHERE TPCDS.CATALOG_SALES.CS_CATALOG_PAGE_SK <= 4095 AND TPCDS.DATE_DIM2.D_DOM = 31"
5965,"SELECT TPCDS.CATALOG_SALES.CS_BILL_ADDR_SK , TPCDS.DATE_DIM2.D_DOM FROM TPCDS.CATALOG_SALES INNER JOIN TPCDS.DATE_DIM2 ON TPCDS.DATE_DIM2.D_DATE_SK = TPCDS.CATALOG_SALES.CS_SHIP_DATE_SK WHERE TPCDS.CATALOG_SALES.CS_SHIP_DATE_SK = 2451394 AND TPCDS.CATALOG_SALES.CS_EXT_TAX <= +00000.00"
5966,"SELECT TPCDS.WEB_SALES.WS_BILL_HDEMO_SK , TPCDS.DATE_DIM2.D_WEEK_SEQ FROM TPCDS.WEB_SALES INNER JOIN TPCDS.DATE_DIM2 ON TPCDS.DATE_DIM2.D_DATE_SK = TPCDS.WEB_SALES.WS_SHIP_DATE_SK WHERE TPCDS.DATE_DIM2.D_DOW = 0 AND TPCDS.WEB_SALES.WS_NET_PAID_INC_SHIP_TAX >= +05643.61"
5967,"SELECT TPCDS.WEB_PAGE.WP_CUSTOMER_SK , TPCDS.DATE_DIM2.D_DOM FROM TPCDS.WEB_PAGE INNER JOIN TPCDS.DATE_DIM2 ON TPCDS.DATE_DIM2.D_DATE_SK = TPCDS.WEB_PAGE.WP_ACCESS_DATE_SK WHERE TPCDS.WEB_PAGE.WP_CHAR_COUNT >= 1526 AND TPCDS.DATE_DIM2.D_DOW <= 1"
5968,"SELECT TPCDS.CUSTOMER.C_BIRTH_DAY , TPCDS.DATE_DIM2.D_MONTH_SEQ FROM TPCDS.CUSTOMER INNER JOIN TPCDS.DATE_DIM2 ON TPCDS.DATE_DIM2.D_DATE_SK = TPCDS.CUSTOMER.C_FIRST_SHIPTO_DATE_SK WHERE TPCDS.DATE_DIM2.D_FY_QUARTER_SEQ <= 763 AND TPCDS.CUSTOMER.C_BIRTH_MONTH >= 6"
5969,"SELECT TPCDS.CATALOG_SALES.CS_EXT_SALES_PRICE , TPCDS.DATE_DIM2.D_LAST_DOM FROM TPCDS.CATALOG_SALES INNER JOIN TPCDS.DATE_DIM2 ON TPCDS.DATE_DIM2.D_DATE_SK = TPCDS.CATALOG_SALES.CS_SHIP_DATE_SK WHERE TPCDS.CATALOG_SALES.CS_BILL_ADDR_SK <= 23554 AND TPCDS.CATALOG_SALES.CS_NET_PAID <= +00524.70"
5970,"SELECT TPCDS.CUSTOMER.C_CUSTOMER_SK , TPCDS.DATE_DIM2.D_DOM FROM TPCDS.CUSTOMER INNER JOIN TPCDS.DATE_DIM2 ON TPCDS.DATE_DIM2.D_DATE_SK = TPCDS.CUSTOMER.C_FIRST_SHIPTO_DATE_SK WHERE TPCDS.DATE_DIM2.D_SAME_DAY_LQ >= 2414988 AND TPCDS.DATE_DIM2.D_LAST_DOM >= 2447525"
5971,"SELECT TPCDS.STORE.S_FLOOR_SPACE , TPCDS.DATE_DIM2.D_MONTH_SEQ FROM TPCDS.STORE INNER JOIN TPCDS.DATE_DIM2 ON TPCDS.DATE_DIM2.D_DATE_SK = TPCDS.STORE.S_CLOSED_DATE_SK WHERE TPCDS.STORE.S_GMT_OFFSET = -005.00 AND TPCDS.STORE.S_MARKET_ID = 8"
5972,"SELECT TPCDS.CUSTOMER.C_CUSTOMER_SK , TPCDS.DATE_DIM2.D_FY_YEAR FROM TPCDS.CUSTOMER INNER JOIN TPCDS.DATE_DIM2 ON TPCDS.DATE_DIM2.D_DATE_SK = TPCDS.CUSTOMER.C_FIRST_SHIPTO_DATE_SK WHERE TPCDS.DATE_DIM2.D_QOY <= 4 AND TPCDS.CUSTOMER.C_CURRENT_ADDR_SK >= 5279"
5973,"SELECT TPCDS.CATALOG_PAGE.CP_CATALOG_PAGE_SK , TPCDS.DATE_DIM2.D_SAME_DAY_LY FROM TPCDS.CATALOG_PAGE INNER JOIN TPCDS.DATE_DIM2 ON TPCDS.DATE_DIM2.D_DATE_SK = TPCDS.CATALOG_PAGE.CP_END_DATE_SK WHERE TPCDS.DATE_DIM2.D_WEEK_SEQ >= 2791 AND TPCDS.DATE_DIM2.D_DOW >= 3"
5974,"SELECT TPCDS.PROMOTION.P_PROMO_SK , TPCDS.DATE_DIM2.D_FIRST_DOM FROM TPCDS.PROMOTION INNER JOIN TPCDS.DATE_DIM2 ON TPCDS.DATE_DIM2.D_DATE_SK = TPCDS.PROMOTION.P_END_DATE_SK WHERE TPCDS.PROMOTION.P_ITEM_SK >= 15751 AND TPCDS.PROMOTION.P_END_DATE_SK <= 2450786"
5975,"SELECT TPCDS.WEB_PAGE.WP_MAX_AD_COUNT , TPCDS.DATE_DIM2.D_MONTH_SEQ FROM TPCDS.WEB_PAGE INNER JOIN TPCDS.DATE_DIM2 ON TPCDS.DATE_DIM2.D_DATE_SK = TPCDS.WEB_PAGE.WP_ACCESS_DATE_SK WHERE TPCDS.DATE_DIM2.D_SAME_DAY_LQ <= 2453462 AND TPCDS.WEB_PAGE.WP_MAX_AD_COUNT = 3"
5976,"SELECT TPCDS.WEB_PAGE.WP_CREATION_DATE_SK , TPCDS.DATE_DIM2.D_SAME_DAY_LY FROM TPCDS.WEB_PAGE INNER JOIN TPCDS.DATE_DIM2 ON TPCDS.DATE_DIM2.D_DATE_SK = TPCDS.WEB_PAGE.WP_ACCESS_DATE_SK WHERE TPCDS.DATE_DIM2.D_DOW = 3 AND TPCDS.DATE_DIM2.D_MONTH_SEQ <= 1441"
5977,"SELECT TPCDS.PROMOTION.P_RESPONSE_TARGET , TPCDS.DATE_DIM2.D_QUARTER_SEQ FROM TPCDS.PROMOTION INNER JOIN TPCDS.DATE_DIM2 ON TPCDS.DATE_DIM2.D_DATE_SK = TPCDS.PROMOTION.P_END_DATE_SK WHERE TPCDS.DATE_DIM2.D_QOY = 2 AND TPCDS.DATE_DIM2.D_FY_QUARTER_SEQ >= 173"
5978,"SELECT TPCDS.PROMOTION.P_PROMO_SK , TPCDS.DATE_DIM2.D_FY_QUARTER_SEQ FROM TPCDS.PROMOTION INNER JOIN TPCDS.DATE_DIM2 ON TPCDS.DATE_DIM2.D_DATE_SK = TPCDS.PROMOTION.P_END_DATE_SK WHERE TPCDS.PROMOTION.P_PROMO_SK = 296 AND TPCDS.DATE_DIM2.D_FIRST_DOM <= 2469928"
5979,"SELECT TPCDS.PROMOTION.P_END_DATE_SK , TPCDS.DATE_DIM2.D_QUARTER_SEQ FROM TPCDS.PROMOTION INNER JOIN TPCDS.DATE_DIM2 ON TPCDS.DATE_DIM2.D_DATE_SK = TPCDS.PROMOTION.P_END_DATE_SK WHERE TPCDS.DATE_DIM2.D_DOM <= 17 AND TPCDS.DATE_DIM2.D_MOY = 11"
5980,"SELECT TPCDS.DATE_DIM2.D_DATE_SK , TPCDS.CUSTOMER.C_FIRST_SHIPTO_DATE_SK FROM TPCDS.DATE_DIM2 INNER JOIN TPCDS.CUSTOMER ON TPCDS.CUSTOMER.C_FIRST_SHIPTO_DATE_SK = TPCDS.DATE_DIM2.D_DATE_SK WHERE TPCDS.DATE_DIM2.D_DOW = 0 AND TPCDS.DATE_DIM2.D_WEEK_SEQ = 5296"
5981,"SELECT TPCDS.WEB_SALES.WS_EXT_LIST_PRICE , TPCDS.DATE_DIM2.D_LAST_DOM FROM TPCDS.WEB_SALES INNER JOIN TPCDS.DATE_DIM2 ON TPCDS.DATE_DIM2.D_DATE_SK = TPCDS.WEB_SALES.WS_SHIP_DATE_SK WHERE TPCDS.WEB_SALES.WS_LIST_PRICE <= +00008.48 AND TPCDS.DATE_DIM2.D_FIRST_DOM <= 2471512"
5982,"SELECT TPCDS.CUSTOMER.C_FIRST_SALES_DATE_SK , TPCDS.DATE_DIM2.D_QOY FROM TPCDS.CUSTOMER INNER JOIN TPCDS.DATE_DIM2 ON TPCDS.DATE_DIM2.D_DATE_SK = TPCDS.CUSTOMER.C_FIRST_SHIPTO_DATE_SK WHERE TPCDS.DATE_DIM2.D_SAME_DAY_LQ >= 2426971 AND TPCDS.CUSTOMER.C_BIRTH_MONTH >= 6"
5983,"SELECT TPCDS.WEB_SALES.WS_SHIP_ADDR_SK , TPCDS.DATE_DIM2.D_FY_YEAR FROM TPCDS.WEB_SALES INNER JOIN TPCDS.DATE_DIM2 ON TPCDS.DATE_DIM2.D_DATE_SK = TPCDS.WEB_SALES.WS_SHIP_DATE_SK WHERE TPCDS.WEB_SALES.WS_EXT_SALES_PRICE >= +00061.25 AND TPCDS.DATE_DIM2.D_QOY >= 4"
5984,"SELECT TPCDS.WEB_SITE.WEB_SITE_SK , TPCDS.DATE_DIM2.D_YEAR FROM TPCDS.WEB_SITE INNER JOIN TPCDS.DATE_DIM2 ON TPCDS.DATE_DIM2.D_DATE_SK = TPCDS.WEB_SITE.WEB_CLOSE_DATE_SK WHERE TPCDS.WEB_SITE.WEB_SITE_SK <= 16 AND TPCDS.WEB_SITE.WEB_CLOSE_DATE_SK <= 2448854"
5985,"SELECT TPCDS.WEB_PAGE.WP_WEB_PAGE_SK , TPCDS.DATE_DIM2.D_MONTH_SEQ FROM TPCDS.WEB_PAGE INNER JOIN TPCDS.DATE_DIM2 ON TPCDS.DATE_DIM2.D_DATE_SK = TPCDS.WEB_PAGE.WP_ACCESS_DATE_SK WHERE TPCDS.WEB_PAGE.WP_MAX_AD_COUNT >= 0 AND TPCDS.WEB_PAGE.WP_ACCESS_DATE_SK <= 2452623"
5986,"SELECT TPCDS.WEB_SALES.WS_SHIP_CUSTOMER_SK , TPCDS.DATE_DIM2.D_WEEK_SEQ FROM TPCDS.WEB_SALES INNER JOIN TPCDS.DATE_DIM2 ON TPCDS.DATE_DIM2.D_DATE_SK = TPCDS.WEB_SALES.WS_SHIP_DATE_SK WHERE TPCDS.WEB_SALES.WS_EXT_SALES_PRICE >= +03426.50 AND TPCDS.DATE_DIM2.D_MOY <= 8"
5987,"SELECT TPCDS.PROMOTION.P_END_DATE_SK , TPCDS.DATE_DIM2.D_FY_QUARTER_SEQ FROM TPCDS.PROMOTION INNER JOIN TPCDS.DATE_DIM2 ON TPCDS.DATE_DIM2.D_DATE_SK = TPCDS.PROMOTION.P_END_DATE_SK WHERE TPCDS.PROMOTION.P_COST <= +0000000001000.00 AND TPCDS.DATE_DIM2.D_DOM >= 14"
5988,"SELECT TPCDS.WEB_PAGE.WP_ACCESS_DATE_SK , TPCDS.DATE_DIM2.D_DOW FROM TPCDS.WEB_PAGE INNER JOIN TPCDS.DATE_DIM2 ON TPCDS.DATE_DIM2.D_DATE_SK = TPCDS.WEB_PAGE.WP_ACCESS_DATE_SK WHERE TPCDS.DATE_DIM2.D_QOY <= 3 AND TPCDS.DATE_DIM2.D_WEEK_SEQ <= 10373"
5989,"SELECT TPCDS.WEB_SALES.WS_NET_PAID_INC_SHIP , TPCDS.DATE_DIM2.D_DATE_SK FROM TPCDS.WEB_SALES INNER JOIN TPCDS.DATE_DIM2 ON TPCDS.DATE_DIM2.D_DATE_SK = TPCDS.WEB_SALES.WS_SHIP_DATE_SK WHERE TPCDS.WEB_SALES.WS_NET_PAID >= +00260.59 AND TPCDS.DATE_DIM2.D_FY_QUARTER_SEQ <= 648"
5990,"SELECT TPCDS.CUSTOMER.C_CURRENT_CDEMO_SK , TPCDS.DATE_DIM2.D_DATE_SK FROM TPCDS.CUSTOMER INNER JOIN TPCDS.DATE_DIM2 ON TPCDS.DATE_DIM2.D_DATE_SK = TPCDS.CUSTOMER.C_FIRST_SHIPTO_DATE_SK WHERE TPCDS.DATE_DIM2.D_DOW = 5 AND TPCDS.DATE_DIM2.D_DOM = 15"
5991,"SELECT TPCDS.CATALOG_SALES.CS_EXT_DISCOUNT_AMT , TPCDS.DATE_DIM2.D_YEAR FROM TPCDS.CATALOG_SALES INNER JOIN TPCDS.DATE_DIM2 ON TPCDS.DATE_DIM2.D_DATE_SK = TPCDS.CATALOG_SALES.CS_SHIP_DATE_SK WHERE TPCDS.CATALOG_SALES.CS_EXT_SALES_PRICE >= +01208.50 AND TPCDS.DATE_DIM2.D_MOY = 2"
5992,"SELECT TPCDS.DATE_DIM2.D_DOM , TPCDS.CATALOG_PAGE.CP_START_DATE_SK FROM TPCDS.DATE_DIM2 INNER JOIN TPCDS.CATALOG_PAGE ON TPCDS.CATALOG_PAGE.CP_END_DATE_SK = TPCDS.DATE_DIM2.D_DATE_SK WHERE TPCDS.DATE_DIM2.D_FY_WEEK_SEQ <= 10373 AND TPCDS.CATALOG_PAGE.CP_CATALOG_NUMBER >= 37"
5993,"SELECT TPCDS.WEB_SALES.WS_WAREHOUSE_SK , TPCDS.DATE_DIM2.D_FY_WEEK_SEQ FROM TPCDS.WEB_SALES INNER JOIN TPCDS.DATE_DIM2 ON TPCDS.DATE_DIM2.D_DATE_SK = TPCDS.WEB_SALES.WS_SHIP_DATE_SK WHERE TPCDS.WEB_SALES.WS_EXT_TAX = +00001.18 AND TPCDS.WEB_SALES.WS_WEB_SITE_SK >= 7"
5994,"SELECT TPCDS.DATE_DIM2.D_WEEK_SEQ , TPCDS.STORE.S_FLOOR_SPACE FROM TPCDS.DATE_DIM2 INNER JOIN TPCDS.STORE ON TPCDS.STORE.S_CLOSED_DATE_SK = TPCDS.DATE_DIM2.D_DATE_SK WHERE TPCDS.STORE.S_TAX_PRECENTAGE <= +000.08 AND TPCDS.DATE_DIM2.D_SAME_DAY_LY <= 2476966"
5995,"SELECT TPCDS.WEB_SITE.WEB_COMPANY_ID , TPCDS.DATE_DIM2.D_QOY FROM TPCDS.WEB_SITE INNER JOIN TPCDS.DATE_DIM2 ON TPCDS.DATE_DIM2.D_DATE_SK = TPCDS.WEB_SITE.WEB_CLOSE_DATE_SK WHERE TPCDS.WEB_SITE.WEB_TAX_PERCENTAGE >= +000.02 AND TPCDS.WEB_SITE.WEB_GMT_OFFSET >= -005.00"
5996,"SELECT TPCDS.PROMOTION.P_PROMO_SK , TPCDS.DATE_DIM2.D_SAME_DAY_LY FROM TPCDS.PROMOTION INNER JOIN TPCDS.DATE_DIM2 ON TPCDS.DATE_DIM2.D_DATE_SK = TPCDS.PROMOTION.P_END_DATE_SK WHERE TPCDS.DATE_DIM2.D_QUARTER_SEQ <= 623 AND TPCDS.DATE_DIM2.D_QOY = 2"
5997,"SELECT TPCDS.CUSTOMER.C_BIRTH_MONTH , TPCDS.DATE_DIM2.D_MOY FROM TPCDS.CUSTOMER INNER JOIN TPCDS.DATE_DIM2 ON TPCDS.DATE_DIM2.D_DATE_SK = TPCDS.CUSTOMER.C_FIRST_SHIPTO_DATE_SK WHERE TPCDS.CUSTOMER.C_CURRENT_ADDR_SK = 5279 AND TPCDS.CUSTOMER.C_FIRST_SALES_DATE_SK >= 2451393"
5998,"SELECT TPCDS.PROMOTION.P_END_DATE_SK , TPCDS.DATE_DIM2.D_LAST_DOM FROM TPCDS.PROMOTION INNER JOIN TPCDS.DATE_DIM2 ON TPCDS.DATE_DIM2.D_DATE_SK = TPCDS.PROMOTION.P_END_DATE_SK WHERE TPCDS.DATE_DIM2.D_MONTH_SEQ <= 1155 AND TPCDS.DATE_DIM2.D_DOM = 25"
5999,"SELECT TPCDS.CUSTOMER.C_BIRTH_YEAR , TPCDS.DATE_DIM2.D_QUARTER_SEQ FROM TPCDS.CUSTOMER INNER JOIN TPCDS.DATE_DIM2 ON TPCDS.DATE_DIM2.D_DATE_SK = TPCDS.CUSTOMER.C_FIRST_SHIPTO_DATE_SK WHERE TPCDS.CUSTOMER.C_CURRENT_HDEMO_SK <= 5906 AND TPCDS.DATE_DIM2.D_LAST_DOM >= 2438454"
6000,"SELECT TPCDS.CUSTOMER.C_FIRST_SALES_DATE_SK , TPCDS.DATE_DIM2.D_DOM FROM TPCDS.CUSTOMER INNER JOIN TPCDS.DATE_DIM2 ON TPCDS.DATE_DIM2.D_DATE_SK = TPCDS.CUSTOMER.C_FIRST_SHIPTO_DATE_SK WHERE TPCDS.CUSTOMER.C_CURRENT_CDEMO_SK >= 1677000 AND TPCDS.DATE_DIM2.D_DOM = 25"
6001,"SELECT TPCDS.CATALOG_SALES.CS_SHIP_HDEMO_SK , TPCDS.DATE_DIM2.D_FY_WEEK_SEQ FROM TPCDS.CATALOG_SALES INNER JOIN TPCDS.DATE_DIM2 ON TPCDS.DATE_DIM2.D_DATE_SK = TPCDS.CATALOG_SALES.CS_SHIP_DATE_SK WHERE TPCDS.DATE_DIM2.D_QUARTER_SEQ >= 256 AND TPCDS.CATALOG_SALES.CS_ITEM_SK >= 11358"
6002,"SELECT TPCDS.CUSTOMER.C_FIRST_SALES_DATE_SK , TPCDS.DATE_DIM2.D_LAST_DOM FROM TPCDS.CUSTOMER INNER JOIN TPCDS.DATE_DIM2 ON TPCDS.DATE_DIM2.D_DATE_SK = TPCDS.CUSTOMER.C_FIRST_SHIPTO_DATE_SK WHERE TPCDS.DATE_DIM2.D_FY_YEAR >= 1933 AND TPCDS.CUSTOMER.C_BIRTH_YEAR >= 1924"
6003,"SELECT TPCDS.CATALOG_SALES.CS_BILL_CDEMO_SK , TPCDS.DATE_DIM2.D_QOY FROM TPCDS.CATALOG_SALES INNER JOIN TPCDS.DATE_DIM2 ON TPCDS.DATE_DIM2.D_DATE_SK = TPCDS.CATALOG_SALES.CS_SHIP_DATE_SK WHERE TPCDS.CATALOG_SALES.CS_BILL_CUSTOMER_SK <= 5470 AND TPCDS.CATALOG_SALES.CS_WAREHOUSE_SK = 1"
6004,"SELECT TPCDS.CATALOG_SALES.CS_SHIP_DATE_SK , TPCDS.DATE_DIM2.D_SAME_DAY_LY FROM TPCDS.CATALOG_SALES INNER JOIN TPCDS.DATE_DIM2 ON TPCDS.DATE_DIM2.D_DATE_SK = TPCDS.CATALOG_SALES.CS_SHIP_DATE_SK WHERE TPCDS.CATALOG_SALES.CS_EXT_SALES_PRICE = +00248.60 AND TPCDS.CATALOG_SALES.CS_COUPON_AMT <= +00000.70"
6005,"SELECT TPCDS.CUSTOMER.C_FIRST_SHIPTO_DATE_SK , TPCDS.DATE_DIM2.D_FY_QUARTER_SEQ FROM TPCDS.CUSTOMER INNER JOIN TPCDS.DATE_DIM2 ON TPCDS.DATE_DIM2.D_DATE_SK = TPCDS.CUSTOMER.C_FIRST_SHIPTO_DATE_SK WHERE TPCDS.DATE_DIM2.D_DOM = 7 AND TPCDS.CUSTOMER.C_FIRST_SALES_DATE_SK <= 2449450"
6006,"SELECT TPCDS.STORE.S_GMT_OFFSET , TPCDS.DATE_DIM2.D_DATE_SK FROM TPCDS.STORE INNER JOIN TPCDS.DATE_DIM2 ON TPCDS.DATE_DIM2.D_DATE_SK = TPCDS.STORE.S_CLOSED_DATE_SK WHERE TPCDS.STORE.S_DIVISION_ID <= 1 AND TPCDS.DATE_DIM2.D_WEEK_SEQ <= 5296"
6007,"SELECT TPCDS.DATE_DIM2.D_DOM , TPCDS.WEB_SALES.WS_NET_PAID_INC_SHIP_TAX FROM TPCDS.DATE_DIM2 INNER JOIN TPCDS.WEB_SALES ON TPCDS.WEB_SALES.WS_SHIP_DATE_SK = TPCDS.DATE_DIM2.D_DATE_SK WHERE TPCDS.WEB_SALES.WS_WEB_PAGE_SK >= 55 AND TPCDS.WEB_SALES.WS_SOLD_DATE_SK = 2452151"
6008,"SELECT TPCDS.CUSTOMER.C_CURRENT_CDEMO_SK , TPCDS.DATE_DIM2.D_FIRST_DOM FROM TPCDS.CUSTOMER INNER JOIN TPCDS.DATE_DIM2 ON TPCDS.DATE_DIM2.D_DATE_SK = TPCDS.CUSTOMER.C_FIRST_SHIPTO_DATE_SK WHERE TPCDS.DATE_DIM2.D_QOY >= 3 AND TPCDS.DATE_DIM2.D_SAME_DAY_LY >= 2419096"
6009,"SELECT TPCDS.CATALOG_SALES.CS_SALES_PRICE , TPCDS.DATE_DIM2.D_LAST_DOM FROM TPCDS.CATALOG_SALES INNER JOIN TPCDS.DATE_DIM2 ON TPCDS.DATE_DIM2.D_DATE_SK = TPCDS.CATALOG_SALES.CS_SHIP_DATE_SK WHERE TPCDS.CATALOG_SALES.CS_QUANTITY = 80 AND TPCDS.CATALOG_SALES.CS_EXT_TAX = +00000.50"
6010,"SELECT TPCDS.PROMOTION.P_COST , TPCDS.DATE_DIM2.D_SAME_DAY_LQ FROM TPCDS.PROMOTION INNER JOIN TPCDS.DATE_DIM2 ON TPCDS.DATE_DIM2.D_DATE_SK = TPCDS.PROMOTION.P_END_DATE_SK WHERE TPCDS.PROMOTION.P_START_DATE_SK = 2450347 AND TPCDS.DATE_DIM2.D_MOY <= 12"
6011,"SELECT TPCDS.WEB_SALES.WS_SHIP_CUSTOMER_SK , TPCDS.DATE_DIM2.D_QOY FROM TPCDS.WEB_SALES INNER JOIN TPCDS.DATE_DIM2 ON TPCDS.DATE_DIM2.D_DATE_SK = TPCDS.WEB_SALES.WS_SHIP_DATE_SK WHERE TPCDS.WEB_SALES.WS_SOLD_TIME_SK <= 69685 AND TPCDS.WEB_SALES.WS_SHIP_CDEMO_SK <= 1706919"
6012,"SELECT TPCDS.STORE.S_FLOOR_SPACE , TPCDS.DATE_DIM2.D_LAST_DOM FROM TPCDS.STORE INNER JOIN TPCDS.DATE_DIM2 ON TPCDS.DATE_DIM2.D_DATE_SK = TPCDS.STORE.S_CLOSED_DATE_SK WHERE TPCDS.DATE_DIM2.D_FY_QUARTER_SEQ <= 516 AND TPCDS.STORE.S_COMPANY_ID = 1"
6013,"SELECT TPCDS.CATALOG_PAGE.CP_CATALOG_PAGE_NUMBER , TPCDS.DATE_DIM2.D_DATE_SK FROM TPCDS.CATALOG_PAGE INNER JOIN TPCDS.DATE_DIM2 ON TPCDS.DATE_DIM2.D_DATE_SK = TPCDS.CATALOG_PAGE.CP_END_DATE_SK WHERE TPCDS.DATE_DIM2.D_DOM >= 2 AND TPCDS.CATALOG_PAGE.CP_END_DATE_SK >= 2452365"
6014,"SELECT TPCDS.WEB_SALES.WS_ITEM_SK , TPCDS.DATE_DIM2.D_DOM FROM TPCDS.WEB_SALES INNER JOIN TPCDS.DATE_DIM2 ON TPCDS.DATE_DIM2.D_DATE_SK = TPCDS.WEB_SALES.WS_SHIP_DATE_SK WHERE TPCDS.WEB_SALES.WS_NET_PAID = +00619.08 AND TPCDS.WEB_SALES.WS_EXT_SALES_PRICE <= +22198.77"
6015,"SELECT TPCDS.DATE_DIM2.D_FIRST_DOM , TPCDS.CATALOG_PAGE.CP_CATALOG_PAGE_NUMBER FROM TPCDS.DATE_DIM2 INNER JOIN TPCDS.CATALOG_PAGE ON TPCDS.CATALOG_PAGE.CP_END_DATE_SK = TPCDS.DATE_DIM2.D_DATE_SK WHERE TPCDS.DATE_DIM2.D_QOY = 1 AND TPCDS.DATE_DIM2.D_QUARTER_SEQ <= 683"
6016,"SELECT TPCDS.CUSTOMER.C_CUSTOMER_SK , TPCDS.DATE_DIM2.D_DOW FROM TPCDS.CUSTOMER INNER JOIN TPCDS.DATE_DIM2 ON TPCDS.DATE_DIM2.D_DATE_SK = TPCDS.CUSTOMER.C_FIRST_SHIPTO_DATE_SK WHERE TPCDS.CUSTOMER.C_CURRENT_CDEMO_SK = 1782720 AND TPCDS.CUSTOMER.C_BIRTH_DAY >= 10"
6017,"SELECT TPCDS.DATE_DIM2.D_DOW , TPCDS.WEB_PAGE.WP_CUSTOMER_SK FROM TPCDS.DATE_DIM2 INNER JOIN TPCDS.WEB_PAGE ON TPCDS.WEB_PAGE.WP_ACCESS_DATE_SK = TPCDS.DATE_DIM2.D_DATE_SK WHERE TPCDS.WEB_PAGE.WP_ACCESS_DATE_SK <= 2452620 AND TPCDS.WEB_PAGE.WP_IMAGE_COUNT = 2"
6018,"SELECT TPCDS.CATALOG_PAGE.CP_CATALOG_PAGE_NUMBER , TPCDS.DATE_DIM2.D_YEAR FROM TPCDS.CATALOG_PAGE INNER JOIN TPCDS.DATE_DIM2 ON TPCDS.DATE_DIM2.D_DATE_SK = TPCDS.CATALOG_PAGE.CP_END_DATE_SK WHERE TPCDS.DATE_DIM2.D_MOY = 6 AND TPCDS.CATALOG_PAGE.CP_CATALOG_NUMBER <= 109"
6019,"SELECT TPCDS.CATALOG_SALES.CS_BILL_ADDR_SK , TPCDS.DATE_DIM2.D_YEAR FROM TPCDS.CATALOG_SALES INNER JOIN TPCDS.DATE_DIM2 ON TPCDS.DATE_DIM2.D_DATE_SK = TPCDS.CATALOG_SALES.CS_SHIP_DATE_SK WHERE TPCDS.CATALOG_SALES.CS_SHIP_CUSTOMER_SK >= 10442 AND TPCDS.CATALOG_SALES.CS_SHIP_HDEMO_SK >= 2263"
6020,"SELECT TPCDS.CATALOG_SALES.CS_COUPON_AMT , TPCDS.DATE_DIM2.D_QUARTER_SEQ FROM TPCDS.CATALOG_SALES INNER JOIN TPCDS.DATE_DIM2 ON TPCDS.DATE_DIM2.D_DATE_SK = TPCDS.CATALOG_SALES.CS_SHIP_DATE_SK WHERE TPCDS.CATALOG_SALES.CS_EXT_SHIP_COST <= +12092.99 AND TPCDS.CATALOG_SALES.CS_BILL_CDEMO_SK <= 387631"
6021,"SELECT TPCDS.CUSTOMER.C_FIRST_SHIPTO_DATE_SK , TPCDS.DATE_DIM2.D_LAST_DOM FROM TPCDS.CUSTOMER INNER JOIN TPCDS.DATE_DIM2 ON TPCDS.DATE_DIM2.D_DATE_SK = TPCDS.CUSTOMER.C_FIRST_SHIPTO_DATE_SK WHERE TPCDS.CUSTOMER.C_CURRENT_HDEMO_SK >= 55 AND TPCDS.DATE_DIM2.D_MOY >= 1"
6022,"SELECT TPCDS.CATALOG_SALES.CS_WAREHOUSE_SK , TPCDS.DATE_DIM2.D_FY_QUARTER_SEQ FROM TPCDS.CATALOG_SALES INNER JOIN TPCDS.DATE_DIM2 ON TPCDS.DATE_DIM2.D_DATE_SK = TPCDS.CATALOG_SALES.CS_SHIP_DATE_SK WHERE TPCDS.CATALOG_SALES.CS_EXT_TAX >= +00001.54 AND TPCDS.CATALOG_SALES.CS_BILL_CDEMO_SK <= 387631"
6023,"SELECT TPCDS.CUSTOMER.C_CURRENT_ADDR_SK , TPCDS.DATE_DIM2.D_FY_WEEK_SEQ FROM TPCDS.CUSTOMER INNER JOIN TPCDS.DATE_DIM2 ON TPCDS.DATE_DIM2.D_DATE_SK = TPCDS.CUSTOMER.C_FIRST_SHIPTO_DATE_SK WHERE TPCDS.DATE_DIM2.D_YEAR >= 1912 AND TPCDS.CUSTOMER.C_CURRENT_CDEMO_SK <= 1920788"
6024,"SELECT TPCDS.WEB_PAGE.WP_CHAR_COUNT , TPCDS.DATE_DIM2.D_QOY FROM TPCDS.WEB_PAGE INNER JOIN TPCDS.DATE_DIM2 ON TPCDS.DATE_DIM2.D_DATE_SK = TPCDS.WEB_PAGE.WP_ACCESS_DATE_SK WHERE TPCDS.WEB_PAGE.WP_ACCESS_DATE_SK >= 2452648 AND TPCDS.DATE_DIM2.D_QUARTER_SEQ >= 93"
6025,"SELECT TPCDS.CATALOG_PAGE.CP_CATALOG_NUMBER , TPCDS.DATE_DIM2.D_YEAR FROM TPCDS.CATALOG_PAGE INNER JOIN TPCDS.DATE_DIM2 ON TPCDS.DATE_DIM2.D_DATE_SK = TPCDS.CATALOG_PAGE.CP_END_DATE_SK WHERE TPCDS.DATE_DIM2.D_YEAR >= 1958 AND TPCDS.DATE_DIM2.D_WEEK_SEQ <= 9947"
6026,"SELECT TPCDS.WEB_SALES.WS_EXT_WHOLESALE_COST , TPCDS.DATE_DIM2.D_SAME_DAY_LQ FROM TPCDS.WEB_SALES INNER JOIN TPCDS.DATE_DIM2 ON TPCDS.DATE_DIM2.D_DATE_SK = TPCDS.WEB_SALES.WS_SHIP_DATE_SK WHERE TPCDS.WEB_SALES.WS_NET_PAID_INC_TAX >= +00082.85 AND TPCDS.WEB_SALES.WS_EXT_SHIP_COST = +00097.92"
6027,"SELECT TPCDS.WEB_SITE.WEB_OPEN_DATE_SK , TPCDS.DATE_DIM2.D_LAST_DOM FROM TPCDS.WEB_SITE INNER JOIN TPCDS.DATE_DIM2 ON TPCDS.DATE_DIM2.D_DATE_SK = TPCDS.WEB_SITE.WEB_CLOSE_DATE_SK WHERE TPCDS.DATE_DIM2.D_DATE_SK <= 2488070 AND TPCDS.WEB_SITE.WEB_TAX_PERCENTAGE >= +000.07"
6028,"SELECT TPCDS.WEB_SITE.WEB_SITE_SK , TPCDS.DATE_DIM2.D_FY_QUARTER_SEQ FROM TPCDS.WEB_SITE INNER JOIN TPCDS.DATE_DIM2 ON TPCDS.DATE_DIM2.D_DATE_SK = TPCDS.WEB_SITE.WEB_CLOSE_DATE_SK WHERE TPCDS.WEB_SITE.WEB_OPEN_DATE_SK = 2450679 AND TPCDS.WEB_SITE.WEB_GMT_OFFSET <= -005.00"
6029,"SELECT TPCDS.CATALOG_SALES.CS_WAREHOUSE_SK , TPCDS.DATE_DIM2.D_QOY FROM TPCDS.CATALOG_SALES INNER JOIN TPCDS.DATE_DIM2 ON TPCDS.DATE_DIM2.D_DATE_SK = TPCDS.CATALOG_SALES.CS_SHIP_DATE_SK WHERE TPCDS.CATALOG_SALES.CS_CALL_CENTER_SK = 6 AND TPCDS.CATALOG_SALES.CS_BILL_ADDR_SK = 4717"
6030,"SELECT TPCDS.WEB_SALES.WS_WEB_SITE_SK , TPCDS.DATE_DIM2.D_FY_QUARTER_SEQ FROM TPCDS.WEB_SALES INNER JOIN TPCDS.DATE_DIM2 ON TPCDS.DATE_DIM2.D_DATE_SK = TPCDS.WEB_SALES.WS_SHIP_DATE_SK WHERE TPCDS.WEB_SALES.WS_EXT_SALES_PRICE <= +00984.84 AND TPCDS.WEB_SALES.WS_SHIP_HDEMO_SK = 5225"
6031,"SELECT TPCDS.WEB_SALES.WS_WEB_PAGE_SK , TPCDS.DATE_DIM2.D_QUARTER_SEQ FROM TPCDS.WEB_SALES INNER JOIN TPCDS.DATE_DIM2 ON TPCDS.DATE_DIM2.D_DATE_SK = TPCDS.WEB_SALES.WS_SHIP_DATE_SK WHERE TPCDS.WEB_SALES.WS_LIST_PRICE >= +00061.21 AND TPCDS.WEB_SALES.WS_SHIP_CUSTOMER_SK <= 5607"
6032,"SELECT TPCDS.WEB_SALES.WS_EXT_TAX , TPCDS.DATE_DIM2.D_DOW FROM TPCDS.WEB_SALES INNER JOIN TPCDS.DATE_DIM2 ON TPCDS.DATE_DIM2.D_DATE_SK = TPCDS.WEB_SALES.WS_SHIP_DATE_SK WHERE TPCDS.WEB_SALES.WS_PROMO_SK <= 285 AND TPCDS.WEB_SALES.WS_SHIP_CUSTOMER_SK <= 69841"
6033,"SELECT TPCDS.CATALOG_SALES.CS_ORDER_NUMBER , TPCDS.DATE_DIM2.D_YEAR FROM TPCDS.CATALOG_SALES INNER JOIN TPCDS.DATE_DIM2 ON TPCDS.DATE_DIM2.D_DATE_SK = TPCDS.CATALOG_SALES.CS_SHIP_DATE_SK WHERE TPCDS.CATALOG_SALES.CS_NET_PAID_INC_SHIP_TAX = +00051.17 AND TPCDS.CATALOG_SALES.CS_NET_PAID_INC_TAX <= +00155.06"
6034,"SELECT TPCDS.CATALOG_SALES.CS_NET_PROFIT , TPCDS.DATE_DIM2.D_FIRST_DOM FROM TPCDS.CATALOG_SALES INNER JOIN TPCDS.DATE_DIM2 ON TPCDS.DATE_DIM2.D_DATE_SK = TPCDS.CATALOG_SALES.CS_SHIP_DATE_SK WHERE TPCDS.CATALOG_SALES.CS_SHIP_CDEMO_SK >= 5 AND TPCDS.DATE_DIM2.D_DOM >= 7"
6035,"SELECT TPCDS.STORE.S_STORE_SK , TPCDS.DATE_DIM2.D_FY_YEAR FROM TPCDS.STORE INNER JOIN TPCDS.DATE_DIM2 ON TPCDS.DATE_DIM2.D_DATE_SK = TPCDS.STORE.S_CLOSED_DATE_SK WHERE TPCDS.DATE_DIM2.D_MONTH_SEQ <= 1658 AND TPCDS.STORE.S_COMPANY_ID = 1"
6036,"SELECT TPCDS.WEB_SALES.WS_WEB_SITE_SK , TPCDS.DATE_DIM2.D_FIRST_DOM FROM TPCDS.WEB_SALES INNER JOIN TPCDS.DATE_DIM2 ON TPCDS.DATE_DIM2.D_DATE_SK = TPCDS.WEB_SALES.WS_SHIP_DATE_SK WHERE TPCDS.WEB_SALES.WS_SHIP_MODE_SK <= 10 AND TPCDS.WEB_SALES.WS_COUPON_AMT = +00002.29"
6037,"SELECT TPCDS.WEB_SITE.WEB_COMPANY_ID , TPCDS.DATE_DIM2.D_DATE_SK FROM TPCDS.WEB_SITE INNER JOIN TPCDS.DATE_DIM2 ON TPCDS.DATE_DIM2.D_DATE_SK = TPCDS.WEB_SITE.WEB_CLOSE_DATE_SK WHERE TPCDS.DATE_DIM2.D_FY_YEAR >= 1942 AND TPCDS.DATE_DIM2.D_SAME_DAY_LQ >= 2415092"
6038,"SELECT TPCDS.CUSTOMER.C_BIRTH_MONTH , TPCDS.DATE_DIM2.D_FIRST_DOM FROM TPCDS.CUSTOMER INNER JOIN TPCDS.DATE_DIM2 ON TPCDS.DATE_DIM2.D_DATE_SK = TPCDS.CUSTOMER.C_FIRST_SHIPTO_DATE_SK WHERE TPCDS.DATE_DIM2.D_FY_WEEK_SEQ <= 5619 AND TPCDS.DATE_DIM2.D_FIRST_DOM >= 2438762"
6039,"SELECT TPCDS.CATALOG_SALES.CS_CATALOG_PAGE_SK , TPCDS.DATE_DIM2.D_DATE_SK FROM TPCDS.CATALOG_SALES INNER JOIN TPCDS.DATE_DIM2 ON TPCDS.DATE_DIM2.D_DATE_SK = TPCDS.CATALOG_SALES.CS_SHIP_DATE_SK WHERE TPCDS.CATALOG_SALES.CS_QUANTITY = 71 AND TPCDS.DATE_DIM2.D_FY_QUARTER_SEQ <= 432"
6040,"SELECT TPCDS.WEB_SALES.WS_NET_PAID_INC_SHIP , TPCDS.DATE_DIM2.D_SAME_DAY_LY FROM TPCDS.WEB_SALES INNER JOIN TPCDS.DATE_DIM2 ON TPCDS.DATE_DIM2.D_DATE_SK = TPCDS.WEB_SALES.WS_SHIP_DATE_SK WHERE TPCDS.WEB_SALES.WS_EXT_SHIP_COST >= +00038.64 AND TPCDS.WEB_SALES.WS_NET_PAID_INC_SHIP_TAX <= +00110.19"
6041,"SELECT TPCDS.CATALOG_PAGE.CP_END_DATE_SK , TPCDS.DATE_DIM2.D_YEAR FROM TPCDS.CATALOG_PAGE INNER JOIN TPCDS.DATE_DIM2 ON TPCDS.DATE_DIM2.D_DATE_SK = TPCDS.CATALOG_PAGE.CP_END_DATE_SK WHERE TPCDS.DATE_DIM2.D_FY_WEEK_SEQ = 5296 AND TPCDS.DATE_DIM2.D_DOM >= 15"
6042,"SELECT TPCDS.WEB_SALES.WS_SHIP_CUSTOMER_SK , TPCDS.DATE_DIM2.D_FY_YEAR FROM TPCDS.WEB_SALES INNER JOIN TPCDS.DATE_DIM2 ON TPCDS.DATE_DIM2.D_DATE_SK = TPCDS.WEB_SALES.WS_SHIP_DATE_SK WHERE TPCDS.WEB_SALES.WS_ITEM_SK <= 16111 AND TPCDS.WEB_SALES.WS_PROMO_SK >= 110"
6043,"SELECT TPCDS.CUSTOMER.C_FIRST_SALES_DATE_SK , TPCDS.DATE_DIM2.D_LAST_DOM FROM TPCDS.CUSTOMER INNER JOIN TPCDS.DATE_DIM2 ON TPCDS.DATE_DIM2.D_DATE_SK = TPCDS.CUSTOMER.C_FIRST_SHIPTO_DATE_SK WHERE TPCDS.DATE_DIM2.D_DOW <= 5 AND TPCDS.DATE_DIM2.D_SAME_DAY_LQ = 2450099"
6044,"SELECT TPCDS.STORE.S_TAX_PRECENTAGE , TPCDS.DATE_DIM2.D_YEAR FROM TPCDS.STORE INNER JOIN TPCDS.DATE_DIM2 ON TPCDS.DATE_DIM2.D_DATE_SK = TPCDS.STORE.S_CLOSED_DATE_SK WHERE TPCDS.STORE.S_CLOSED_DATE_SK <= 2451189 AND TPCDS.STORE.S_TAX_PRECENTAGE <= +000.06"
6045,"SELECT TPCDS.CATALOG_SALES.CS_WAREHOUSE_SK , TPCDS.DATE_DIM2.D_YEAR FROM TPCDS.CATALOG_SALES INNER JOIN TPCDS.DATE_DIM2 ON TPCDS.DATE_DIM2.D_DATE_SK = TPCDS.CATALOG_SALES.CS_SHIP_DATE_SK WHERE TPCDS.CATALOG_SALES.CS_NET_PAID_INC_SHIP = +06688.20 AND TPCDS.CATALOG_SALES.CS_BILL_HDEMO_SK >= 3889"
6046,"SELECT TPCDS.CUSTOMER.C_BIRTH_MONTH , TPCDS.DATE_DIM2.D_QOY FROM TPCDS.CUSTOMER INNER JOIN TPCDS.DATE_DIM2 ON TPCDS.DATE_DIM2.D_DATE_SK = TPCDS.CUSTOMER.C_FIRST_SHIPTO_DATE_SK WHERE TPCDS.CUSTOMER.C_FIRST_SALES_DATE_SK <= 2450200 AND TPCDS.DATE_DIM2.D_QUARTER_SEQ <= 639"
6047,"SELECT TPCDS.PROMOTION.P_END_DATE_SK , TPCDS.DATE_DIM2.D_FY_WEEK_SEQ FROM TPCDS.PROMOTION INNER JOIN TPCDS.DATE_DIM2 ON TPCDS.DATE_DIM2.D_DATE_SK = TPCDS.PROMOTION.P_END_DATE_SK WHERE TPCDS.PROMOTION.P_END_DATE_SK <= 2450732 AND TPCDS.PROMOTION.P_PROMO_SK <= 99"
6048,"SELECT TPCDS.CATALOG_SALES.CS_BILL_ADDR_SK , TPCDS.DATE_DIM2.D_DATE_SK FROM TPCDS.CATALOG_SALES INNER JOIN TPCDS.DATE_DIM2 ON TPCDS.DATE_DIM2.D_DATE_SK = TPCDS.CATALOG_SALES.CS_SHIP_DATE_SK WHERE TPCDS.CATALOG_SALES.CS_WAREHOUSE_SK = 1 AND TPCDS.DATE_DIM2.D_DATE_SK >= 2426555"
6049,"SELECT TPCDS.WEB_SITE.WEB_TAX_PERCENTAGE , TPCDS.DATE_DIM2.D_DOW FROM TPCDS.WEB_SITE INNER JOIN TPCDS.DATE_DIM2 ON TPCDS.DATE_DIM2.D_DATE_SK = TPCDS.WEB_SITE.WEB_CLOSE_DATE_SK WHERE TPCDS.DATE_DIM2.D_SAME_DAY_LQ <= 2450099 AND TPCDS.WEB_SITE.WEB_MKT_ID <= 2"
6050,"SELECT TPCDS.WEB_SALES.WS_LIST_PRICE , TPCDS.DATE_DIM2.D_DOM FROM TPCDS.WEB_SALES INNER JOIN TPCDS.DATE_DIM2 ON TPCDS.DATE_DIM2.D_DATE_SK = TPCDS.WEB_SALES.WS_SHIP_DATE_SK WHERE TPCDS.WEB_SALES.WS_EXT_LIST_PRICE = +01100.29 AND TPCDS.WEB_SALES.WS_EXT_DISCOUNT_AMT <= +09533.70"
6051,"SELECT TPCDS.WEB_SALES.WS_BILL_HDEMO_SK , TPCDS.DATE_DIM2.D_SAME_DAY_LQ FROM TPCDS.WEB_SALES INNER JOIN TPCDS.DATE_DIM2 ON TPCDS.DATE_DIM2.D_DATE_SK = TPCDS.WEB_SALES.WS_SHIP_DATE_SK WHERE TPCDS.WEB_SALES.WS_ORDER_NUMBER >= 5107 AND TPCDS.WEB_SALES.WS_EXT_TAX >= +00001.18"
6052,"SELECT TPCDS.CATALOG_SALES.CS_EXT_DISCOUNT_AMT , TPCDS.DATE_DIM2.D_MOY FROM TPCDS.CATALOG_SALES INNER JOIN TPCDS.DATE_DIM2 ON TPCDS.DATE_DIM2.D_DATE_SK = TPCDS.CATALOG_SALES.CS_SHIP_DATE_SK WHERE TPCDS.DATE_DIM2.D_WEEK_SEQ <= 6771 AND TPCDS.CATALOG_SALES.CS_PROMO_SK = 186"
6053,"SELECT TPCDS.CATALOG_PAGE.CP_CATALOG_PAGE_NUMBER , TPCDS.DATE_DIM2.D_SAME_DAY_LQ FROM TPCDS.CATALOG_PAGE INNER JOIN TPCDS.DATE_DIM2 ON TPCDS.DATE_DIM2.D_DATE_SK = TPCDS.CATALOG_PAGE.CP_END_DATE_SK WHERE TPCDS.CATALOG_PAGE.CP_CATALOG_PAGE_NUMBER = 4 AND TPCDS.DATE_DIM2.D_SAME_DAY_LY >= 2414746"
6054,"SELECT TPCDS.CATALOG_PAGE.CP_END_DATE_SK , TPCDS.DATE_DIM2.D_DATE_SK FROM TPCDS.CATALOG_PAGE INNER JOIN TPCDS.DATE_DIM2 ON TPCDS.DATE_DIM2.D_DATE_SK = TPCDS.CATALOG_PAGE.CP_END_DATE_SK WHERE TPCDS.DATE_DIM2.D_DOW >= 0 AND TPCDS.DATE_DIM2.D_SAME_DAY_LY >= 2426697"
6055,"SELECT TPCDS.CATALOG_SALES.CS_NET_PAID_INC_SHIP , TPCDS.DATE_DIM2.D_SAME_DAY_LQ FROM TPCDS.CATALOG_SALES INNER JOIN TPCDS.DATE_DIM2 ON TPCDS.DATE_DIM2.D_DATE_SK = TPCDS.CATALOG_SALES.CS_SHIP_DATE_SK WHERE TPCDS.CATALOG_SALES.CS_LIST_PRICE <= +00067.65 AND TPCDS.CATALOG_SALES.CS_WAREHOUSE_SK >= 5"
6056,"SELECT TPCDS.STORE.S_STORE_SK , TPCDS.DATE_DIM2.D_DOW FROM TPCDS.STORE INNER JOIN TPCDS.DATE_DIM2 ON TPCDS.DATE_DIM2.D_DATE_SK = TPCDS.STORE.S_CLOSED_DATE_SK WHERE TPCDS.DATE_DIM2.D_DOW <= 5 AND TPCDS.DATE_DIM2.D_QOY >= 3"
6057,"SELECT TPCDS.WEB_PAGE.WP_IMAGE_COUNT , TPCDS.DATE_DIM2.D_SAME_DAY_LY FROM TPCDS.WEB_PAGE INNER JOIN TPCDS.DATE_DIM2 ON TPCDS.DATE_DIM2.D_DATE_SK = TPCDS.WEB_PAGE.WP_ACCESS_DATE_SK WHERE TPCDS.WEB_PAGE.WP_CREATION_DATE_SK <= 2450815 AND TPCDS.WEB_PAGE.WP_WEB_PAGE_SK >= 3"
6058,"SELECT TPCDS.CATALOG_PAGE.CP_START_DATE_SK , TPCDS.DATE_DIM2.D_FY_QUARTER_SEQ FROM TPCDS.CATALOG_PAGE INNER JOIN TPCDS.DATE_DIM2 ON TPCDS.DATE_DIM2.D_DATE_SK = TPCDS.CATALOG_PAGE.CP_END_DATE_SK WHERE TPCDS.DATE_DIM2.D_DOM >= 5 AND TPCDS.DATE_DIM2.D_WEEK_SEQ <= 6767"
6059,"SELECT TPCDS.CATALOG_SALES.CS_EXT_LIST_PRICE , TPCDS.DATE_DIM2.D_QOY FROM TPCDS.CATALOG_SALES INNER JOIN TPCDS.DATE_DIM2 ON TPCDS.DATE_DIM2.D_DATE_SK = TPCDS.CATALOG_SALES.CS_SHIP_DATE_SK WHERE TPCDS.CATALOG_SALES.CS_SHIP_CUSTOMER_SK >= 2782 AND TPCDS.CATALOG_SALES.CS_EXT_SHIP_COST <= +04699.80"
6060,"SELECT TPCDS.CATALOG_SALES.CS_SHIP_HDEMO_SK , TPCDS.DATE_DIM2.D_WEEK_SEQ FROM TPCDS.CATALOG_SALES INNER JOIN TPCDS.DATE_DIM2 ON TPCDS.DATE_DIM2.D_DATE_SK = TPCDS.CATALOG_SALES.CS_SHIP_DATE_SK WHERE TPCDS.CATALOG_SALES.CS_SHIP_MODE_SK = 4 AND TPCDS.CATALOG_SALES.CS_EXT_TAX <= +01509.88"
6061,"SELECT TPCDS.CUSTOMER.C_CURRENT_ADDR_SK , TPCDS.DATE_DIM2.D_SAME_DAY_LQ FROM TPCDS.CUSTOMER INNER JOIN TPCDS.DATE_DIM2 ON TPCDS.DATE_DIM2.D_DATE_SK = TPCDS.CUSTOMER.C_FIRST_SHIPTO_DATE_SK WHERE TPCDS.DATE_DIM2.D_DOW = 2 AND TPCDS.DATE_DIM2.D_FY_YEAR <= 1996"
6062,"SELECT TPCDS.PROMOTION.P_COST , TPCDS.DATE_DIM2.D_DOW FROM TPCDS.PROMOTION INNER JOIN TPCDS.DATE_DIM2 ON TPCDS.DATE_DIM2.D_DATE_SK = TPCDS.PROMOTION.P_END_DATE_SK WHERE TPCDS.PROMOTION.P_COST <= +0000000001000.00 AND TPCDS.DATE_DIM2.D_DOW = 0"
6063,"SELECT TPCDS.WEB_SITE.WEB_CLOSE_DATE_SK , TPCDS.DATE_DIM2.D_FY_YEAR FROM TPCDS.WEB_SITE INNER JOIN TPCDS.DATE_DIM2 ON TPCDS.DATE_DIM2.D_DATE_SK = TPCDS.WEB_SITE.WEB_CLOSE_DATE_SK WHERE TPCDS.DATE_DIM2.D_MONTH_SEQ >= 765 AND TPCDS.DATE_DIM2.D_DOW = 6"
6064,"SELECT TPCDS.WEB_SALES.WS_SHIP_MODE_SK , TPCDS.DATE_DIM2.D_WEEK_SEQ FROM TPCDS.WEB_SALES INNER JOIN TPCDS.DATE_DIM2 ON TPCDS.DATE_DIM2.D_DATE_SK = TPCDS.WEB_SALES.WS_SHIP_DATE_SK WHERE TPCDS.WEB_SALES.WS_WHOLESALE_COST <= +00095.08 AND TPCDS.WEB_SALES.WS_EXT_WHOLESALE_COST = +01247.58"
6065,"SELECT TPCDS.PROMOTION.P_COST , TPCDS.DATE_DIM2.D_WEEK_SEQ FROM TPCDS.PROMOTION INNER JOIN TPCDS.DATE_DIM2 ON TPCDS.DATE_DIM2.D_DATE_SK = TPCDS.PROMOTION.P_END_DATE_SK WHERE TPCDS.PROMOTION.P_PROMO_SK >= 59 AND TPCDS.DATE_DIM2.D_MOY >= 1"
6066,"SELECT TPCDS.PROMOTION.P_ITEM_SK , TPCDS.DATE_DIM2.D_LAST_DOM FROM TPCDS.PROMOTION INNER JOIN TPCDS.DATE_DIM2 ON TPCDS.DATE_DIM2.D_DATE_SK = TPCDS.PROMOTION.P_END_DATE_SK WHERE TPCDS.DATE_DIM2.D_LAST_DOM <= 2471754 AND TPCDS.PROMOTION.P_PROMO_SK >= 300"
6067,"SELECT TPCDS.CATALOG_SALES.CS_CATALOG_PAGE_SK , TPCDS.DATE_DIM2.D_WEEK_SEQ FROM TPCDS.CATALOG_SALES INNER JOIN TPCDS.DATE_DIM2 ON TPCDS.DATE_DIM2.D_DATE_SK = TPCDS.CATALOG_SALES.CS_SHIP_DATE_SK WHERE TPCDS.CATALOG_SALES.CS_EXT_TAX = +00000.72 AND TPCDS.DATE_DIM2.D_MOY >= 12"
6068,"SELECT TPCDS.CATALOG_PAGE.CP_END_DATE_SK , TPCDS.DATE_DIM2.D_MOY FROM TPCDS.CATALOG_PAGE INNER JOIN TPCDS.DATE_DIM2 ON TPCDS.DATE_DIM2.D_DATE_SK = TPCDS.CATALOG_PAGE.CP_END_DATE_SK WHERE TPCDS.DATE_DIM2.D_SAME_DAY_LY >= 2414990 AND TPCDS.CATALOG_PAGE.CP_CATALOG_PAGE_SK = 3109"
6069,"SELECT TPCDS.WEB_SALES.WS_SHIP_HDEMO_SK , TPCDS.DATE_DIM2.D_FIRST_DOM FROM TPCDS.WEB_SALES INNER JOIN TPCDS.DATE_DIM2 ON TPCDS.DATE_DIM2.D_DATE_SK = TPCDS.WEB_SALES.WS_SHIP_DATE_SK WHERE TPCDS.DATE_DIM2.D_WEEK_SEQ <= 8320 AND TPCDS.WEB_SALES.WS_BILL_HDEMO_SK = 2024"
6070,"SELECT TPCDS.DATE_DIM2.D_QOY , TPCDS.WEB_PAGE.WP_ACCESS_DATE_SK FROM TPCDS.DATE_DIM2 INNER JOIN TPCDS.WEB_PAGE ON TPCDS.WEB_PAGE.WP_ACCESS_DATE_SK = TPCDS.DATE_DIM2.D_DATE_SK WHERE TPCDS.DATE_DIM2.D_MOY >= 3 AND TPCDS.WEB_PAGE.WP_ACCESS_DATE_SK = 2452583"
6071,"SELECT TPCDS.DATE_DIM2.D_FY_YEAR , TPCDS.CATALOG_SALES.CS_BILL_HDEMO_SK FROM TPCDS.DATE_DIM2 INNER JOIN TPCDS.CATALOG_SALES ON TPCDS.CATALOG_SALES.CS_SHIP_DATE_SK = TPCDS.DATE_DIM2.D_DATE_SK WHERE TPCDS.DATE_DIM2.D_MOY >= 11 AND TPCDS.CATALOG_SALES.CS_SHIP_MODE_SK <= 10"
6072,"SELECT TPCDS.CATALOG_PAGE.CP_CATALOG_PAGE_SK , TPCDS.DATE_DIM2.D_QUARTER_SEQ FROM TPCDS.CATALOG_PAGE INNER JOIN TPCDS.DATE_DIM2 ON TPCDS.DATE_DIM2.D_DATE_SK = TPCDS.CATALOG_PAGE.CP_END_DATE_SK WHERE TPCDS.CATALOG_PAGE.CP_END_DATE_SK = 2453186 AND TPCDS.CATALOG_PAGE.CP_START_DATE_SK >= 2451362"
6073,"SELECT TPCDS.CUSTOMER.C_BIRTH_MONTH , TPCDS.DATE_DIM2.D_FY_YEAR FROM TPCDS.CUSTOMER INNER JOIN TPCDS.DATE_DIM2 ON TPCDS.DATE_DIM2.D_DATE_SK = TPCDS.CUSTOMER.C_FIRST_SHIPTO_DATE_SK WHERE TPCDS.DATE_DIM2.D_FIRST_DOM >= 2438304 AND TPCDS.DATE_DIM2.D_MOY <= 12"
6074,"SELECT TPCDS.WEB_SITE.WEB_SITE_SK , TPCDS.DATE_DIM2.D_FIRST_DOM FROM TPCDS.WEB_SITE INNER JOIN TPCDS.DATE_DIM2 ON TPCDS.DATE_DIM2.D_DATE_SK = TPCDS.WEB_SITE.WEB_CLOSE_DATE_SK WHERE TPCDS.WEB_SITE.WEB_GMT_OFFSET = -005.00 AND TPCDS.WEB_SITE.WEB_OPEN_DATE_SK = 2450747"
6075,"SELECT TPCDS.CATALOG_PAGE.CP_CATALOG_PAGE_NUMBER , TPCDS.DATE_DIM2.D_FIRST_DOM FROM TPCDS.CATALOG_PAGE INNER JOIN TPCDS.DATE_DIM2 ON TPCDS.DATE_DIM2.D_DATE_SK = TPCDS.CATALOG_PAGE.CP_END_DATE_SK WHERE TPCDS.CATALOG_PAGE.CP_END_DATE_SK <= 2451726 AND TPCDS.DATE_DIM2.D_DOW <= 3"
6076,"SELECT TPCDS.PROMOTION.P_END_DATE_SK , TPCDS.DATE_DIM2.D_FY_QUARTER_SEQ FROM TPCDS.PROMOTION INNER JOIN TPCDS.DATE_DIM2 ON TPCDS.DATE_DIM2.D_DATE_SK = TPCDS.PROMOTION.P_END_DATE_SK WHERE TPCDS.PROMOTION.P_RESPONSE_TARGET >= 1 AND TPCDS.PROMOTION.P_PROMO_SK <= 197"
6077,"SELECT TPCDS.CATALOG_SALES.CS_BILL_ADDR_SK , TPCDS.DATE_DIM2.D_FY_QUARTER_SEQ FROM TPCDS.CATALOG_SALES INNER JOIN TPCDS.DATE_DIM2 ON TPCDS.DATE_DIM2.D_DATE_SK = TPCDS.CATALOG_SALES.CS_SHIP_DATE_SK WHERE TPCDS.CATALOG_SALES.CS_BILL_CUSTOMER_SK >= 2644 AND TPCDS.CATALOG_SALES.CS_NET_PAID_INC_SHIP = +00744.90"
6078,"SELECT TPCDS.WEB_SALES.WS_WHOLESALE_COST , TPCDS.DATE_DIM2.D_SAME_DAY_LY FROM TPCDS.WEB_SALES INNER JOIN TPCDS.DATE_DIM2 ON TPCDS.DATE_DIM2.D_DATE_SK = TPCDS.WEB_SALES.WS_SHIP_DATE_SK WHERE TPCDS.WEB_SALES.WS_SHIP_HDEMO_SK >= 2437 AND TPCDS.WEB_SALES.WS_QUANTITY >= 90"
6079,"SELECT TPCDS.STORE.S_COMPANY_ID , TPCDS.DATE_DIM2.D_FY_WEEK_SEQ FROM TPCDS.STORE INNER JOIN TPCDS.DATE_DIM2 ON TPCDS.DATE_DIM2.D_DATE_SK = TPCDS.STORE.S_CLOSED_DATE_SK WHERE TPCDS.STORE.S_DIVISION_ID >= 1 AND TPCDS.STORE.S_COMPANY_ID = 1"
6080,"SELECT TPCDS.STORE.S_TAX_PRECENTAGE , TPCDS.DATE_DIM2.D_FY_WEEK_SEQ FROM TPCDS.STORE INNER JOIN TPCDS.DATE_DIM2 ON TPCDS.DATE_DIM2.D_DATE_SK = TPCDS.STORE.S_CLOSED_DATE_SK WHERE TPCDS.DATE_DIM2.D_WEEK_SEQ <= 6767 AND TPCDS.STORE.S_CLOSED_DATE_SK = 2450910"
6081,"SELECT TPCDS.PROMOTION.P_START_DATE_SK , TPCDS.DATE_DIM2.D_LAST_DOM FROM TPCDS.PROMOTION INNER JOIN TPCDS.DATE_DIM2 ON TPCDS.DATE_DIM2.D_DATE_SK = TPCDS.PROMOTION.P_END_DATE_SK WHERE TPCDS.DATE_DIM2.D_DOW = 2 AND TPCDS.DATE_DIM2.D_WEEK_SEQ <= 8902"
6082,"SELECT TPCDS.PROMOTION.P_START_DATE_SK , TPCDS.DATE_DIM2.D_QOY FROM TPCDS.PROMOTION INNER JOIN TPCDS.DATE_DIM2 ON TPCDS.DATE_DIM2.D_DATE_SK = TPCDS.PROMOTION.P_END_DATE_SK WHERE TPCDS.PROMOTION.P_COST = +0000000001000.00 AND TPCDS.DATE_DIM2.D_DOW <= 3"
6083,"SELECT TPCDS.WEB_SALES.WS_SHIP_CDEMO_SK , TPCDS.DATE_DIM2.D_FY_QUARTER_SEQ FROM TPCDS.WEB_SALES INNER JOIN TPCDS.DATE_DIM2 ON TPCDS.DATE_DIM2.D_DATE_SK = TPCDS.WEB_SALES.WS_SHIP_DATE_SK WHERE TPCDS.WEB_SALES.WS_EXT_WHOLESALE_COST >= +05049.68 AND TPCDS.WEB_SALES.WS_WHOLESALE_COST = +00095.08"
6084,"SELECT TPCDS.CATALOG_SALES.CS_EXT_SALES_PRICE , TPCDS.DATE_DIM2.D_SAME_DAY_LY FROM TPCDS.CATALOG_SALES INNER JOIN TPCDS.DATE_DIM2 ON TPCDS.DATE_DIM2.D_DATE_SK = TPCDS.CATALOG_SALES.CS_SHIP_DATE_SK WHERE TPCDS.DATE_DIM2.D_DOW = 5 AND TPCDS.CATALOG_SALES.CS_EXT_SHIP_COST >= +00365.93"
6085,"SELECT TPCDS.WEB_SITE.WEB_COMPANY_ID , TPCDS.DATE_DIM2.D_DOM FROM TPCDS.WEB_SITE INNER JOIN TPCDS.DATE_DIM2 ON TPCDS.DATE_DIM2.D_DATE_SK = TPCDS.WEB_SITE.WEB_CLOSE_DATE_SK WHERE TPCDS.DATE_DIM2.D_SAME_DAY_LY <= 2453984 AND TPCDS.DATE_DIM2.D_LAST_DOM <= 2484841"
6086,"SELECT TPCDS.WEB_SITE.WEB_MKT_ID , TPCDS.DATE_DIM2.D_FY_QUARTER_SEQ FROM TPCDS.WEB_SITE INNER JOIN TPCDS.DATE_DIM2 ON TPCDS.DATE_DIM2.D_DATE_SK = TPCDS.WEB_SITE.WEB_CLOSE_DATE_SK WHERE TPCDS.WEB_SITE.WEB_SITE_SK <= 17 AND TPCDS.DATE_DIM2.D_DOW >= 3"
6087,"SELECT TPCDS.DATE_DIM2.D_QOY , TPCDS.WEB_SALES.WS_BILL_CDEMO_SK FROM TPCDS.DATE_DIM2 INNER JOIN TPCDS.WEB_SALES ON TPCDS.WEB_SALES.WS_SHIP_DATE_SK = TPCDS.DATE_DIM2.D_DATE_SK WHERE TPCDS.WEB_SALES.WS_WEB_PAGE_SK = 3 AND TPCDS.WEB_SALES.WS_SOLD_TIME_SK >= 85958"
6088,"SELECT TPCDS.WEB_SITE.WEB_SITE_SK , TPCDS.DATE_DIM2.D_QOY FROM TPCDS.WEB_SITE INNER JOIN TPCDS.DATE_DIM2 ON TPCDS.DATE_DIM2.D_DATE_SK = TPCDS.WEB_SITE.WEB_CLOSE_DATE_SK WHERE TPCDS.WEB_SITE.WEB_COMPANY_ID = 4 AND TPCDS.DATE_DIM2.D_DOW = 5"
6089,"SELECT TPCDS.WEB_SITE.WEB_CLOSE_DATE_SK , TPCDS.DATE_DIM2.D_DOW FROM TPCDS.WEB_SITE INNER JOIN TPCDS.DATE_DIM2 ON TPCDS.DATE_DIM2.D_DATE_SK = TPCDS.WEB_SITE.WEB_CLOSE_DATE_SK WHERE TPCDS.WEB_SITE.WEB_TAX_PERCENTAGE <= +000.12 AND TPCDS.WEB_SITE.WEB_GMT_OFFSET = -005.00"
6090,"SELECT TPCDS.CATALOG_SALES.CS_SHIP_CDEMO_SK , TPCDS.DATE_DIM2.D_DOM FROM TPCDS.CATALOG_SALES INNER JOIN TPCDS.DATE_DIM2 ON TPCDS.DATE_DIM2.D_DATE_SK = TPCDS.CATALOG_SALES.CS_SHIP_DATE_SK WHERE TPCDS.CATALOG_SALES.CS_EXT_DISCOUNT_AMT >= +01493.94 AND TPCDS.CATALOG_SALES.CS_EXT_SALES_PRICE = +00038.54"
6091,"SELECT TPCDS.STORE.S_TAX_PRECENTAGE , TPCDS.DATE_DIM2.D_SAME_DAY_LY FROM TPCDS.STORE INNER JOIN TPCDS.DATE_DIM2 ON TPCDS.DATE_DIM2.D_DATE_SK = TPCDS.STORE.S_CLOSED_DATE_SK WHERE TPCDS.STORE.S_TAX_PRECENTAGE = +000.03 AND TPCDS.DATE_DIM2.D_SAME_DAY_LQ >= 2446205"
6092,"SELECT TPCDS.CATALOG_PAGE.CP_END_DATE_SK , TPCDS.DATE_DIM2.D_MONTH_SEQ FROM TPCDS.CATALOG_PAGE INNER JOIN TPCDS.DATE_DIM2 ON TPCDS.DATE_DIM2.D_DATE_SK = TPCDS.CATALOG_PAGE.CP_END_DATE_SK WHERE TPCDS.DATE_DIM2.D_FY_YEAR <= 2070 AND TPCDS.DATE_DIM2.D_DOM >= 22"
6093,"SELECT TPCDS.CATALOG_SALES.CS_SHIP_DATE_SK , TPCDS.DATE_DIM2.D_MONTH_SEQ FROM TPCDS.CATALOG_SALES INNER JOIN TPCDS.DATE_DIM2 ON TPCDS.DATE_DIM2.D_DATE_SK = TPCDS.CATALOG_SALES.CS_SHIP_DATE_SK WHERE TPCDS.CATALOG_SALES.CS_NET_PAID = +00152.07 AND TPCDS.CATALOG_SALES.CS_EXT_SALES_PRICE >= +00292.00"
6094,"SELECT TPCDS.WEB_SALES.WS_SOLD_DATE_SK , TPCDS.DATE_DIM2.D_DOM FROM TPCDS.WEB_SALES INNER JOIN TPCDS.DATE_DIM2 ON TPCDS.DATE_DIM2.D_DATE_SK = TPCDS.WEB_SALES.WS_SHIP_DATE_SK WHERE TPCDS.DATE_DIM2.D_DOW = 2 AND TPCDS.WEB_SALES.WS_SHIP_MODE_SK = 19"
6095,"SELECT TPCDS.CATALOG_SALES.CS_SHIP_DATE_SK , TPCDS.DATE_DIM2.D_LAST_DOM FROM TPCDS.CATALOG_SALES INNER JOIN TPCDS.DATE_DIM2 ON TPCDS.DATE_DIM2.D_DATE_SK = TPCDS.CATALOG_SALES.CS_SHIP_DATE_SK WHERE TPCDS.CATALOG_SALES.CS_SHIP_DATE_SK = 2452570 AND TPCDS.CATALOG_SALES.CS_NET_PAID_INC_SHIP >= +01484.98"
6096,"SELECT TPCDS.STORE.S_FLOOR_SPACE , TPCDS.DATE_DIM2.D_LAST_DOM FROM TPCDS.STORE INNER JOIN TPCDS.DATE_DIM2 ON TPCDS.DATE_DIM2.D_DATE_SK = TPCDS.STORE.S_CLOSED_DATE_SK WHERE TPCDS.STORE.S_GMT_OFFSET <= -005.00 AND TPCDS.STORE.S_MARKET_ID >= 6"
6097,"SELECT TPCDS.CATALOG_PAGE.CP_CATALOG_PAGE_SK , TPCDS.DATE_DIM2.D_YEAR FROM TPCDS.CATALOG_PAGE INNER JOIN TPCDS.DATE_DIM2 ON TPCDS.DATE_DIM2.D_DATE_SK = TPCDS.CATALOG_PAGE.CP_END_DATE_SK WHERE TPCDS.CATALOG_PAGE.CP_START_DATE_SK >= 2451605 AND TPCDS.CATALOG_PAGE.CP_END_DATE_SK <= 2452969"
6098,"SELECT TPCDS.CATALOG_PAGE.CP_CATALOG_NUMBER , TPCDS.DATE_DIM2.D_YEAR FROM TPCDS.CATALOG_PAGE INNER JOIN TPCDS.DATE_DIM2 ON TPCDS.DATE_DIM2.D_DATE_SK = TPCDS.CATALOG_PAGE.CP_END_DATE_SK WHERE TPCDS.CATALOG_PAGE.CP_CATALOG_PAGE_SK <= 11191 AND TPCDS.DATE_DIM2.D_DOW = 1"
6099,"SELECT TPCDS.WEB_PAGE.WP_LINK_COUNT , TPCDS.DATE_DIM2.D_SAME_DAY_LQ FROM TPCDS.WEB_PAGE INNER JOIN TPCDS.DATE_DIM2 ON TPCDS.DATE_DIM2.D_DATE_SK = TPCDS.WEB_PAGE.WP_ACCESS_DATE_SK WHERE TPCDS.DATE_DIM2.D_YEAR <= 2029 AND TPCDS.WEB_PAGE.WP_WEB_PAGE_SK <= 3"
6100,"SELECT TPCDS.WEB_PAGE.WP_CHAR_COUNT , TPCDS.DATE_DIM2.D_FY_WEEK_SEQ FROM TPCDS.WEB_PAGE INNER JOIN TPCDS.DATE_DIM2 ON TPCDS.DATE_DIM2.D_DATE_SK = TPCDS.WEB_PAGE.WP_ACCESS_DATE_SK WHERE TPCDS.DATE_DIM2.D_YEAR >= 1996 AND TPCDS.WEB_PAGE.WP_IMAGE_COUNT = 5"
6101,"SELECT TPCDS.CUSTOMER.C_CURRENT_CDEMO_SK , TPCDS.DATE_DIM2.D_SAME_DAY_LY FROM TPCDS.CUSTOMER INNER JOIN TPCDS.DATE_DIM2 ON TPCDS.DATE_DIM2.D_DATE_SK = TPCDS.CUSTOMER.C_FIRST_SHIPTO_DATE_SK WHERE TPCDS.CUSTOMER.C_FIRST_SALES_DATE_SK = 2452206 AND TPCDS.CUSTOMER.C_BIRTH_MONTH = 3"
6102,"SELECT TPCDS.WEB_SITE.WEB_GMT_OFFSET , TPCDS.DATE_DIM2.D_DOW FROM TPCDS.WEB_SITE INNER JOIN TPCDS.DATE_DIM2 ON TPCDS.DATE_DIM2.D_DATE_SK = TPCDS.WEB_SITE.WEB_CLOSE_DATE_SK WHERE TPCDS.WEB_SITE.WEB_COMPANY_ID >= 3 AND TPCDS.DATE_DIM2.D_MOY >= 12"
6103,"SELECT TPCDS.WEB_PAGE.WP_ACCESS_DATE_SK , TPCDS.DATE_DIM2.D_MONTH_SEQ FROM TPCDS.WEB_PAGE INNER JOIN TPCDS.DATE_DIM2 ON TPCDS.DATE_DIM2.D_DATE_SK = TPCDS.WEB_PAGE.WP_ACCESS_DATE_SK WHERE TPCDS.WEB_PAGE.WP_CHAR_COUNT >= 2469 AND TPCDS.DATE_DIM2.D_SAME_DAY_LY <= 2461651"
6104,"SELECT TPCDS.WEB_SALES.WS_EXT_DISCOUNT_AMT , TPCDS.DATE_DIM2.D_FIRST_DOM FROM TPCDS.WEB_SALES INNER JOIN TPCDS.DATE_DIM2 ON TPCDS.DATE_DIM2.D_DATE_SK = TPCDS.WEB_SALES.WS_SHIP_DATE_SK WHERE TPCDS.WEB_SALES.WS_NET_PAID_INC_SHIP <= +00520.80 AND TPCDS.WEB_SALES.WS_WAREHOUSE_SK >= 3"
6105,"SELECT TPCDS.CATALOG_PAGE.CP_CATALOG_PAGE_SK , TPCDS.DATE_DIM2.D_LAST_DOM FROM TPCDS.CATALOG_PAGE INNER JOIN TPCDS.DATE_DIM2 ON TPCDS.DATE_DIM2.D_DATE_SK = TPCDS.CATALOG_PAGE.CP_END_DATE_SK WHERE TPCDS.DATE_DIM2.D_SAME_DAY_LY >= 2423068 AND TPCDS.DATE_DIM2.D_QOY >= 4"
6106,"SELECT TPCDS.DATE_DIM2.D_FY_YEAR , TPCDS.PROMOTION.P_RESPONSE_TARGET FROM TPCDS.DATE_DIM2 INNER JOIN TPCDS.PROMOTION ON TPCDS.PROMOTION.P_END_DATE_SK = TPCDS.DATE_DIM2.D_DATE_SK WHERE TPCDS.DATE_DIM2.D_DOM >= 29 AND TPCDS.PROMOTION.P_ITEM_SK <= 15751"
6107,"SELECT TPCDS.CUSTOMER.C_BIRTH_DAY , TPCDS.DATE_DIM2.D_MONTH_SEQ FROM TPCDS.CUSTOMER INNER JOIN TPCDS.DATE_DIM2 ON TPCDS.DATE_DIM2.D_DATE_SK = TPCDS.CUSTOMER.C_FIRST_SHIPTO_DATE_SK WHERE TPCDS.CUSTOMER.C_CUSTOMER_SK >= 42152 AND TPCDS.CUSTOMER.C_FIRST_SALES_DATE_SK = 2448998"
6108,"SELECT TPCDS.CATALOG_PAGE.CP_CATALOG_PAGE_NUMBER , TPCDS.DATE_DIM2.D_YEAR FROM TPCDS.CATALOG_PAGE INNER JOIN TPCDS.DATE_DIM2 ON TPCDS.DATE_DIM2.D_DATE_SK = TPCDS.CATALOG_PAGE.CP_END_DATE_SK WHERE TPCDS.DATE_DIM2.D_FY_YEAR >= 1953 AND TPCDS.DATE_DIM2.D_FIRST_DOM >= 2434530"
6109,"SELECT TPCDS.PROMOTION.P_START_DATE_SK , TPCDS.DATE_DIM2.D_MONTH_SEQ FROM TPCDS.PROMOTION INNER JOIN TPCDS.DATE_DIM2 ON TPCDS.DATE_DIM2.D_DATE_SK = TPCDS.PROMOTION.P_END_DATE_SK WHERE TPCDS.DATE_DIM2.D_DOW >= 4 AND TPCDS.DATE_DIM2.D_QOY = 3"
6110,"SELECT TPCDS.DATE_DIM2.D_QUARTER_SEQ , TPCDS.CATALOG_SALES.CS_SHIP_CUSTOMER_SK FROM TPCDS.DATE_DIM2 INNER JOIN TPCDS.CATALOG_SALES ON TPCDS.CATALOG_SALES.CS_SHIP_DATE_SK = TPCDS.DATE_DIM2.D_DATE_SK WHERE TPCDS.CATALOG_SALES.CS_SOLD_DATE_SK >= 2450815 AND TPCDS.CATALOG_SALES.CS_ITEM_SK <= 1892"
6111,"SELECT TPCDS.WEB_PAGE.WP_IMAGE_COUNT , TPCDS.DATE_DIM2.D_FY_WEEK_SEQ FROM TPCDS.WEB_PAGE INNER JOIN TPCDS.DATE_DIM2 ON TPCDS.DATE_DIM2.D_DATE_SK = TPCDS.WEB_PAGE.WP_ACCESS_DATE_SK WHERE TPCDS.WEB_PAGE.WP_CREATION_DATE_SK >= 2450810 AND TPCDS.WEB_PAGE.WP_MAX_AD_COUNT >= 1"
6112,"SELECT TPCDS.CATALOG_SALES.CS_CATALOG_PAGE_SK , TPCDS.DATE_DIM2.D_DOM FROM TPCDS.CATALOG_SALES INNER JOIN TPCDS.DATE_DIM2 ON TPCDS.DATE_DIM2.D_DATE_SK = TPCDS.CATALOG_SALES.CS_SHIP_DATE_SK WHERE TPCDS.CATALOG_SALES.CS_SHIP_CDEMO_SK = 1501387 AND TPCDS.CATALOG_SALES.CS_SHIP_MODE_SK >= 10"
6113,"SELECT TPCDS.CUSTOMER.C_CURRENT_CDEMO_SK , TPCDS.DATE_DIM2.D_FY_QUARTER_SEQ FROM TPCDS.CUSTOMER INNER JOIN TPCDS.DATE_DIM2 ON TPCDS.DATE_DIM2.D_DATE_SK = TPCDS.CUSTOMER.C_FIRST_SHIPTO_DATE_SK WHERE TPCDS.CUSTOMER.C_CURRENT_ADDR_SK <= 15773 AND TPCDS.CUSTOMER.C_FIRST_SALES_DATE_SK <= 2451591"
6114,"SELECT TPCDS.CATALOG_SALES.CS_NET_PAID_INC_SHIP , TPCDS.DATE_DIM2.D_WEEK_SEQ FROM TPCDS.CATALOG_SALES INNER JOIN TPCDS.DATE_DIM2 ON TPCDS.DATE_DIM2.D_DATE_SK = TPCDS.CATALOG_SALES.CS_SHIP_DATE_SK WHERE TPCDS.CATALOG_SALES.CS_NET_PROFIT <= -00431.90 AND TPCDS.DATE_DIM2.D_SAME_DAY_LQ <= 2454258"
6115,"SELECT TPCDS.PROMOTION.P_START_DATE_SK , TPCDS.DATE_DIM2.D_LAST_DOM FROM TPCDS.PROMOTION INNER JOIN TPCDS.DATE_DIM2 ON TPCDS.DATE_DIM2.D_DATE_SK = TPCDS.PROMOTION.P_END_DATE_SK WHERE TPCDS.PROMOTION.P_RESPONSE_TARGET <= 1 AND TPCDS.DATE_DIM2.D_FY_YEAR >= 1933"
6116,"SELECT TPCDS.PROMOTION.P_RESPONSE_TARGET , TPCDS.DATE_DIM2.D_WEEK_SEQ FROM TPCDS.PROMOTION INNER JOIN TPCDS.DATE_DIM2 ON TPCDS.DATE_DIM2.D_DATE_SK = TPCDS.PROMOTION.P_END_DATE_SK WHERE TPCDS.DATE_DIM2.D_MOY <= 12 AND TPCDS.PROMOTION.P_RESPONSE_TARGET <= 1"
6117,"SELECT TPCDS.PROMOTION.P_PROMO_SK , TPCDS.DATE_DIM2.D_DOW FROM TPCDS.PROMOTION INNER JOIN TPCDS.DATE_DIM2 ON TPCDS.DATE_DIM2.D_DATE_SK = TPCDS.PROMOTION.P_END_DATE_SK WHERE TPCDS.PROMOTION.P_END_DATE_SK = 2450670 AND TPCDS.PROMOTION.P_ITEM_SK <= 17209"
6118,"SELECT TPCDS.CATALOG_SALES.CS_SHIP_CDEMO_SK , TPCDS.DATE_DIM2.D_MONTH_SEQ FROM TPCDS.CATALOG_SALES INNER JOIN TPCDS.DATE_DIM2 ON TPCDS.DATE_DIM2.D_DATE_SK = TPCDS.CATALOG_SALES.CS_SHIP_DATE_SK WHERE TPCDS.DATE_DIM2.D_DOW = 6 AND TPCDS.CATALOG_SALES.CS_SOLD_TIME_SK >= 22302"
6119,"SELECT TPCDS.PROMOTION.P_PROMO_SK , TPCDS.DATE_DIM2.D_QUARTER_SEQ FROM TPCDS.PROMOTION INNER JOIN TPCDS.DATE_DIM2 ON TPCDS.DATE_DIM2.D_DATE_SK = TPCDS.PROMOTION.P_END_DATE_SK WHERE TPCDS.PROMOTION.P_END_DATE_SK >= 2450396 AND TPCDS.DATE_DIM2.D_MOY >= 11"
6120,"SELECT TPCDS.CUSTOMER.C_BIRTH_YEAR , TPCDS.DATE_DIM2.D_DATE_SK FROM TPCDS.CUSTOMER INNER JOIN TPCDS.DATE_DIM2 ON TPCDS.DATE_DIM2.D_DATE_SK = TPCDS.CUSTOMER.C_FIRST_SHIPTO_DATE_SK WHERE TPCDS.DATE_DIM2.D_QUARTER_SEQ <= 497 AND TPCDS.CUSTOMER.C_BIRTH_DAY >= 26"
6121,"SELECT TPCDS.WEB_SALES.WS_SHIP_HDEMO_SK , TPCDS.DATE_DIM2.D_YEAR FROM TPCDS.WEB_SALES INNER JOIN TPCDS.DATE_DIM2 ON TPCDS.DATE_DIM2.D_DATE_SK = TPCDS.WEB_SALES.WS_SHIP_DATE_SK WHERE TPCDS.WEB_SALES.WS_BILL_ADDR_SK <= 42201 AND TPCDS.WEB_SALES.WS_EXT_DISCOUNT_AMT = +05267.32"
6122,"SELECT TPCDS.WEB_PAGE.WP_IMAGE_COUNT , TPCDS.DATE_DIM2.D_LAST_DOM FROM TPCDS.WEB_PAGE INNER JOIN TPCDS.DATE_DIM2 ON TPCDS.DATE_DIM2.D_DATE_SK = TPCDS.WEB_PAGE.WP_ACCESS_DATE_SK WHERE TPCDS.WEB_PAGE.WP_LINK_COUNT >= 21 AND TPCDS.DATE_DIM2.D_FY_YEAR <= 2099"
6123,"SELECT TPCDS.CATALOG_SALES.CS_LIST_PRICE , TPCDS.DATE_DIM2.D_MONTH_SEQ FROM TPCDS.CATALOG_SALES INNER JOIN TPCDS.DATE_DIM2 ON TPCDS.DATE_DIM2.D_DATE_SK = TPCDS.CATALOG_SALES.CS_SHIP_DATE_SK WHERE TPCDS.CATALOG_SALES.CS_WHOLESALE_COST = +00017.27 AND TPCDS.CATALOG_SALES.CS_COUPON_AMT <= +00000.70"
6124,"SELECT TPCDS.CATALOG_PAGE.CP_CATALOG_PAGE_SK , TPCDS.DATE_DIM2.D_FIRST_DOM FROM TPCDS.CATALOG_PAGE INNER JOIN TPCDS.DATE_DIM2 ON TPCDS.DATE_DIM2.D_DATE_SK = TPCDS.CATALOG_PAGE.CP_END_DATE_SK WHERE TPCDS.DATE_DIM2.D_MOY <= 5 AND TPCDS.CATALOG_PAGE.CP_START_DATE_SK >= 2450997"
6125,"SELECT TPCDS.WEB_SALES.WS_BILL_CDEMO_SK , TPCDS.DATE_DIM2.D_YEAR FROM TPCDS.WEB_SALES INNER JOIN TPCDS.DATE_DIM2 ON TPCDS.DATE_DIM2.D_DATE_SK = TPCDS.WEB_SALES.WS_SHIP_DATE_SK WHERE TPCDS.WEB_SALES.WS_BILL_CDEMO_SK <= 716095 AND TPCDS.WEB_SALES.WS_COUPON_AMT <= +00898.92"
6126,"SELECT TPCDS.WEB_SALES.WS_LIST_PRICE , TPCDS.DATE_DIM2.D_FIRST_DOM FROM TPCDS.WEB_SALES INNER JOIN TPCDS.DATE_DIM2 ON TPCDS.DATE_DIM2.D_DATE_SK = TPCDS.WEB_SALES.WS_SHIP_DATE_SK WHERE TPCDS.WEB_SALES.WS_PROMO_SK >= 134 AND TPCDS.WEB_SALES.WS_BILL_ADDR_SK = 26913"
6127,"SELECT TPCDS.WEB_PAGE.WP_IMAGE_COUNT , TPCDS.DATE_DIM2.D_DATE_SK FROM TPCDS.WEB_PAGE INNER JOIN TPCDS.DATE_DIM2 ON TPCDS.DATE_DIM2.D_DATE_SK = TPCDS.WEB_PAGE.WP_ACCESS_DATE_SK WHERE TPCDS.DATE_DIM2.D_QOY >= 1 AND TPCDS.WEB_PAGE.WP_LINK_COUNT >= 11"
6128,"SELECT TPCDS.WEB_PAGE.WP_WEB_PAGE_SK , TPCDS.DATE_DIM2.D_SAME_DAY_LY FROM TPCDS.WEB_PAGE INNER JOIN TPCDS.DATE_DIM2 ON TPCDS.DATE_DIM2.D_DATE_SK = TPCDS.WEB_PAGE.WP_ACCESS_DATE_SK WHERE TPCDS.WEB_PAGE.WP_IMAGE_COUNT = 2 AND TPCDS.WEB_PAGE.WP_LINK_COUNT >= 3"
6129,"SELECT TPCDS.CATALOG_SALES.CS_LIST_PRICE , TPCDS.DATE_DIM2.D_WEEK_SEQ FROM TPCDS.CATALOG_SALES INNER JOIN TPCDS.DATE_DIM2 ON TPCDS.DATE_DIM2.D_DATE_SK = TPCDS.CATALOG_SALES.CS_SHIP_DATE_SK WHERE TPCDS.CATALOG_SALES.CS_NET_PROFIT <= -00315.40 AND TPCDS.DATE_DIM2.D_FY_YEAR >= 1973"
6130,"SELECT TPCDS.DATE_DIM2.D_FY_QUARTER_SEQ , TPCDS.CATALOG_SALES.CS_SHIP_DATE_SK FROM TPCDS.DATE_DIM2 INNER JOIN TPCDS.CATALOG_SALES ON TPCDS.CATALOG_SALES.CS_SHIP_DATE_SK = TPCDS.DATE_DIM2.D_DATE_SK WHERE TPCDS.CATALOG_SALES.CS_NET_PAID_INC_SHIP <= +00251.10 AND TPCDS.DATE_DIM2.D_DATE_SK >= 2434244"
6131,"SELECT TPCDS.WEB_PAGE.WP_ACCESS_DATE_SK , TPCDS.DATE_DIM2.D_MOY FROM TPCDS.WEB_PAGE INNER JOIN TPCDS.DATE_DIM2 ON TPCDS.DATE_DIM2.D_DATE_SK = TPCDS.WEB_PAGE.WP_ACCESS_DATE_SK WHERE TPCDS.DATE_DIM2.D_QOY = 3 AND TPCDS.WEB_PAGE.WP_LINK_COUNT >= 18"
6132,"SELECT TPCDS.DATE_DIM2.D_YEAR , TPCDS.WEB_SALES.WS_SHIP_CDEMO_SK FROM TPCDS.DATE_DIM2 INNER JOIN TPCDS.WEB_SALES ON TPCDS.WEB_SALES.WS_SHIP_DATE_SK = TPCDS.DATE_DIM2.D_DATE_SK WHERE TPCDS.DATE_DIM2.D_DOM = 8 AND TPCDS.WEB_SALES.WS_SHIP_MODE_SK = 9"
6133,"SELECT TPCDS.CATALOG_PAGE.CP_CATALOG_NUMBER , TPCDS.DATE_DIM2.D_FY_WEEK_SEQ FROM TPCDS.CATALOG_PAGE INNER JOIN TPCDS.DATE_DIM2 ON TPCDS.DATE_DIM2.D_DATE_SK = TPCDS.CATALOG_PAGE.CP_END_DATE_SK WHERE TPCDS.DATE_DIM2.D_QUARTER_SEQ <= 639 AND TPCDS.CATALOG_PAGE.CP_START_DATE_SK = 2452275"
6134,"SELECT TPCDS.DATE_DIM2.D_SAME_DAY_LY , TPCDS.WEB_SITE.WEB_GMT_OFFSET FROM TPCDS.DATE_DIM2 INNER JOIN TPCDS.WEB_SITE ON TPCDS.WEB_SITE.WEB_CLOSE_DATE_SK = TPCDS.DATE_DIM2.D_DATE_SK WHERE TPCDS.DATE_DIM2.D_YEAR <= 2007 AND TPCDS.WEB_SITE.WEB_MKT_ID <= 3"
6135,"SELECT TPCDS.WEB_SALES.WS_EXT_SHIP_COST , TPCDS.DATE_DIM2.D_DOM FROM TPCDS.WEB_SALES INNER JOIN TPCDS.DATE_DIM2 ON TPCDS.DATE_DIM2.D_DATE_SK = TPCDS.WEB_SALES.WS_SHIP_DATE_SK WHERE TPCDS.WEB_SALES.WS_NET_PAID = +00003.56 AND TPCDS.WEB_SALES.WS_LIST_PRICE <= +00031.90"
6136,"SELECT TPCDS.CATALOG_SALES.CS_SHIP_MODE_SK , TPCDS.DATE_DIM2.D_FY_QUARTER_SEQ FROM TPCDS.CATALOG_SALES INNER JOIN TPCDS.DATE_DIM2 ON TPCDS.DATE_DIM2.D_DATE_SK = TPCDS.CATALOG_SALES.CS_SHIP_DATE_SK WHERE TPCDS.CATALOG_SALES.CS_LIST_PRICE <= +00014.72 AND TPCDS.CATALOG_SALES.CS_EXT_LIST_PRICE <= +15280.10"
6137,"SELECT TPCDS.CUSTOMER.C_CURRENT_ADDR_SK , TPCDS.DATE_DIM2.D_QUARTER_SEQ FROM TPCDS.CUSTOMER INNER JOIN TPCDS.DATE_DIM2 ON TPCDS.DATE_DIM2.D_DATE_SK = TPCDS.CUSTOMER.C_FIRST_SHIPTO_DATE_SK WHERE TPCDS.CUSTOMER.C_BIRTH_DAY <= 27 AND TPCDS.DATE_DIM2.D_QOY <= 1"
6138,"SELECT TPCDS.PROMOTION.P_END_DATE_SK , TPCDS.DATE_DIM2.D_SAME_DAY_LY FROM TPCDS.PROMOTION INNER JOIN TPCDS.DATE_DIM2 ON TPCDS.DATE_DIM2.D_DATE_SK = TPCDS.PROMOTION.P_END_DATE_SK WHERE TPCDS.PROMOTION.P_PROMO_SK <= 300 AND TPCDS.DATE_DIM2.D_DOW <= 1"
6139,"SELECT TPCDS.CATALOG_PAGE.CP_END_DATE_SK , TPCDS.DATE_DIM2.D_WEEK_SEQ FROM TPCDS.CATALOG_PAGE INNER JOIN TPCDS.DATE_DIM2 ON TPCDS.DATE_DIM2.D_DATE_SK = TPCDS.CATALOG_PAGE.CP_END_DATE_SK WHERE TPCDS.DATE_DIM2.D_QOY = 4 AND TPCDS.DATE_DIM2.D_DOM >= 14"
6140,"SELECT TPCDS.WEB_SALES.WS_COUPON_AMT , TPCDS.DATE_DIM2.D_SAME_DAY_LY FROM TPCDS.WEB_SALES INNER JOIN TPCDS.DATE_DIM2 ON TPCDS.DATE_DIM2.D_DATE_SK = TPCDS.WEB_SALES.WS_SHIP_DATE_SK WHERE TPCDS.DATE_DIM2.D_MOY <= 4 AND TPCDS.WEB_SALES.WS_ITEM_SK <= 16111"
6141,"SELECT TPCDS.CUSTOMER.C_FIRST_SALES_DATE_SK , TPCDS.DATE_DIM2.D_QOY FROM TPCDS.CUSTOMER INNER JOIN TPCDS.DATE_DIM2 ON TPCDS.DATE_DIM2.D_DATE_SK = TPCDS.CUSTOMER.C_FIRST_SHIPTO_DATE_SK WHERE TPCDS.DATE_DIM2.D_FIRST_DOM <= 2477325 AND TPCDS.DATE_DIM2.D_QOY = 3"
6142,"SELECT TPCDS.WEB_SITE.WEB_COMPANY_ID , TPCDS.DATE_DIM2.D_MOY FROM TPCDS.WEB_SITE INNER JOIN TPCDS.DATE_DIM2 ON TPCDS.DATE_DIM2.D_DATE_SK = TPCDS.WEB_SITE.WEB_CLOSE_DATE_SK WHERE TPCDS.WEB_SITE.WEB_MKT_ID >= 3 AND TPCDS.WEB_SITE.WEB_CLOSE_DATE_SK <= 2448922"
6143,"SELECT TPCDS.CATALOG_PAGE.CP_CATALOG_PAGE_SK , TPCDS.DATE_DIM2.D_DOM FROM TPCDS.CATALOG_PAGE INNER JOIN TPCDS.DATE_DIM2 ON TPCDS.DATE_DIM2.D_DATE_SK = TPCDS.CATALOG_PAGE.CP_END_DATE_SK WHERE TPCDS.CATALOG_PAGE.CP_START_DATE_SK = 2450815 AND TPCDS.CATALOG_PAGE.CP_CATALOG_PAGE_NUMBER >= 62"
6144,"SELECT TPCDS.WEB_PAGE.WP_CUSTOMER_SK , TPCDS.DATE_DIM2.D_QUARTER_SEQ FROM TPCDS.WEB_PAGE INNER JOIN TPCDS.DATE_DIM2 ON TPCDS.DATE_DIM2.D_DATE_SK = TPCDS.WEB_PAGE.WP_ACCESS_DATE_SK WHERE TPCDS.WEB_PAGE.WP_ACCESS_DATE_SK >= 2452597 AND TPCDS.WEB_PAGE.WP_IMAGE_COUNT <= 6"
6145,"SELECT TPCDS.PROMOTION.P_PROMO_SK , TPCDS.DATE_DIM2.D_DOW FROM TPCDS.PROMOTION INNER JOIN TPCDS.DATE_DIM2 ON TPCDS.DATE_DIM2.D_DATE_SK = TPCDS.PROMOTION.P_END_DATE_SK WHERE TPCDS.PROMOTION.P_START_DATE_SK <= 2450241 AND TPCDS.PROMOTION.P_COST >= +0000000001000.00"
6146,"SELECT TPCDS.PROMOTION.P_RESPONSE_TARGET , TPCDS.DATE_DIM2.D_QOY FROM TPCDS.PROMOTION INNER JOIN TPCDS.DATE_DIM2 ON TPCDS.DATE_DIM2.D_DATE_SK = TPCDS.PROMOTION.P_END_DATE_SK WHERE TPCDS.DATE_DIM2.D_QUARTER_SEQ <= 602 AND TPCDS.PROMOTION.P_END_DATE_SK <= 2450132"
6147,"SELECT TPCDS.WEB_SALES.WS_SHIP_ADDR_SK , TPCDS.DATE_DIM2.D_FY_YEAR FROM TPCDS.WEB_SALES INNER JOIN TPCDS.DATE_DIM2 ON TPCDS.DATE_DIM2.D_DATE_SK = TPCDS.WEB_SALES.WS_SHIP_DATE_SK WHERE TPCDS.WEB_SALES.WS_QUANTITY = 54 AND TPCDS.WEB_SALES.WS_SHIP_HDEMO_SK >= 1"
6148,"SELECT TPCDS.CUSTOMER.C_CUSTOMER_SK , TPCDS.DATE_DIM2.D_DOM FROM TPCDS.CUSTOMER INNER JOIN TPCDS.DATE_DIM2 ON TPCDS.DATE_DIM2.D_DATE_SK = TPCDS.CUSTOMER.C_FIRST_SHIPTO_DATE_SK WHERE TPCDS.CUSTOMER.C_BIRTH_MONTH <= 10 AND TPCDS.DATE_DIM2.D_SAME_DAY_LQ <= 2454258"
6149,"SELECT TPCDS.CATALOG_SALES.CS_SHIP_ADDR_SK , TPCDS.DATE_DIM2.D_FY_YEAR FROM TPCDS.CATALOG_SALES INNER JOIN TPCDS.DATE_DIM2 ON TPCDS.DATE_DIM2.D_DATE_SK = TPCDS.CATALOG_SALES.CS_SHIP_DATE_SK WHERE TPCDS.CATALOG_SALES.CS_SOLD_TIME_SK <= 57043 AND TPCDS.DATE_DIM2.D_DATE_SK <= 2488070"
6150,"SELECT TPCDS.WEB_PAGE.WP_WEB_PAGE_SK , TPCDS.DATE_DIM2.D_WEEK_SEQ FROM TPCDS.WEB_PAGE INNER JOIN TPCDS.DATE_DIM2 ON TPCDS.DATE_DIM2.D_DATE_SK = TPCDS.WEB_PAGE.WP_ACCESS_DATE_SK WHERE TPCDS.DATE_DIM2.D_DOW = 5 AND TPCDS.DATE_DIM2.D_FY_WEEK_SEQ <= 8320"
6151,"SELECT TPCDS.WEB_SITE.WEB_GMT_OFFSET , TPCDS.DATE_DIM2.D_FY_YEAR FROM TPCDS.WEB_SITE INNER JOIN TPCDS.DATE_DIM2 ON TPCDS.DATE_DIM2.D_DATE_SK = TPCDS.WEB_SITE.WEB_CLOSE_DATE_SK WHERE TPCDS.WEB_SITE.WEB_SITE_SK <= 22 AND TPCDS.WEB_SITE.WEB_COMPANY_ID <= 4"
6152,"SELECT TPCDS.DATE_DIM2.D_QUARTER_SEQ , TPCDS.STORE.S_COMPANY_ID FROM TPCDS.DATE_DIM2 INNER JOIN TPCDS.STORE ON TPCDS.STORE.S_CLOSED_DATE_SK = TPCDS.DATE_DIM2.D_DATE_SK WHERE TPCDS.STORE.S_COMPANY_ID >= 1 AND TPCDS.STORE.S_MARKET_ID <= 2"
6153,"SELECT TPCDS.CATALOG_SALES.CS_CATALOG_PAGE_SK , TPCDS.DATE_DIM2.D_DOM FROM TPCDS.CATALOG_SALES INNER JOIN TPCDS.DATE_DIM2 ON TPCDS.DATE_DIM2.D_DATE_SK = TPCDS.CATALOG_SALES.CS_SHIP_DATE_SK WHERE TPCDS.DATE_DIM2.D_MOY = 3 AND TPCDS.CATALOG_SALES.CS_COUPON_AMT >= +15288.67"
6154,"SELECT TPCDS.CATALOG_SALES.CS_CATALOG_PAGE_SK , TPCDS.DATE_DIM2.D_FY_YEAR FROM TPCDS.CATALOG_SALES INNER JOIN TPCDS.DATE_DIM2 ON TPCDS.DATE_DIM2.D_DATE_SK = TPCDS.CATALOG_SALES.CS_SHIP_DATE_SK WHERE TPCDS.CATALOG_SALES.CS_PROMO_SK = 300 AND TPCDS.CATALOG_SALES.CS_EXT_SALES_PRICE >= +04164.02"
6155,"SELECT TPCDS.CUSTOMER.C_BIRTH_DAY , TPCDS.DATE_DIM2.D_FY_YEAR FROM TPCDS.CUSTOMER INNER JOIN TPCDS.DATE_DIM2 ON TPCDS.DATE_DIM2.D_DATE_SK = TPCDS.CUSTOMER.C_FIRST_SHIPTO_DATE_SK WHERE TPCDS.DATE_DIM2.D_FY_YEAR >= 1942 AND TPCDS.CUSTOMER.C_BIRTH_YEAR >= 1937"
6156,"SELECT TPCDS.PROMOTION.P_PROMO_SK , TPCDS.DATE_DIM2.D_MONTH_SEQ FROM TPCDS.PROMOTION INNER JOIN TPCDS.DATE_DIM2 ON TPCDS.DATE_DIM2.D_DATE_SK = TPCDS.PROMOTION.P_END_DATE_SK WHERE TPCDS.DATE_DIM2.D_SAME_DAY_LQ >= 2415092 AND TPCDS.DATE_DIM2.D_MOY = 1"
6157,"SELECT TPCDS.CUSTOMER.C_FIRST_SHIPTO_DATE_SK , TPCDS.DATE_DIM2.D_WEEK_SEQ FROM TPCDS.CUSTOMER INNER JOIN TPCDS.DATE_DIM2 ON TPCDS.DATE_DIM2.D_DATE_SK = TPCDS.CUSTOMER.C_FIRST_SHIPTO_DATE_SK WHERE TPCDS.DATE_DIM2.D_DOM >= 28 AND TPCDS.DATE_DIM2.D_FY_QUARTER_SEQ <= 639"
6158,"SELECT TPCDS.WEB_PAGE.WP_CREATION_DATE_SK , TPCDS.DATE_DIM2.D_FIRST_DOM FROM TPCDS.WEB_PAGE INNER JOIN TPCDS.DATE_DIM2 ON TPCDS.DATE_DIM2.D_DATE_SK = TPCDS.WEB_PAGE.WP_ACCESS_DATE_SK WHERE TPCDS.DATE_DIM2.D_QOY = 3 AND TPCDS.DATE_DIM2.D_QUARTER_SEQ <= 432"
6159,"SELECT TPCDS.DATE_DIM2.D_WEEK_SEQ , TPCDS.WEB_SALES.WS_WAREHOUSE_SK FROM TPCDS.DATE_DIM2 INNER JOIN TPCDS.WEB_SALES ON TPCDS.WEB_SALES.WS_SHIP_DATE_SK = TPCDS.DATE_DIM2.D_DATE_SK WHERE TPCDS.WEB_SALES.WS_BILL_CUSTOMER_SK >= 59178 AND TPCDS.DATE_DIM2.D_FY_YEAR >= 1949"
6160,"SELECT TPCDS.DATE_DIM2.D_YEAR , TPCDS.WEB_SITE.WEB_TAX_PERCENTAGE FROM TPCDS.DATE_DIM2 INNER JOIN TPCDS.WEB_SITE ON TPCDS.WEB_SITE.WEB_CLOSE_DATE_SK = TPCDS.DATE_DIM2.D_DATE_SK WHERE TPCDS.WEB_SITE.WEB_CLOSE_DATE_SK >= 2448752 AND TPCDS.WEB_SITE.WEB_OPEN_DATE_SK >= 2450679"
6161,"SELECT TPCDS.CATALOG_SALES.CS_LIST_PRICE , TPCDS.DATE_DIM2.D_FY_YEAR FROM TPCDS.CATALOG_SALES INNER JOIN TPCDS.DATE_DIM2 ON TPCDS.DATE_DIM2.D_DATE_SK = TPCDS.CATALOG_SALES.CS_SHIP_DATE_SK WHERE TPCDS.DATE_DIM2.D_MONTH_SEQ <= 1292 AND TPCDS.CATALOG_SALES.CS_NET_PROFIT = -01776.18"
6162,"SELECT TPCDS.DATE_DIM2.D_YEAR , TPCDS.CATALOG_SALES.CS_ORDER_NUMBER FROM TPCDS.DATE_DIM2 INNER JOIN TPCDS.CATALOG_SALES ON TPCDS.CATALOG_SALES.CS_SHIP_DATE_SK = TPCDS.DATE_DIM2.D_DATE_SK WHERE TPCDS.CATALOG_SALES.CS_EXT_WHOLESALE_COST <= +00774.20 AND TPCDS.CATALOG_SALES.CS_SALES_PRICE = +00017.93"
6163,"SELECT TPCDS.CUSTOMER.C_FIRST_SALES_DATE_SK , TPCDS.DATE_DIM2.D_SAME_DAY_LQ FROM TPCDS.CUSTOMER INNER JOIN TPCDS.DATE_DIM2 ON TPCDS.DATE_DIM2.D_DATE_SK = TPCDS.CUSTOMER.C_FIRST_SHIPTO_DATE_SK WHERE TPCDS.CUSTOMER.C_CURRENT_CDEMO_SK >= 107047 AND TPCDS.DATE_DIM2.D_DATE_SK >= 2422710"
6164,"SELECT TPCDS.CUSTOMER.C_BIRTH_DAY , TPCDS.DATE_DIM2.D_DOW FROM TPCDS.CUSTOMER INNER JOIN TPCDS.DATE_DIM2 ON TPCDS.DATE_DIM2.D_DATE_SK = TPCDS.CUSTOMER.C_FIRST_SHIPTO_DATE_SK WHERE TPCDS.DATE_DIM2.D_QOY = 3 AND TPCDS.CUSTOMER.C_CURRENT_ADDR_SK <= 10571"
6165,"SELECT TPCDS.PROMOTION.P_COST , TPCDS.DATE_DIM2.D_DATE_SK FROM TPCDS.PROMOTION INNER JOIN TPCDS.DATE_DIM2 ON TPCDS.DATE_DIM2.D_DATE_SK = TPCDS.PROMOTION.P_END_DATE_SK WHERE TPCDS.DATE_DIM2.D_LAST_DOM >= 2450265 AND TPCDS.PROMOTION.P_START_DATE_SK >= 2450177"
6166,"SELECT TPCDS.CATALOG_SALES.CS_WAREHOUSE_SK , TPCDS.DATE_DIM2.D_FY_QUARTER_SEQ FROM TPCDS.CATALOG_SALES INNER JOIN TPCDS.DATE_DIM2 ON TPCDS.DATE_DIM2.D_DATE_SK = TPCDS.CATALOG_SALES.CS_SHIP_DATE_SK WHERE TPCDS.DATE_DIM2.D_DOW <= 2 AND TPCDS.CATALOG_SALES.CS_CALL_CENTER_SK = 6"
6167,"SELECT TPCDS.WEB_SALES.WS_WAREHOUSE_SK , TPCDS.DATE_DIM2.D_FIRST_DOM FROM TPCDS.WEB_SALES INNER JOIN TPCDS.DATE_DIM2 ON TPCDS.DATE_DIM2.D_DATE_SK = TPCDS.WEB_SALES.WS_SHIP_DATE_SK WHERE TPCDS.WEB_SALES.WS_BILL_CUSTOMER_SK = 85652 AND TPCDS.WEB_SALES.WS_WAREHOUSE_SK <= 1"
6168,"SELECT TPCDS.WEB_PAGE.WP_IMAGE_COUNT , TPCDS.DATE_DIM2.D_LAST_DOM FROM TPCDS.WEB_PAGE INNER JOIN TPCDS.DATE_DIM2 ON TPCDS.DATE_DIM2.D_DATE_SK = TPCDS.WEB_PAGE.WP_ACCESS_DATE_SK WHERE TPCDS.WEB_PAGE.WP_CHAR_COUNT = 2726 AND TPCDS.DATE_DIM2.D_WEEK_SEQ >= 635"
6169,"SELECT TPCDS.WEB_SALES.WS_SOLD_DATE_SK , TPCDS.DATE_DIM2.D_FY_QUARTER_SEQ FROM TPCDS.WEB_SALES INNER JOIN TPCDS.DATE_DIM2 ON TPCDS.DATE_DIM2.D_DATE_SK = TPCDS.WEB_SALES.WS_SHIP_DATE_SK WHERE TPCDS.WEB_SALES.WS_WEB_SITE_SK >= 30 AND TPCDS.WEB_SALES.WS_SHIP_HDEMO_SK <= 6025"
6170,"SELECT TPCDS.STORE.S_FLOOR_SPACE , TPCDS.DATE_DIM2.D_YEAR FROM TPCDS.STORE INNER JOIN TPCDS.DATE_DIM2 ON TPCDS.DATE_DIM2.D_DATE_SK = TPCDS.STORE.S_CLOSED_DATE_SK WHERE TPCDS.DATE_DIM2.D_QUARTER_SEQ <= 801 AND TPCDS.STORE.S_COMPANY_ID >= 1"
6171,"SELECT TPCDS.WEB_SALES.WS_ORDER_NUMBER , TPCDS.DATE_DIM2.D_QUARTER_SEQ FROM TPCDS.WEB_SALES INNER JOIN TPCDS.DATE_DIM2 ON TPCDS.DATE_DIM2.D_DATE_SK = TPCDS.WEB_SALES.WS_SHIP_DATE_SK WHERE TPCDS.WEB_SALES.WS_SHIP_MODE_SK = 13 AND TPCDS.WEB_SALES.WS_SALES_PRICE <= +00050.77"
6172,"SELECT TPCDS.PROMOTION.P_PROMO_SK , TPCDS.DATE_DIM2.D_FY_WEEK_SEQ FROM TPCDS.PROMOTION INNER JOIN TPCDS.DATE_DIM2 ON TPCDS.DATE_DIM2.D_DATE_SK = TPCDS.PROMOTION.P_END_DATE_SK WHERE TPCDS.DATE_DIM2.D_FIRST_DOM >= 2449566 AND TPCDS.DATE_DIM2.D_FY_WEEK_SEQ >= 1721"
6173,"SELECT TPCDS.CUSTOMER.C_CURRENT_HDEMO_SK , TPCDS.DATE_DIM2.D_DATE_SK FROM TPCDS.CUSTOMER INNER JOIN TPCDS.DATE_DIM2 ON TPCDS.DATE_DIM2.D_DATE_SK = TPCDS.CUSTOMER.C_FIRST_SHIPTO_DATE_SK WHERE TPCDS.DATE_DIM2.D_WEEK_SEQ >= 2595 AND TPCDS.DATE_DIM2.D_QOY <= 2"
6174,"SELECT TPCDS.CATALOG_SALES.CS_NET_PAID_INC_SHIP , TPCDS.DATE_DIM2.D_FY_WEEK_SEQ FROM TPCDS.CATALOG_SALES INNER JOIN TPCDS.DATE_DIM2 ON TPCDS.DATE_DIM2.D_DATE_SK = TPCDS.CATALOG_SALES.CS_SHIP_DATE_SK WHERE TPCDS.DATE_DIM2.D_MOY >= 5 AND TPCDS.CATALOG_SALES.CS_EXT_WHOLESALE_COST <= +00774.20"
6175,"SELECT TPCDS.PROMOTION.P_ITEM_SK , TPCDS.DATE_DIM2.D_FY_QUARTER_SEQ FROM TPCDS.PROMOTION INNER JOIN TPCDS.DATE_DIM2 ON TPCDS.DATE_DIM2.D_DATE_SK = TPCDS.PROMOTION.P_END_DATE_SK WHERE TPCDS.PROMOTION.P_COST = +0000000001000.00 AND TPCDS.DATE_DIM2.D_SAME_DAY_LQ >= 2415021"
6176,"SELECT TPCDS.PROMOTION.P_PROMO_SK , TPCDS.DATE_DIM2.D_FY_QUARTER_SEQ FROM TPCDS.PROMOTION INNER JOIN TPCDS.DATE_DIM2 ON TPCDS.DATE_DIM2.D_DATE_SK = TPCDS.PROMOTION.P_END_DATE_SK WHERE TPCDS.DATE_DIM2.D_YEAR <= 2021 AND TPCDS.PROMOTION.P_PROMO_SK >= 257"
6177,"SELECT TPCDS.CATALOG_PAGE.CP_START_DATE_SK , TPCDS.DATE_DIM2.D_DOW FROM TPCDS.CATALOG_PAGE INNER JOIN TPCDS.DATE_DIM2 ON TPCDS.DATE_DIM2.D_DATE_SK = TPCDS.CATALOG_PAGE.CP_END_DATE_SK WHERE TPCDS.DATE_DIM2.D_SAME_DAY_LQ <= 2454258 AND TPCDS.DATE_DIM2.D_MOY >= 12"
6178,"SELECT TPCDS.CATALOG_PAGE.CP_END_DATE_SK , TPCDS.DATE_DIM2.D_FY_QUARTER_SEQ FROM TPCDS.CATALOG_PAGE INNER JOIN TPCDS.DATE_DIM2 ON TPCDS.DATE_DIM2.D_DATE_SK = TPCDS.CATALOG_PAGE.CP_END_DATE_SK WHERE TPCDS.DATE_DIM2.D_SAME_DAY_LQ >= 2414930 AND TPCDS.DATE_DIM2.D_FY_WEEK_SEQ <= 8902"
6179,"SELECT TPCDS.WEB_SALES.WS_NET_PROFIT , TPCDS.DATE_DIM2.D_FIRST_DOM FROM TPCDS.WEB_SALES INNER JOIN TPCDS.DATE_DIM2 ON TPCDS.DATE_DIM2.D_DATE_SK = TPCDS.WEB_SALES.WS_SHIP_DATE_SK WHERE TPCDS.WEB_SALES.WS_PROMO_SK = 267 AND TPCDS.WEB_SALES.WS_WHOLESALE_COST >= +00076.34"
6180,"SELECT TPCDS.CUSTOMER.C_CURRENT_ADDR_SK , TPCDS.DATE_DIM2.D_MONTH_SEQ FROM TPCDS.CUSTOMER INNER JOIN TPCDS.DATE_DIM2 ON TPCDS.DATE_DIM2.D_DATE_SK = TPCDS.CUSTOMER.C_FIRST_SHIPTO_DATE_SK WHERE TPCDS.CUSTOMER.C_BIRTH_YEAR = 1930 AND TPCDS.DATE_DIM2.D_QUARTER_SEQ <= 801"
6181,"SELECT TPCDS.WEB_PAGE.WP_IMAGE_COUNT , TPCDS.DATE_DIM2.D_MOY FROM TPCDS.WEB_PAGE INNER JOIN TPCDS.DATE_DIM2 ON TPCDS.DATE_DIM2.D_DATE_SK = TPCDS.WEB_PAGE.WP_ACCESS_DATE_SK WHERE TPCDS.DATE_DIM2.D_MOY <= 8 AND TPCDS.DATE_DIM2.D_FY_WEEK_SEQ >= 2240"
6182,"SELECT TPCDS.WEB_SALES.WS_BILL_CDEMO_SK , TPCDS.DATE_DIM2.D_SAME_DAY_LQ FROM TPCDS.WEB_SALES INNER JOIN TPCDS.DATE_DIM2 ON TPCDS.DATE_DIM2.D_DATE_SK = TPCDS.WEB_SALES.WS_SHIP_DATE_SK WHERE TPCDS.DATE_DIM2.D_FY_YEAR >= 1965 AND TPCDS.WEB_SALES.WS_SHIP_CUSTOMER_SK >= 86072"
6183,"SELECT TPCDS.WEB_SALES.WS_SHIP_HDEMO_SK , TPCDS.DATE_DIM2.D_QUARTER_SEQ FROM TPCDS.WEB_SALES INNER JOIN TPCDS.DATE_DIM2 ON TPCDS.DATE_DIM2.D_DATE_SK = TPCDS.WEB_SALES.WS_SHIP_DATE_SK WHERE TPCDS.WEB_SALES.WS_SHIP_CDEMO_SK >= 1507868 AND TPCDS.WEB_SALES.WS_WEB_SITE_SK <= 11"
6184,"SELECT TPCDS.WEB_SITE.WEB_SITE_SK , TPCDS.DATE_DIM2.D_YEAR FROM TPCDS.WEB_SITE INNER JOIN TPCDS.DATE_DIM2 ON TPCDS.DATE_DIM2.D_DATE_SK = TPCDS.WEB_SITE.WEB_CLOSE_DATE_SK WHERE TPCDS.DATE_DIM2.D_SAME_DAY_LY >= 2414876 AND TPCDS.DATE_DIM2.D_DOM = 7"
6185,"SELECT TPCDS.DATE_DIM2.D_FY_YEAR , TPCDS.WEB_SALES.WS_SHIP_CUSTOMER_SK FROM TPCDS.DATE_DIM2 INNER JOIN TPCDS.WEB_SALES ON TPCDS.WEB_SALES.WS_SHIP_DATE_SK = TPCDS.DATE_DIM2.D_DATE_SK WHERE TPCDS.WEB_SALES.WS_BILL_CDEMO_SK >= 501053 AND TPCDS.WEB_SALES.WS_BILL_CUSTOMER_SK = 20"
6186,"SELECT TPCDS.DATE_DIM2.D_FIRST_DOM , TPCDS.PROMOTION.P_COST FROM TPCDS.DATE_DIM2 INNER JOIN TPCDS.PROMOTION ON TPCDS.PROMOTION.P_END_DATE_SK = TPCDS.DATE_DIM2.D_DATE_SK WHERE TPCDS.PROMOTION.P_PROMO_SK >= 158 AND TPCDS.DATE_DIM2.D_DOW >= 6"
6187,"SELECT TPCDS.CATALOG_PAGE.CP_CATALOG_PAGE_NUMBER , TPCDS.DATE_DIM2.D_SAME_DAY_LQ FROM TPCDS.CATALOG_PAGE INNER JOIN TPCDS.DATE_DIM2 ON TPCDS.DATE_DIM2.D_DATE_SK = TPCDS.CATALOG_PAGE.CP_END_DATE_SK WHERE TPCDS.CATALOG_PAGE.CP_CATALOG_PAGE_SK = 8704 AND TPCDS.DATE_DIM2.D_WEEK_SEQ >= 1738"
6188,"SELECT TPCDS.CATALOG_PAGE.CP_CATALOG_PAGE_SK , TPCDS.DATE_DIM2.D_DATE_SK FROM TPCDS.CATALOG_PAGE INNER JOIN TPCDS.DATE_DIM2 ON TPCDS.DATE_DIM2.D_DATE_SK = TPCDS.CATALOG_PAGE.CP_END_DATE_SK WHERE TPCDS.DATE_DIM2.D_DOW = 5 AND TPCDS.DATE_DIM2.D_QUARTER_SEQ <= 554"
6189,"SELECT TPCDS.WEB_SALES.WS_BILL_CUSTOMER_SK , TPCDS.DATE_DIM2.D_QOY FROM TPCDS.WEB_SALES INNER JOIN TPCDS.DATE_DIM2 ON TPCDS.DATE_DIM2.D_DATE_SK = TPCDS.WEB_SALES.WS_SHIP_DATE_SK WHERE TPCDS.WEB_SALES.WS_ITEM_SK >= 15166 AND TPCDS.WEB_SALES.WS_BILL_CUSTOMER_SK <= 14926"
6190,"SELECT TPCDS.CATALOG_PAGE.CP_CATALOG_NUMBER , TPCDS.DATE_DIM2.D_SAME_DAY_LQ FROM TPCDS.CATALOG_PAGE INNER JOIN TPCDS.DATE_DIM2 ON TPCDS.DATE_DIM2.D_DATE_SK = TPCDS.CATALOG_PAGE.CP_END_DATE_SK WHERE TPCDS.DATE_DIM2.D_FY_YEAR >= 1985 AND TPCDS.CATALOG_PAGE.CP_END_DATE_SK <= 2453003"
6191,"SELECT TPCDS.WEB_SALES.WS_SHIP_HDEMO_SK , TPCDS.DATE_DIM2.D_DOM FROM TPCDS.WEB_SALES INNER JOIN TPCDS.DATE_DIM2 ON TPCDS.DATE_DIM2.D_DATE_SK = TPCDS.WEB_SALES.WS_SHIP_DATE_SK WHERE TPCDS.WEB_SALES.WS_EXT_TAX >= +00000.05 AND TPCDS.WEB_SALES.WS_ITEM_SK = 3785"
6192,"SELECT TPCDS.DATE_DIM2.D_LAST_DOM , TPCDS.WEB_SALES.WS_BILL_ADDR_SK FROM TPCDS.DATE_DIM2 INNER JOIN TPCDS.WEB_SALES ON TPCDS.WEB_SALES.WS_SHIP_DATE_SK = TPCDS.DATE_DIM2.D_DATE_SK WHERE TPCDS.DATE_DIM2.D_DOW >= 0 AND TPCDS.WEB_SALES.WS_NET_PAID_INC_SHIP = +00423.15"
6193,"SELECT TPCDS.WEB_SALES.WS_WAREHOUSE_SK , TPCDS.DATE_DIM2.D_LAST_DOM FROM TPCDS.WEB_SALES INNER JOIN TPCDS.DATE_DIM2 ON TPCDS.DATE_DIM2.D_DATE_SK = TPCDS.WEB_SALES.WS_SHIP_DATE_SK WHERE TPCDS.WEB_SALES.WS_SHIP_DATE_SK = 2451821 AND TPCDS.DATE_DIM2.D_SAME_DAY_LY <= 2484285"
6194,"SELECT TPCDS.CATALOG_SALES.CS_SHIP_HDEMO_SK , TPCDS.DATE_DIM2.D_QOY FROM TPCDS.CATALOG_SALES INNER JOIN TPCDS.DATE_DIM2 ON TPCDS.DATE_DIM2.D_DATE_SK = TPCDS.CATALOG_SALES.CS_SHIP_DATE_SK WHERE TPCDS.CATALOG_SALES.CS_SHIP_DATE_SK = 2451394 AND TPCDS.DATE_DIM2.D_WEEK_SEQ >= 2023"
6195,"SELECT TPCDS.DATE_DIM2.D_FY_QUARTER_SEQ , TPCDS.WEB_PAGE.WP_CREATION_DATE_SK FROM TPCDS.DATE_DIM2 INNER JOIN TPCDS.WEB_PAGE ON TPCDS.WEB_PAGE.WP_ACCESS_DATE_SK = TPCDS.DATE_DIM2.D_DATE_SK WHERE TPCDS.DATE_DIM2.D_QOY = 1 AND TPCDS.DATE_DIM2.D_QUARTER_SEQ <= 516"
6196,"SELECT TPCDS.PROMOTION.P_END_DATE_SK , TPCDS.DATE_DIM2.D_SAME_DAY_LQ FROM TPCDS.PROMOTION INNER JOIN TPCDS.DATE_DIM2 ON TPCDS.DATE_DIM2.D_DATE_SK = TPCDS.PROMOTION.P_END_DATE_SK WHERE TPCDS.PROMOTION.P_COST <= +0000000001000.00 AND TPCDS.PROMOTION.P_START_DATE_SK >= 2450712"
6197,"SELECT TPCDS.WEB_SITE.WEB_TAX_PERCENTAGE , TPCDS.DATE_DIM2.D_SAME_DAY_LQ FROM TPCDS.WEB_SITE INNER JOIN TPCDS.DATE_DIM2 ON TPCDS.DATE_DIM2.D_DATE_SK = TPCDS.WEB_SITE.WEB_CLOSE_DATE_SK WHERE TPCDS.WEB_SITE.WEB_GMT_OFFSET <= -005.00 AND TPCDS.WEB_SITE.WEB_MKT_ID <= 5"
6198,"SELECT TPCDS.PROMOTION.P_RESPONSE_TARGET , TPCDS.DATE_DIM2.D_WEEK_SEQ FROM TPCDS.PROMOTION INNER JOIN TPCDS.DATE_DIM2 ON TPCDS.DATE_DIM2.D_DATE_SK = TPCDS.PROMOTION.P_END_DATE_SK WHERE TPCDS.DATE_DIM2.D_SAME_DAY_LQ >= 2415092 AND TPCDS.PROMOTION.P_START_DATE_SK = 2450389"
6199,"SELECT TPCDS.WEB_SALES.WS_NET_PAID_INC_SHIP , TPCDS.DATE_DIM2.D_LAST_DOM FROM TPCDS.WEB_SALES INNER JOIN TPCDS.DATE_DIM2 ON TPCDS.DATE_DIM2.D_DATE_SK = TPCDS.WEB_SALES.WS_SHIP_DATE_SK WHERE TPCDS.WEB_SALES.WS_PROMO_SK >= 64 AND TPCDS.WEB_SALES.WS_EXT_TAX <= +00001.68"
6200,"SELECT TPCDS.WEB_PAGE.WP_CUSTOMER_SK , TPCDS.DATE_DIM2.D_DATE_SK FROM TPCDS.WEB_PAGE INNER JOIN TPCDS.DATE_DIM2 ON TPCDS.DATE_DIM2.D_DATE_SK = TPCDS.WEB_PAGE.WP_ACCESS_DATE_SK WHERE TPCDS.DATE_DIM2.D_DATE_SK >= 2445778 AND TPCDS.WEB_PAGE.WP_CREATION_DATE_SK >= 2450808"
6201,"SELECT TPCDS.CATALOG_SALES.CS_SOLD_DATE_SK , TPCDS.DATE_DIM2.D_DOM FROM TPCDS.CATALOG_SALES INNER JOIN TPCDS.DATE_DIM2 ON TPCDS.DATE_DIM2.D_DATE_SK = TPCDS.CATALOG_SALES.CS_SHIP_DATE_SK WHERE TPCDS.CATALOG_SALES.CS_LIST_PRICE = +00013.08 AND TPCDS.CATALOG_SALES.CS_NET_PAID_INC_TAX >= +00157.14"
6202,"SELECT TPCDS.WEB_SITE.WEB_GMT_OFFSET , TPCDS.DATE_DIM2.D_DATE_SK FROM TPCDS.WEB_SITE INNER JOIN TPCDS.DATE_DIM2 ON TPCDS.DATE_DIM2.D_DATE_SK = TPCDS.WEB_SITE.WEB_CLOSE_DATE_SK WHERE TPCDS.DATE_DIM2.D_FY_WEEK_SEQ >= 1723 AND TPCDS.DATE_DIM2.D_MOY <= 8"
6203,"SELECT TPCDS.STORE.S_FLOOR_SPACE , TPCDS.DATE_DIM2.D_FY_YEAR FROM TPCDS.STORE INNER JOIN TPCDS.DATE_DIM2 ON TPCDS.DATE_DIM2.D_DATE_SK = TPCDS.STORE.S_CLOSED_DATE_SK WHERE TPCDS.STORE.S_TAX_PRECENTAGE <= +000.08 AND TPCDS.STORE.S_FLOOR_SPACE <= 9341467"
6204,"SELECT TPCDS.PROMOTION.P_COST , TPCDS.DATE_DIM2.D_FIRST_DOM FROM TPCDS.PROMOTION INNER JOIN TPCDS.DATE_DIM2 ON TPCDS.DATE_DIM2.D_DATE_SK = TPCDS.PROMOTION.P_END_DATE_SK WHERE TPCDS.DATE_DIM2.D_DOM >= 25 AND TPCDS.PROMOTION.P_RESPONSE_TARGET >= 1"
6205,"SELECT TPCDS.WEB_SALES.WS_NET_PROFIT , TPCDS.DATE_DIM2.D_SAME_DAY_LQ FROM TPCDS.WEB_SALES INNER JOIN TPCDS.DATE_DIM2 ON TPCDS.DATE_DIM2.D_DATE_SK = TPCDS.WEB_SALES.WS_SHIP_DATE_SK WHERE TPCDS.WEB_SALES.WS_COUPON_AMT >= +00898.92 AND TPCDS.DATE_DIM2.D_DOM <= 5"
6206,"SELECT TPCDS.CUSTOMER.C_CUSTOMER_SK , TPCDS.DATE_DIM2.D_FIRST_DOM FROM TPCDS.CUSTOMER INNER JOIN TPCDS.DATE_DIM2 ON TPCDS.DATE_DIM2.D_DATE_SK = TPCDS.CUSTOMER.C_FIRST_SHIPTO_DATE_SK WHERE TPCDS.CUSTOMER.C_CURRENT_HDEMO_SK <= 692 AND TPCDS.CUSTOMER.C_BIRTH_MONTH >= 11"
6207,"SELECT TPCDS.WEB_SALES.WS_BILL_CUSTOMER_SK , TPCDS.DATE_DIM2.D_SAME_DAY_LQ FROM TPCDS.WEB_SALES INNER JOIN TPCDS.DATE_DIM2 ON TPCDS.DATE_DIM2.D_DATE_SK = TPCDS.WEB_SALES.WS_SHIP_DATE_SK WHERE TPCDS.WEB_SALES.WS_NET_PAID_INC_SHIP >= +00000.29 AND TPCDS.DATE_DIM2.D_QOY = 3"
6208,"SELECT TPCDS.CATALOG_SALES.CS_EXT_LIST_PRICE , TPCDS.DATE_DIM2.D_DOM FROM TPCDS.CATALOG_SALES INNER JOIN TPCDS.DATE_DIM2 ON TPCDS.DATE_DIM2.D_DATE_SK = TPCDS.CATALOG_SALES.CS_SHIP_DATE_SK WHERE TPCDS.CATALOG_SALES.CS_SHIP_ADDR_SK >= 2712 AND TPCDS.CATALOG_SALES.CS_EXT_TAX = +00006.19"
6209,"SELECT TPCDS.CATALOG_SALES.CS_NET_PAID_INC_SHIP , TPCDS.DATE_DIM2.D_FY_WEEK_SEQ FROM TPCDS.CATALOG_SALES INNER JOIN TPCDS.DATE_DIM2 ON TPCDS.DATE_DIM2.D_DATE_SK = TPCDS.CATALOG_SALES.CS_SHIP_DATE_SK WHERE TPCDS.CATALOG_SALES.CS_BILL_CUSTOMER_SK >= 12530 AND TPCDS.CATALOG_SALES.CS_SOLD_TIME_SK <= 27412"
6210,"SELECT TPCDS.CATALOG_SALES.CS_WAREHOUSE_SK , TPCDS.DATE_DIM2.D_LAST_DOM FROM TPCDS.CATALOG_SALES INNER JOIN TPCDS.DATE_DIM2 ON TPCDS.DATE_DIM2.D_DATE_SK = TPCDS.CATALOG_SALES.CS_SHIP_DATE_SK WHERE TPCDS.CATALOG_SALES.CS_SHIP_MODE_SK <= 6 AND TPCDS.CATALOG_SALES.CS_SHIP_HDEMO_SK = 6783"
6211,"SELECT TPCDS.WEB_SALES.WS_EXT_LIST_PRICE , TPCDS.DATE_DIM2.D_QOY FROM TPCDS.WEB_SALES INNER JOIN TPCDS.DATE_DIM2 ON TPCDS.DATE_DIM2.D_DATE_SK = TPCDS.WEB_SALES.WS_SHIP_DATE_SK WHERE TPCDS.WEB_SALES.WS_PROMO_SK = 48 AND TPCDS.WEB_SALES.WS_SOLD_TIME_SK >= 48490"
6212,"SELECT TPCDS.WEB_PAGE.WP_CHAR_COUNT , TPCDS.DATE_DIM2.D_WEEK_SEQ FROM TPCDS.WEB_PAGE INNER JOIN TPCDS.DATE_DIM2 ON TPCDS.DATE_DIM2.D_DATE_SK = TPCDS.WEB_PAGE.WP_ACCESS_DATE_SK WHERE TPCDS.WEB_PAGE.WP_WEB_PAGE_SK <= 44 AND TPCDS.WEB_PAGE.WP_MAX_AD_COUNT <= 2"
6213,"SELECT TPCDS.STORE.S_MARKET_ID , TPCDS.DATE_DIM2.D_DOW FROM TPCDS.STORE INNER JOIN TPCDS.DATE_DIM2 ON TPCDS.DATE_DIM2.D_DATE_SK = TPCDS.STORE.S_CLOSED_DATE_SK WHERE TPCDS.STORE.S_DIVISION_ID >= 1 AND TPCDS.DATE_DIM2.D_DATE_SK <= 2472691"
6214,"SELECT TPCDS.DATE_DIM2.D_DOM , TPCDS.WEB_SALES.WS_SHIP_MODE_SK FROM TPCDS.DATE_DIM2 INNER JOIN TPCDS.WEB_SALES ON TPCDS.WEB_SALES.WS_SHIP_DATE_SK = TPCDS.DATE_DIM2.D_DATE_SK WHERE TPCDS.DATE_DIM2.D_FIRST_DOM <= 2477325 AND TPCDS.DATE_DIM2.D_DOM <= 27"
6215,"SELECT TPCDS.STORE.S_TAX_PRECENTAGE , TPCDS.DATE_DIM2.D_FIRST_DOM FROM TPCDS.STORE INNER JOIN TPCDS.DATE_DIM2 ON TPCDS.DATE_DIM2.D_DATE_SK = TPCDS.STORE.S_CLOSED_DATE_SK WHERE TPCDS.STORE.S_FLOOR_SPACE <= 5250760 AND TPCDS.DATE_DIM2.D_FY_QUARTER_SEQ >= 343"
6216,"SELECT TPCDS.DATE_DIM2.D_SAME_DAY_LY , TPCDS.STORE.S_DIVISION_ID FROM TPCDS.DATE_DIM2 INNER JOIN TPCDS.STORE ON TPCDS.STORE.S_CLOSED_DATE_SK = TPCDS.DATE_DIM2.D_DATE_SK WHERE TPCDS.STORE.S_CLOSED_DATE_SK <= 2451044 AND TPCDS.DATE_DIM2.D_DATE_SK <= 2457313"
6217,"SELECT TPCDS.CATALOG_SALES.CS_SHIP_MODE_SK , TPCDS.DATE_DIM2.D_DOW FROM TPCDS.CATALOG_SALES INNER JOIN TPCDS.DATE_DIM2 ON TPCDS.DATE_DIM2.D_DATE_SK = TPCDS.CATALOG_SALES.CS_SHIP_DATE_SK WHERE TPCDS.CATALOG_SALES.CS_CATALOG_PAGE_SK = 8156 AND TPCDS.DATE_DIM2.D_WEEK_SEQ <= 9947"
6218,"SELECT TPCDS.WEB_SALES.WS_NET_PAID_INC_SHIP_TAX , TPCDS.DATE_DIM2.D_WEEK_SEQ FROM TPCDS.WEB_SALES INNER JOIN TPCDS.DATE_DIM2 ON TPCDS.DATE_DIM2.D_DATE_SK = TPCDS.WEB_SALES.WS_SHIP_DATE_SK WHERE TPCDS.DATE_DIM2.D_FY_YEAR <= 2059 AND TPCDS.WEB_SALES.WS_NET_PAID = +23726.40"
6219,"SELECT TPCDS.WEB_PAGE.WP_CREATION_DATE_SK , TPCDS.DATE_DIM2.D_DOW FROM TPCDS.WEB_PAGE INNER JOIN TPCDS.DATE_DIM2 ON TPCDS.DATE_DIM2.D_DATE_SK = TPCDS.WEB_PAGE.WP_ACCESS_DATE_SK WHERE TPCDS.DATE_DIM2.D_WEEK_SEQ >= 2023 AND TPCDS.DATE_DIM2.D_DOM >= 15"
6220,"SELECT TPCDS.CATALOG_SALES.CS_NET_PROFIT , TPCDS.DATE_DIM2.D_WEEK_SEQ FROM TPCDS.CATALOG_SALES INNER JOIN TPCDS.DATE_DIM2 ON TPCDS.DATE_DIM2.D_DATE_SK = TPCDS.CATALOG_SALES.CS_SHIP_DATE_SK WHERE TPCDS.CATALOG_SALES.CS_WAREHOUSE_SK = 4 AND TPCDS.CATALOG_SALES.CS_SOLD_DATE_SK <= 2451073"
6221,"SELECT TPCDS.CATALOG_PAGE.CP_START_DATE_SK , TPCDS.DATE_DIM2.D_DATE_SK FROM TPCDS.CATALOG_PAGE INNER JOIN TPCDS.DATE_DIM2 ON TPCDS.DATE_DIM2.D_DATE_SK = TPCDS.CATALOG_PAGE.CP_END_DATE_SK WHERE TPCDS.DATE_DIM2.D_DATE_SK <= 2472691 AND TPCDS.DATE_DIM2.D_QOY <= 2"
6222,"SELECT TPCDS.CATALOG_PAGE.CP_END_DATE_SK , TPCDS.DATE_DIM2.D_QOY FROM TPCDS.CATALOG_PAGE INNER JOIN TPCDS.DATE_DIM2 ON TPCDS.DATE_DIM2.D_DATE_SK = TPCDS.CATALOG_PAGE.CP_END_DATE_SK WHERE TPCDS.DATE_DIM2.D_FY_WEEK_SEQ >= 3327 AND TPCDS.DATE_DIM2.D_DOM = 31"
6223,"SELECT TPCDS.WEB_PAGE.WP_IMAGE_COUNT , TPCDS.DATE_DIM2.D_WEEK_SEQ FROM TPCDS.WEB_PAGE INNER JOIN TPCDS.DATE_DIM2 ON TPCDS.DATE_DIM2.D_DATE_SK = TPCDS.WEB_PAGE.WP_ACCESS_DATE_SK WHERE TPCDS.WEB_PAGE.WP_WEB_PAGE_SK = 60 AND TPCDS.DATE_DIM2.D_FY_WEEK_SEQ <= 7848"
6224,"SELECT TPCDS.WEB_PAGE.WP_MAX_AD_COUNT , TPCDS.DATE_DIM2.D_QOY FROM TPCDS.WEB_PAGE INNER JOIN TPCDS.DATE_DIM2 ON TPCDS.DATE_DIM2.D_DATE_SK = TPCDS.WEB_PAGE.WP_ACCESS_DATE_SK WHERE TPCDS.DATE_DIM2.D_QUARTER_SEQ >= 200 AND TPCDS.WEB_PAGE.WP_ACCESS_DATE_SK <= 2452620"
6225,"SELECT TPCDS.WEB_PAGE.WP_CREATION_DATE_SK , TPCDS.DATE_DIM2.D_MONTH_SEQ FROM TPCDS.WEB_PAGE INNER JOIN TPCDS.DATE_DIM2 ON TPCDS.DATE_DIM2.D_DATE_SK = TPCDS.WEB_PAGE.WP_ACCESS_DATE_SK WHERE TPCDS.WEB_PAGE.WP_CREATION_DATE_SK >= 2450809 AND TPCDS.WEB_PAGE.WP_LINK_COUNT = 20"
6226,"SELECT TPCDS.STORE.S_TAX_PRECENTAGE , TPCDS.DATE_DIM2.D_FY_WEEK_SEQ FROM TPCDS.STORE INNER JOIN TPCDS.DATE_DIM2 ON TPCDS.DATE_DIM2.D_DATE_SK = TPCDS.STORE.S_CLOSED_DATE_SK WHERE TPCDS.STORE.S_DIVISION_ID = 1 AND TPCDS.STORE.S_MARKET_ID <= 6"
6227,"SELECT TPCDS.CUSTOMER.C_CURRENT_CDEMO_SK , TPCDS.DATE_DIM2.D_QUARTER_SEQ FROM TPCDS.CUSTOMER INNER JOIN TPCDS.DATE_DIM2 ON TPCDS.DATE_DIM2.D_DATE_SK = TPCDS.CUSTOMER.C_FIRST_SHIPTO_DATE_SK WHERE TPCDS.CUSTOMER.C_BIRTH_DAY <= 12 AND TPCDS.DATE_DIM2.D_FY_WEEK_SEQ >= 3838"
6228,"SELECT TPCDS.WEB_SITE.WEB_OPEN_DATE_SK , TPCDS.DATE_DIM2.D_WEEK_SEQ FROM TPCDS.WEB_SITE INNER JOIN TPCDS.DATE_DIM2 ON TPCDS.DATE_DIM2.D_DATE_SK = TPCDS.WEB_SITE.WEB_CLOSE_DATE_SK WHERE TPCDS.DATE_DIM2.D_LAST_DOM <= 2465667 AND TPCDS.DATE_DIM2.D_QUARTER_SEQ >= 200"
6229,"SELECT TPCDS.DATE_DIM2.D_FY_QUARTER_SEQ , TPCDS.CATALOG_SALES.CS_SHIP_CDEMO_SK FROM TPCDS.DATE_DIM2 INNER JOIN TPCDS.CATALOG_SALES ON TPCDS.CATALOG_SALES.CS_SHIP_DATE_SK = TPCDS.DATE_DIM2.D_DATE_SK WHERE TPCDS.CATALOG_SALES.CS_SHIP_HDEMO_SK >= 407 AND TPCDS.DATE_DIM2.D_FY_QUARTER_SEQ >= 256"
6230,"SELECT TPCDS.CUSTOMER.C_FIRST_SALES_DATE_SK , TPCDS.DATE_DIM2.D_FIRST_DOM FROM TPCDS.CUSTOMER INNER JOIN TPCDS.DATE_DIM2 ON TPCDS.DATE_DIM2.D_DATE_SK = TPCDS.CUSTOMER.C_FIRST_SHIPTO_DATE_SK WHERE TPCDS.CUSTOMER.C_CURRENT_CDEMO_SK >= 80694 AND TPCDS.CUSTOMER.C_FIRST_SHIPTO_DATE_SK >= 2452017"
6231,"SELECT TPCDS.STORE.S_STORE_SK , TPCDS.DATE_DIM2.D_DOM FROM TPCDS.STORE INNER JOIN TPCDS.DATE_DIM2 ON TPCDS.DATE_DIM2.D_DATE_SK = TPCDS.STORE.S_CLOSED_DATE_SK WHERE TPCDS.DATE_DIM2.D_MOY <= 7 AND TPCDS.STORE.S_MARKET_ID = 8"
6232,"SELECT TPCDS.PROMOTION.P_END_DATE_SK , TPCDS.DATE_DIM2.D_DOM FROM TPCDS.PROMOTION INNER JOIN TPCDS.DATE_DIM2 ON TPCDS.DATE_DIM2.D_DATE_SK = TPCDS.PROMOTION.P_END_DATE_SK WHERE TPCDS.DATE_DIM2.D_QOY = 1 AND TPCDS.DATE_DIM2.D_DOW = 6"
6233,"SELECT TPCDS.WEB_PAGE.WP_CREATION_DATE_SK , TPCDS.DATE_DIM2.D_MOY FROM TPCDS.WEB_PAGE INNER JOIN TPCDS.DATE_DIM2 ON TPCDS.DATE_DIM2.D_DATE_SK = TPCDS.WEB_PAGE.WP_ACCESS_DATE_SK WHERE TPCDS.DATE_DIM2.D_FY_WEEK_SEQ >= 3327 AND TPCDS.WEB_PAGE.WP_ACCESS_DATE_SK >= 2452597"
6234,"SELECT TPCDS.CUSTOMER.C_CURRENT_CDEMO_SK , TPCDS.DATE_DIM2.D_FY_WEEK_SEQ FROM TPCDS.CUSTOMER INNER JOIN TPCDS.DATE_DIM2 ON TPCDS.DATE_DIM2.D_DATE_SK = TPCDS.CUSTOMER.C_FIRST_SHIPTO_DATE_SK WHERE TPCDS.CUSTOMER.C_CURRENT_CDEMO_SK <= 77579 AND TPCDS.DATE_DIM2.D_FY_WEEK_SEQ <= 10373"
6235,"SELECT TPCDS.DATE_DIM2.D_SAME_DAY_LY , TPCDS.WEB_SALES.WS_EXT_LIST_PRICE FROM TPCDS.DATE_DIM2 INNER JOIN TPCDS.WEB_SALES ON TPCDS.WEB_SALES.WS_SHIP_DATE_SK = TPCDS.DATE_DIM2.D_DATE_SK WHERE TPCDS.DATE_DIM2.D_QOY >= 2 AND TPCDS.WEB_SALES.WS_LIST_PRICE <= +00001.25"
6236,"SELECT TPCDS.CATALOG_SALES.CS_BILL_CUSTOMER_SK , TPCDS.DATE_DIM2.D_WEEK_SEQ FROM TPCDS.CATALOG_SALES INNER JOIN TPCDS.DATE_DIM2 ON TPCDS.DATE_DIM2.D_DATE_SK = TPCDS.CATALOG_SALES.CS_SHIP_DATE_SK WHERE TPCDS.CATALOG_SALES.CS_NET_PAID_INC_SHIP_TAX <= +00051.17 AND TPCDS.CATALOG_SALES.CS_WAREHOUSE_SK = 2"
6237,"SELECT TPCDS.WEB_SITE.WEB_GMT_OFFSET , TPCDS.DATE_DIM2.D_LAST_DOM FROM TPCDS.WEB_SITE INNER JOIN TPCDS.DATE_DIM2 ON TPCDS.DATE_DIM2.D_DATE_SK = TPCDS.WEB_SITE.WEB_CLOSE_DATE_SK WHERE TPCDS.DATE_DIM2.D_DOM >= 21 AND TPCDS.WEB_SITE.WEB_COMPANY_ID <= 4"
6238,"SELECT TPCDS.CATALOG_SALES.CS_SHIP_CUSTOMER_SK , TPCDS.DATE_DIM2.D_FY_QUARTER_SEQ FROM TPCDS.CATALOG_SALES INNER JOIN TPCDS.DATE_DIM2 ON TPCDS.DATE_DIM2.D_DATE_SK = TPCDS.CATALOG_SALES.CS_SHIP_DATE_SK WHERE TPCDS.CATALOG_SALES.CS_NET_PAID = +00621.23 AND TPCDS.CATALOG_SALES.CS_WHOLESALE_COST >= +00040.73"
6239,"SELECT TPCDS.CATALOG_SALES.CS_EXT_SALES_PRICE , TPCDS.DATE_DIM2.D_YEAR FROM TPCDS.CATALOG_SALES INNER JOIN TPCDS.DATE_DIM2 ON TPCDS.DATE_DIM2.D_DATE_SK = TPCDS.CATALOG_SALES.CS_SHIP_DATE_SK WHERE TPCDS.CATALOG_SALES.CS_EXT_DISCOUNT_AMT >= +00500.40 AND TPCDS.CATALOG_SALES.CS_NET_PAID_INC_SHIP_TAX <= +05537.16"
6240,"SELECT TPCDS.CATALOG_SALES.CS_WHOLESALE_COST , TPCDS.DATE_DIM2.D_WEEK_SEQ FROM TPCDS.CATALOG_SALES INNER JOIN TPCDS.DATE_DIM2 ON TPCDS.DATE_DIM2.D_DATE_SK = TPCDS.CATALOG_SALES.CS_SHIP_DATE_SK WHERE TPCDS.CATALOG_SALES.CS_SOLD_TIME_SK = 44584 AND TPCDS.DATE_DIM2.D_MONTH_SEQ <= 2399"
6241,"SELECT TPCDS.WEB_SITE.WEB_MKT_ID , TPCDS.DATE_DIM2.D_QOY FROM TPCDS.WEB_SITE INNER JOIN TPCDS.DATE_DIM2 ON TPCDS.DATE_DIM2.D_DATE_SK = TPCDS.WEB_SITE.WEB_CLOSE_DATE_SK WHERE TPCDS.WEB_SITE.WEB_TAX_PERCENTAGE >= +000.00 AND TPCDS.WEB_SITE.WEB_MKT_ID = 3"
6242,"SELECT TPCDS.CATALOG_SALES.CS_CATALOG_PAGE_SK , TPCDS.DATE_DIM2.D_FIRST_DOM FROM TPCDS.CATALOG_SALES INNER JOIN TPCDS.DATE_DIM2 ON TPCDS.DATE_DIM2.D_DATE_SK = TPCDS.CATALOG_SALES.CS_SHIP_DATE_SK WHERE TPCDS.CATALOG_SALES.CS_NET_PAID_INC_SHIP = +01484.98 AND TPCDS.CATALOG_SALES.CS_BILL_HDEMO_SK <= 3614"
6243,"SELECT TPCDS.WEB_SALES.WS_SHIP_MODE_SK , TPCDS.DATE_DIM2.D_MONTH_SEQ FROM TPCDS.WEB_SALES INNER JOIN TPCDS.DATE_DIM2 ON TPCDS.DATE_DIM2.D_DATE_SK = TPCDS.WEB_SALES.WS_SHIP_DATE_SK WHERE TPCDS.WEB_SALES.WS_NET_PAID >= +00000.00 AND TPCDS.WEB_SALES.WS_SHIP_HDEMO_SK <= 1656"
6244,"SELECT TPCDS.CUSTOMER.C_CURRENT_ADDR_SK , TPCDS.DATE_DIM2.D_DOM FROM TPCDS.CUSTOMER INNER JOIN TPCDS.DATE_DIM2 ON TPCDS.DATE_DIM2.D_DATE_SK = TPCDS.CUSTOMER.C_FIRST_SHIPTO_DATE_SK WHERE TPCDS.DATE_DIM2.D_DOM >= 29 AND TPCDS.CUSTOMER.C_BIRTH_DAY = 26"
6245,"SELECT TPCDS.CUSTOMER.C_CUSTOMER_SK , TPCDS.DATE_DIM2.D_MONTH_SEQ FROM TPCDS.CUSTOMER INNER JOIN TPCDS.DATE_DIM2 ON TPCDS.DATE_DIM2.D_DATE_SK = TPCDS.CUSTOMER.C_FIRST_SHIPTO_DATE_SK WHERE TPCDS.CUSTOMER.C_CURRENT_HDEMO_SK = 3523 AND TPCDS.DATE_DIM2.D_SAME_DAY_LQ >= 2430603"
6246,"SELECT TPCDS.WEB_PAGE.WP_CUSTOMER_SK , TPCDS.DATE_DIM2.D_QUARTER_SEQ FROM TPCDS.WEB_PAGE INNER JOIN TPCDS.DATE_DIM2 ON TPCDS.DATE_DIM2.D_DATE_SK = TPCDS.WEB_PAGE.WP_ACCESS_DATE_SK WHERE TPCDS.DATE_DIM2.D_MOY = 10 AND TPCDS.WEB_PAGE.WP_ACCESS_DATE_SK <= 2452585"
6247,"SELECT TPCDS.CATALOG_SALES.CS_SHIP_DATE_SK , TPCDS.DATE_DIM2.D_DOM FROM TPCDS.CATALOG_SALES INNER JOIN TPCDS.DATE_DIM2 ON TPCDS.DATE_DIM2.D_DATE_SK = TPCDS.CATALOG_SALES.CS_SHIP_DATE_SK WHERE TPCDS.CATALOG_SALES.CS_BILL_CUSTOMER_SK >= 2644 AND TPCDS.CATALOG_SALES.CS_ORDER_NUMBER = 72115"
6248,"SELECT TPCDS.CATALOG_SALES.CS_WHOLESALE_COST , TPCDS.DATE_DIM2.D_WEEK_SEQ FROM TPCDS.CATALOG_SALES INNER JOIN TPCDS.DATE_DIM2 ON TPCDS.DATE_DIM2.D_DATE_SK = TPCDS.CATALOG_SALES.CS_SHIP_DATE_SK WHERE TPCDS.CATALOG_SALES.CS_COUPON_AMT = +00038.55 AND TPCDS.CATALOG_SALES.CS_NET_PROFIT >= -01776.18"
6249,"SELECT TPCDS.CATALOG_PAGE.CP_START_DATE_SK , TPCDS.DATE_DIM2.D_LAST_DOM FROM TPCDS.CATALOG_PAGE INNER JOIN TPCDS.DATE_DIM2 ON TPCDS.DATE_DIM2.D_DATE_SK = TPCDS.CATALOG_PAGE.CP_END_DATE_SK WHERE TPCDS.DATE_DIM2.D_DOW >= 3 AND TPCDS.CATALOG_PAGE.CP_CATALOG_PAGE_SK <= 6839"
6250,"SELECT TPCDS.WEB_PAGE.WP_CHAR_COUNT , TPCDS.DATE_DIM2.D_WEEK_SEQ FROM TPCDS.WEB_PAGE INNER JOIN TPCDS.DATE_DIM2 ON TPCDS.DATE_DIM2.D_DATE_SK = TPCDS.WEB_PAGE.WP_ACCESS_DATE_SK WHERE TPCDS.WEB_PAGE.WP_CUSTOMER_SK >= 20213 AND TPCDS.WEB_PAGE.WP_LINK_COUNT = 2"
6251,"SELECT TPCDS.WEB_SALES.WS_WHOLESALE_COST , TPCDS.DATE_DIM2.D_QUARTER_SEQ FROM TPCDS.WEB_SALES INNER JOIN TPCDS.DATE_DIM2 ON TPCDS.DATE_DIM2.D_DATE_SK = TPCDS.WEB_SALES.WS_SHIP_DATE_SK WHERE TPCDS.WEB_SALES.WS_LIST_PRICE <= +00016.33 AND TPCDS.WEB_SALES.WS_SHIP_CUSTOMER_SK = 22746"
6252,"SELECT TPCDS.WEB_SALES.WS_NET_PROFIT , TPCDS.DATE_DIM2.D_QUARTER_SEQ FROM TPCDS.WEB_SALES INNER JOIN TPCDS.DATE_DIM2 ON TPCDS.DATE_DIM2.D_DATE_SK = TPCDS.WEB_SALES.WS_SHIP_DATE_SK WHERE TPCDS.WEB_SALES.WS_SHIP_HDEMO_SK >= 1656 AND TPCDS.WEB_SALES.WS_QUANTITY = 90"
6253,"SELECT TPCDS.CATALOG_SALES.CS_SHIP_HDEMO_SK , TPCDS.DATE_DIM2.D_FY_YEAR FROM TPCDS.CATALOG_SALES INNER JOIN TPCDS.DATE_DIM2 ON TPCDS.DATE_DIM2.D_DATE_SK = TPCDS.CATALOG_SALES.CS_SHIP_DATE_SK WHERE TPCDS.CATALOG_SALES.CS_NET_PAID_INC_SHIP_TAX >= +11589.75 AND TPCDS.DATE_DIM2.D_MOY <= 3"
6254,"SELECT TPCDS.WEB_SALES.WS_SHIP_DATE_SK , TPCDS.DATE_DIM2.D_FY_WEEK_SEQ FROM TPCDS.WEB_SALES INNER JOIN TPCDS.DATE_DIM2 ON TPCDS.DATE_DIM2.D_DATE_SK = TPCDS.WEB_SALES.WS_SHIP_DATE_SK WHERE TPCDS.WEB_SALES.WS_SHIP_CUSTOMER_SK = 94845 AND TPCDS.WEB_SALES.WS_EXT_TAX >= +00071.67"
6255,"SELECT TPCDS.CATALOG_SALES.CS_QUANTITY , TPCDS.DATE_DIM2.D_DATE_SK FROM TPCDS.CATALOG_SALES INNER JOIN TPCDS.DATE_DIM2 ON TPCDS.DATE_DIM2.D_DATE_SK = TPCDS.CATALOG_SALES.CS_SHIP_DATE_SK WHERE TPCDS.DATE_DIM2.D_MOY <= 2 AND TPCDS.CATALOG_SALES.CS_NET_PAID >= +01285.70"
6256,"SELECT TPCDS.WEB_SALES.WS_PROMO_SK , TPCDS.DATE_DIM2.D_YEAR FROM TPCDS.WEB_SALES INNER JOIN TPCDS.DATE_DIM2 ON TPCDS.DATE_DIM2.D_DATE_SK = TPCDS.WEB_SALES.WS_SHIP_DATE_SK WHERE TPCDS.DATE_DIM2.D_QOY = 4 AND TPCDS.WEB_SALES.WS_BILL_ADDR_SK >= 593"
6257,"SELECT TPCDS.WEB_SITE.WEB_OPEN_DATE_SK , TPCDS.DATE_DIM2.D_SAME_DAY_LQ FROM TPCDS.WEB_SITE INNER JOIN TPCDS.DATE_DIM2 ON TPCDS.DATE_DIM2.D_DATE_SK = TPCDS.WEB_SITE.WEB_CLOSE_DATE_SK WHERE TPCDS.WEB_SITE.WEB_OPEN_DATE_SK >= 2450645 AND TPCDS.WEB_SITE.WEB_SITE_SK <= 16"
6258,"SELECT TPCDS.WEB_SITE.WEB_TAX_PERCENTAGE , TPCDS.DATE_DIM2.D_SAME_DAY_LY FROM TPCDS.WEB_SITE INNER JOIN TPCDS.DATE_DIM2 ON TPCDS.DATE_DIM2.D_DATE_SK = TPCDS.WEB_SITE.WEB_CLOSE_DATE_SK WHERE TPCDS.WEB_SITE.WEB_GMT_OFFSET = -005.00 AND TPCDS.DATE_DIM2.D_FIRST_DOM <= 2484630"
6259,"SELECT TPCDS.CATALOG_PAGE.CP_END_DATE_SK , TPCDS.DATE_DIM2.D_SAME_DAY_LQ FROM TPCDS.CATALOG_PAGE INNER JOIN TPCDS.DATE_DIM2 ON TPCDS.DATE_DIM2.D_DATE_SK = TPCDS.CATALOG_PAGE.CP_END_DATE_SK WHERE TPCDS.CATALOG_PAGE.CP_END_DATE_SK >= 2451178 AND TPCDS.CATALOG_PAGE.CP_CATALOG_PAGE_SK = 6839"
6260,"SELECT TPCDS.CATALOG_SALES.CS_SHIP_HDEMO_SK , TPCDS.DATE_DIM2.D_QOY FROM TPCDS.CATALOG_SALES INNER JOIN TPCDS.DATE_DIM2 ON TPCDS.DATE_DIM2.D_DATE_SK = TPCDS.CATALOG_SALES.CS_SHIP_DATE_SK WHERE TPCDS.DATE_DIM2.D_QOY <= 2 AND TPCDS.DATE_DIM2.D_WEEK_SEQ >= 1"
6261,"SELECT TPCDS.STORE.S_NUMBER_EMPLOYEES , TPCDS.DATE_DIM2.D_SAME_DAY_LY FROM TPCDS.STORE INNER JOIN TPCDS.DATE_DIM2 ON TPCDS.DATE_DIM2.D_DATE_SK = TPCDS.STORE.S_CLOSED_DATE_SK WHERE TPCDS.DATE_DIM2.D_FIRST_DOM >= 2450175 AND TPCDS.DATE_DIM2.D_DOW = 1"
6262,"SELECT TPCDS.CATALOG_SALES.CS_SOLD_DATE_SK , TPCDS.DATE_DIM2.D_DOW FROM TPCDS.CATALOG_SALES INNER JOIN TPCDS.DATE_DIM2 ON TPCDS.DATE_DIM2.D_DATE_SK = TPCDS.CATALOG_SALES.CS_SHIP_DATE_SK WHERE TPCDS.CATALOG_SALES.CS_SOLD_TIME_SK = 51610 AND TPCDS.CATALOG_SALES.CS_ITEM_SK >= 5443"
6263,"SELECT TPCDS.CATALOG_PAGE.CP_END_DATE_SK , TPCDS.DATE_DIM2.D_QUARTER_SEQ FROM TPCDS.CATALOG_PAGE INNER JOIN TPCDS.DATE_DIM2 ON TPCDS.DATE_DIM2.D_DATE_SK = TPCDS.CATALOG_PAGE.CP_END_DATE_SK WHERE TPCDS.DATE_DIM2.D_MOY = 4 AND TPCDS.CATALOG_PAGE.CP_START_DATE_SK <= 2450815"
6264,"SELECT TPCDS.CUSTOMER.C_BIRTH_MONTH , TPCDS.DATE_DIM2.D_MONTH_SEQ FROM TPCDS.CUSTOMER INNER JOIN TPCDS.DATE_DIM2 ON TPCDS.DATE_DIM2.D_DATE_SK = TPCDS.CUSTOMER.C_FIRST_SHIPTO_DATE_SK WHERE TPCDS.DATE_DIM2.D_YEAR <= 2080 AND TPCDS.CUSTOMER.C_BIRTH_DAY = 31"
6265,"SELECT TPCDS.WEB_SALES.WS_NET_PAID_INC_SHIP , TPCDS.DATE_DIM2.D_WEEK_SEQ FROM TPCDS.WEB_SALES INNER JOIN TPCDS.DATE_DIM2 ON TPCDS.DATE_DIM2.D_DATE_SK = TPCDS.WEB_SALES.WS_SHIP_DATE_SK WHERE TPCDS.DATE_DIM2.D_FY_WEEK_SEQ <= 5619 AND TPCDS.WEB_SALES.WS_EXT_WHOLESALE_COST <= +04507.08"
6266,"SELECT TPCDS.PROMOTION.P_ITEM_SK , TPCDS.DATE_DIM2.D_QOY FROM TPCDS.PROMOTION INNER JOIN TPCDS.DATE_DIM2 ON TPCDS.DATE_DIM2.D_DATE_SK = TPCDS.PROMOTION.P_END_DATE_SK WHERE TPCDS.PROMOTION.P_END_DATE_SK = 2450132 AND TPCDS.DATE_DIM2.D_SAME_DAY_LY >= 2414990"
6267,"SELECT TPCDS.PROMOTION.P_ITEM_SK , TPCDS.DATE_DIM2.D_MOY FROM TPCDS.PROMOTION INNER JOIN TPCDS.DATE_DIM2 ON TPCDS.DATE_DIM2.D_DATE_SK = TPCDS.PROMOTION.P_END_DATE_SK WHERE TPCDS.PROMOTION.P_COST >= +0000000001000.00 AND TPCDS.DATE_DIM2.D_QOY >= 3"
6268,"SELECT TPCDS.STORE.S_GMT_OFFSET , TPCDS.DATE_DIM2.D_DATE_SK FROM TPCDS.STORE INNER JOIN TPCDS.DATE_DIM2 ON TPCDS.DATE_DIM2.D_DATE_SK = TPCDS.STORE.S_CLOSED_DATE_SK WHERE TPCDS.DATE_DIM2.D_YEAR <= 2070 AND TPCDS.STORE.S_GMT_OFFSET <= -005.00"
6269,"SELECT TPCDS.PROMOTION.P_END_DATE_SK , TPCDS.DATE_DIM2.D_SAME_DAY_LQ FROM TPCDS.PROMOTION INNER JOIN TPCDS.DATE_DIM2 ON TPCDS.DATE_DIM2.D_DATE_SK = TPCDS.PROMOTION.P_END_DATE_SK WHERE TPCDS.PROMOTION.P_RESPONSE_TARGET <= 1 AND TPCDS.DATE_DIM2.D_YEAR <= 2090"
6270,"SELECT TPCDS.CATALOG_SALES.CS_EXT_LIST_PRICE , TPCDS.DATE_DIM2.D_QUARTER_SEQ FROM TPCDS.CATALOG_SALES INNER JOIN TPCDS.DATE_DIM2 ON TPCDS.DATE_DIM2.D_DATE_SK = TPCDS.CATALOG_SALES.CS_SHIP_DATE_SK WHERE TPCDS.CATALOG_SALES.CS_EXT_SALES_PRICE = +01208.50 AND TPCDS.CATALOG_SALES.CS_NET_PAID_INC_TAX >= +00010.52"
6271,"SELECT TPCDS.WEB_PAGE.WP_CHAR_COUNT , TPCDS.DATE_DIM2.D_DOW FROM TPCDS.WEB_PAGE INNER JOIN TPCDS.DATE_DIM2 ON TPCDS.DATE_DIM2.D_DATE_SK = TPCDS.WEB_PAGE.WP_ACCESS_DATE_SK WHERE TPCDS.WEB_PAGE.WP_CUSTOMER_SK = 20213 AND TPCDS.WEB_PAGE.WP_WEB_PAGE_SK >= 16"
6272,"SELECT TPCDS.CATALOG_PAGE.CP_CATALOG_NUMBER , TPCDS.DATE_DIM2.D_SAME_DAY_LY FROM TPCDS.CATALOG_PAGE INNER JOIN TPCDS.DATE_DIM2 ON TPCDS.DATE_DIM2.D_DATE_SK = TPCDS.CATALOG_PAGE.CP_END_DATE_SK WHERE TPCDS.DATE_DIM2.D_DOW >= 4 AND TPCDS.DATE_DIM2.D_YEAR <= 2020"
6273,"SELECT TPCDS.WEB_SALES.WS_QUANTITY , TPCDS.DATE_DIM2.D_FY_YEAR FROM TPCDS.WEB_SALES INNER JOIN TPCDS.DATE_DIM2 ON TPCDS.DATE_DIM2.D_DATE_SK = TPCDS.WEB_SALES.WS_SHIP_DATE_SK WHERE TPCDS.WEB_SALES.WS_BILL_HDEMO_SK <= 9 AND TPCDS.WEB_SALES.WS_EXT_SHIP_COST <= +00094.60"
6274,"SELECT TPCDS.CUSTOMER.C_BIRTH_DAY , TPCDS.DATE_DIM2.D_DOM FROM TPCDS.CUSTOMER INNER JOIN TPCDS.DATE_DIM2 ON TPCDS.DATE_DIM2.D_DATE_SK = TPCDS.CUSTOMER.C_FIRST_SHIPTO_DATE_SK WHERE TPCDS.CUSTOMER.C_BIRTH_DAY >= 7 AND TPCDS.DATE_DIM2.D_FY_YEAR >= 1942"
6275,"SELECT TPCDS.CATALOG_SALES.CS_SHIP_CDEMO_SK , TPCDS.DATE_DIM2.D_FY_QUARTER_SEQ FROM TPCDS.CATALOG_SALES INNER JOIN TPCDS.DATE_DIM2 ON TPCDS.DATE_DIM2.D_DATE_SK = TPCDS.CATALOG_SALES.CS_SHIP_DATE_SK WHERE TPCDS.DATE_DIM2.D_WEEK_SEQ <= 8445 AND TPCDS.CATALOG_SALES.CS_ORDER_NUMBER <= 159987"
6276,"SELECT TPCDS.WEB_PAGE.WP_IMAGE_COUNT , TPCDS.DATE_DIM2.D_QUARTER_SEQ FROM TPCDS.WEB_PAGE INNER JOIN TPCDS.DATE_DIM2 ON TPCDS.DATE_DIM2.D_DATE_SK = TPCDS.WEB_PAGE.WP_ACCESS_DATE_SK WHERE TPCDS.DATE_DIM2.D_MOY >= 1 AND TPCDS.DATE_DIM2.D_WEEK_SEQ >= 1202"
6277,"SELECT TPCDS.CUSTOMER.C_CURRENT_CDEMO_SK , TPCDS.DATE_DIM2.D_LAST_DOM FROM TPCDS.CUSTOMER INNER JOIN TPCDS.DATE_DIM2 ON TPCDS.DATE_DIM2.D_DATE_SK = TPCDS.CUSTOMER.C_FIRST_SHIPTO_DATE_SK WHERE TPCDS.CUSTOMER.C_BIRTH_DAY = 20 AND TPCDS.DATE_DIM2.D_QOY <= 4"
6278,"SELECT TPCDS.PROMOTION.P_END_DATE_SK , TPCDS.DATE_DIM2.D_FIRST_DOM FROM TPCDS.PROMOTION INNER JOIN TPCDS.DATE_DIM2 ON TPCDS.DATE_DIM2.D_DATE_SK = TPCDS.PROMOTION.P_END_DATE_SK WHERE TPCDS.DATE_DIM2.D_MOY >= 9 AND TPCDS.DATE_DIM2.D_FY_WEEK_SEQ >= 3838"
6279,"SELECT TPCDS.PROMOTION.P_END_DATE_SK , TPCDS.DATE_DIM2.D_YEAR FROM TPCDS.PROMOTION INNER JOIN TPCDS.DATE_DIM2 ON TPCDS.DATE_DIM2.D_DATE_SK = TPCDS.PROMOTION.P_END_DATE_SK WHERE TPCDS.PROMOTION.P_RESPONSE_TARGET >= 1 AND TPCDS.DATE_DIM2.D_QOY = 4"
6280,"SELECT TPCDS.WEB_SALES.WS_WEB_PAGE_SK , TPCDS.DATE_DIM2.D_MONTH_SEQ FROM TPCDS.WEB_SALES INNER JOIN TPCDS.DATE_DIM2 ON TPCDS.DATE_DIM2.D_DATE_SK = TPCDS.WEB_SALES.WS_SHIP_DATE_SK WHERE TPCDS.WEB_SALES.WS_NET_PAID_INC_SHIP <= +00011.70 AND TPCDS.WEB_SALES.WS_SHIP_CDEMO_SK >= 803619"
6281,"SELECT TPCDS.DATE_DIM2.D_FY_QUARTER_SEQ , TPCDS.WEB_PAGE.WP_CREATION_DATE_SK FROM TPCDS.DATE_DIM2 INNER JOIN TPCDS.WEB_PAGE ON TPCDS.WEB_PAGE.WP_ACCESS_DATE_SK = TPCDS.DATE_DIM2.D_DATE_SK WHERE TPCDS.DATE_DIM2.D_MOY >= 5 AND TPCDS.WEB_PAGE.WP_CREATION_DATE_SK >= 2450808"
6282,"SELECT TPCDS.CATALOG_SALES.CS_EXT_WHOLESALE_COST , TPCDS.DATE_DIM2.D_WEEK_SEQ FROM TPCDS.CATALOG_SALES INNER JOIN TPCDS.DATE_DIM2 ON TPCDS.DATE_DIM2.D_DATE_SK = TPCDS.CATALOG_SALES.CS_SHIP_DATE_SK WHERE TPCDS.CATALOG_SALES.CS_NET_PAID <= +00000.00 AND TPCDS.CATALOG_SALES.CS_LIST_PRICE >= +00086.87"
6283,"SELECT TPCDS.CUSTOMER.C_CURRENT_CDEMO_SK , TPCDS.DATE_DIM2.D_FY_WEEK_SEQ FROM TPCDS.CUSTOMER INNER JOIN TPCDS.DATE_DIM2 ON TPCDS.DATE_DIM2.D_DATE_SK = TPCDS.CUSTOMER.C_FIRST_SHIPTO_DATE_SK WHERE TPCDS.CUSTOMER.C_FIRST_SALES_DATE_SK = 2451591 AND TPCDS.DATE_DIM2.D_SAME_DAY_LQ >= 2423341"
6284,"SELECT TPCDS.CATALOG_SALES.CS_EXT_TAX , TPCDS.DATE_DIM2.D_MONTH_SEQ FROM TPCDS.CATALOG_SALES INNER JOIN TPCDS.DATE_DIM2 ON TPCDS.DATE_DIM2.D_DATE_SK = TPCDS.CATALOG_SALES.CS_SHIP_DATE_SK WHERE TPCDS.CATALOG_SALES.CS_SHIP_CDEMO_SK >= 802538 AND TPCDS.CATALOG_SALES.CS_SHIP_ADDR_SK <= 24926"
6285,"SELECT TPCDS.WEB_SALES.WS_EXT_DISCOUNT_AMT , TPCDS.DATE_DIM2.D_DOW FROM TPCDS.WEB_SALES INNER JOIN TPCDS.DATE_DIM2 ON TPCDS.DATE_DIM2.D_DATE_SK = TPCDS.WEB_SALES.WS_SHIP_DATE_SK WHERE TPCDS.WEB_SALES.WS_PROMO_SK = 41 AND TPCDS.WEB_SALES.WS_QUANTITY >= 88"
6286,"SELECT TPCDS.PROMOTION.P_RESPONSE_TARGET , TPCDS.DATE_DIM2.D_DATE_SK FROM TPCDS.PROMOTION INNER JOIN TPCDS.DATE_DIM2 ON TPCDS.DATE_DIM2.D_DATE_SK = TPCDS.PROMOTION.P_END_DATE_SK WHERE TPCDS.PROMOTION.P_PROMO_SK = 178 AND TPCDS.DATE_DIM2.D_SAME_DAY_LY >= 2414876"
6287,"SELECT TPCDS.PROMOTION.P_START_DATE_SK , TPCDS.DATE_DIM2.D_LAST_DOM FROM TPCDS.PROMOTION INNER JOIN TPCDS.DATE_DIM2 ON TPCDS.DATE_DIM2.D_DATE_SK = TPCDS.PROMOTION.P_END_DATE_SK WHERE TPCDS.DATE_DIM2.D_WEEK_SEQ >= 2023 AND TPCDS.DATE_DIM2.D_MOY = 12"
6288,"SELECT TPCDS.PROMOTION.P_RESPONSE_TARGET , TPCDS.DATE_DIM2.D_FY_WEEK_SEQ FROM TPCDS.PROMOTION INNER JOIN TPCDS.DATE_DIM2 ON TPCDS.DATE_DIM2.D_DATE_SK = TPCDS.PROMOTION.P_END_DATE_SK WHERE TPCDS.DATE_DIM2.D_QOY = 2 AND TPCDS.DATE_DIM2.D_YEAR >= 1949"
6289,"SELECT TPCDS.STORE.S_COMPANY_ID , TPCDS.DATE_DIM2.D_YEAR FROM TPCDS.STORE INNER JOIN TPCDS.DATE_DIM2 ON TPCDS.DATE_DIM2.D_DATE_SK = TPCDS.STORE.S_CLOSED_DATE_SK WHERE TPCDS.DATE_DIM2.D_FY_WEEK_SEQ <= 6771 AND TPCDS.STORE.S_MARKET_ID >= 8"
6290,"SELECT TPCDS.WEB_SALES.WS_SHIP_DATE_SK , TPCDS.DATE_DIM2.D_FIRST_DOM FROM TPCDS.WEB_SALES INNER JOIN TPCDS.DATE_DIM2 ON TPCDS.DATE_DIM2.D_DATE_SK = TPCDS.WEB_SALES.WS_SHIP_DATE_SK WHERE TPCDS.WEB_SALES.WS_NET_PAID_INC_SHIP_TAX >= +03323.60 AND TPCDS.WEB_SALES.WS_PROMO_SK = 91"
6291,"SELECT TPCDS.WEB_SALES.WS_NET_PROFIT , TPCDS.DATE_DIM2.D_DOW FROM TPCDS.WEB_SALES INNER JOIN TPCDS.DATE_DIM2 ON TPCDS.DATE_DIM2.D_DATE_SK = TPCDS.WEB_SALES.WS_SHIP_DATE_SK WHERE TPCDS.DATE_DIM2.D_DOW <= 4 AND TPCDS.WEB_SALES.WS_SOLD_TIME_SK >= 14718"
6292,"SELECT TPCDS.CATALOG_SALES.CS_EXT_DISCOUNT_AMT , TPCDS.DATE_DIM2.D_DATE_SK FROM TPCDS.CATALOG_SALES INNER JOIN TPCDS.DATE_DIM2 ON TPCDS.DATE_DIM2.D_DATE_SK = TPCDS.CATALOG_SALES.CS_SHIP_DATE_SK WHERE TPCDS.DATE_DIM2.D_QOY >= 3 AND TPCDS.CATALOG_SALES.CS_SHIP_CDEMO_SK >= 787056"
6293,"SELECT TPCDS.WEB_SALES.WS_WEB_PAGE_SK , TPCDS.DATE_DIM2.D_QUARTER_SEQ FROM TPCDS.WEB_SALES INNER JOIN TPCDS.DATE_DIM2 ON TPCDS.DATE_DIM2.D_DATE_SK = TPCDS.WEB_SALES.WS_SHIP_DATE_SK WHERE TPCDS.WEB_SALES.WS_NET_PAID_INC_SHIP >= +02344.68 AND TPCDS.WEB_SALES.WS_ITEM_SK >= 15361"
6294,"SELECT TPCDS.DATE_DIM2.D_QOY , TPCDS.STORE.S_STORE_SK FROM TPCDS.DATE_DIM2 INNER JOIN TPCDS.STORE ON TPCDS.STORE.S_CLOSED_DATE_SK = TPCDS.DATE_DIM2.D_DATE_SK WHERE TPCDS.DATE_DIM2.D_QOY >= 3 AND TPCDS.STORE.S_NUMBER_EMPLOYEES <= 236"
6295,"SELECT TPCDS.CATALOG_SALES.CS_ITEM_SK , TPCDS.DATE_DIM2.D_SAME_DAY_LY FROM TPCDS.CATALOG_SALES INNER JOIN TPCDS.DATE_DIM2 ON TPCDS.DATE_DIM2.D_DATE_SK = TPCDS.CATALOG_SALES.CS_SHIP_DATE_SK WHERE TPCDS.DATE_DIM2.D_QUARTER_SEQ <= 620 AND TPCDS.DATE_DIM2.D_YEAR <= 2050"
6296,"SELECT TPCDS.WEB_SALES.WS_NET_PROFIT , TPCDS.DATE_DIM2.D_DOM FROM TPCDS.WEB_SALES INNER JOIN TPCDS.DATE_DIM2 ON TPCDS.DATE_DIM2.D_DATE_SK = TPCDS.WEB_SALES.WS_SHIP_DATE_SK WHERE TPCDS.WEB_SALES.WS_SHIP_DATE_SK <= 2451518 AND TPCDS.WEB_SALES.WS_WAREHOUSE_SK = 3"
6297,"SELECT TPCDS.CATALOG_PAGE.CP_CATALOG_PAGE_SK , TPCDS.DATE_DIM2.D_DOM FROM TPCDS.CATALOG_PAGE INNER JOIN TPCDS.DATE_DIM2 ON TPCDS.DATE_DIM2.D_DATE_SK = TPCDS.CATALOG_PAGE.CP_END_DATE_SK WHERE TPCDS.DATE_DIM2.D_DOM >= 17 AND TPCDS.DATE_DIM2.D_LAST_DOM >= 2439063"
6298,"SELECT TPCDS.CATALOG_SALES.CS_EXT_SHIP_COST , TPCDS.DATE_DIM2.D_DATE_SK FROM TPCDS.CATALOG_SALES INNER JOIN TPCDS.DATE_DIM2 ON TPCDS.DATE_DIM2.D_DATE_SK = TPCDS.CATALOG_SALES.CS_SHIP_DATE_SK WHERE TPCDS.CATALOG_SALES.CS_EXT_SHIP_COST >= +00610.54 AND TPCDS.CATALOG_SALES.CS_NET_PROFIT <= -00984.90"
6299,"SELECT TPCDS.WEB_SITE.WEB_SITE_SK , TPCDS.DATE_DIM2.D_DOM FROM TPCDS.WEB_SITE INNER JOIN TPCDS.DATE_DIM2 ON TPCDS.DATE_DIM2.D_DATE_SK = TPCDS.WEB_SITE.WEB_CLOSE_DATE_SK WHERE TPCDS.DATE_DIM2.D_MOY = 11 AND TPCDS.DATE_DIM2.D_FY_YEAR <= 2029"
6300,"SELECT TPCDS.CUSTOMER.C_CURRENT_CDEMO_SK , TPCDS.DATE_DIM2.D_MONTH_SEQ FROM TPCDS.CUSTOMER INNER JOIN TPCDS.DATE_DIM2 ON TPCDS.DATE_DIM2.D_DATE_SK = TPCDS.CUSTOMER.C_FIRST_SHIPTO_DATE_SK WHERE TPCDS.CUSTOMER.C_BIRTH_YEAR = 1948 AND TPCDS.DATE_DIM2.D_QOY <= 2"
6301,"SELECT TPCDS.WEB_SALES.WS_EXT_SALES_PRICE , TPCDS.DATE_DIM2.D_YEAR FROM TPCDS.WEB_SALES INNER JOIN TPCDS.DATE_DIM2 ON TPCDS.DATE_DIM2.D_DATE_SK = TPCDS.WEB_SALES.WS_SHIP_DATE_SK WHERE TPCDS.WEB_SALES.WS_NET_PAID_INC_TAX >= +00344.20 AND TPCDS.WEB_SALES.WS_ORDER_NUMBER <= 1803"
6302,"SELECT TPCDS.STORE.S_DIVISION_ID , TPCDS.DATE_DIM2.D_SAME_DAY_LQ FROM TPCDS.STORE INNER JOIN TPCDS.DATE_DIM2 ON TPCDS.DATE_DIM2.D_DATE_SK = TPCDS.STORE.S_CLOSED_DATE_SK WHERE TPCDS.DATE_DIM2.D_FY_WEEK_SEQ <= 6767 AND TPCDS.DATE_DIM2.D_DOW = 2"
6303,"SELECT TPCDS.CATALOG_SALES.CS_SHIP_DATE_SK , TPCDS.DATE_DIM2.D_MONTH_SEQ FROM TPCDS.CATALOG_SALES INNER JOIN TPCDS.DATE_DIM2 ON TPCDS.DATE_DIM2.D_DATE_SK = TPCDS.CATALOG_SALES.CS_SHIP_DATE_SK WHERE TPCDS.DATE_DIM2.D_QUARTER_SEQ <= 602 AND TPCDS.CATALOG_SALES.CS_NET_PAID_INC_TAX <= +00155.06"
6304,"SELECT TPCDS.CATALOG_SALES.CS_CATALOG_PAGE_SK , TPCDS.DATE_DIM2.D_MONTH_SEQ FROM TPCDS.CATALOG_SALES INNER JOIN TPCDS.DATE_DIM2 ON TPCDS.DATE_DIM2.D_DATE_SK = TPCDS.CATALOG_SALES.CS_SHIP_DATE_SK WHERE TPCDS.DATE_DIM2.D_QOY >= 3 AND TPCDS.DATE_DIM2.D_FIRST_DOM >= 2447344"
6305,"SELECT TPCDS.WEB_SALES.WS_WEB_PAGE_SK , TPCDS.DATE_DIM2.D_DOM FROM TPCDS.WEB_SALES INNER JOIN TPCDS.DATE_DIM2 ON TPCDS.DATE_DIM2.D_DATE_SK = TPCDS.WEB_SALES.WS_SHIP_DATE_SK WHERE TPCDS.WEB_SALES.WS_BILL_CUSTOMER_SK <= 6160 AND TPCDS.WEB_SALES.WS_SHIP_CUSTOMER_SK >= 14964"
6306,"SELECT TPCDS.CATALOG_SALES.CS_BILL_CUSTOMER_SK , TPCDS.DATE_DIM2.D_QUARTER_SEQ FROM TPCDS.CATALOG_SALES INNER JOIN TPCDS.DATE_DIM2 ON TPCDS.DATE_DIM2.D_DATE_SK = TPCDS.CATALOG_SALES.CS_SHIP_DATE_SK WHERE TPCDS.DATE_DIM2.D_DOM >= 8 AND TPCDS.DATE_DIM2.D_DATE_SK <= 2457313"
6307,"SELECT TPCDS.WEB_SALES.WS_PROMO_SK , TPCDS.DATE_DIM2.D_MONTH_SEQ FROM TPCDS.WEB_SALES INNER JOIN TPCDS.DATE_DIM2 ON TPCDS.DATE_DIM2.D_DATE_SK = TPCDS.WEB_SALES.WS_SHIP_DATE_SK WHERE TPCDS.WEB_SALES.WS_WEB_PAGE_SK >= 33 AND TPCDS.DATE_DIM2.D_DOM >= 22"
6308,"SELECT TPCDS.STORE.S_STORE_SK , TPCDS.DATE_DIM2.D_QOY FROM TPCDS.STORE INNER JOIN TPCDS.DATE_DIM2 ON TPCDS.DATE_DIM2.D_DATE_SK = TPCDS.STORE.S_CLOSED_DATE_SK WHERE TPCDS.DATE_DIM2.D_MONTH_SEQ >= 895 AND TPCDS.DATE_DIM2.D_DOM = 6"
6309,"SELECT TPCDS.WEB_SITE.WEB_CLOSE_DATE_SK , TPCDS.DATE_DIM2.D_FY_WEEK_SEQ FROM TPCDS.WEB_SITE INNER JOIN TPCDS.DATE_DIM2 ON TPCDS.DATE_DIM2.D_DATE_SK = TPCDS.WEB_SITE.WEB_CLOSE_DATE_SK WHERE TPCDS.DATE_DIM2.D_LAST_DOM <= 2459030 AND TPCDS.DATE_DIM2.D_WEEK_SEQ <= 8320"
6310,"SELECT TPCDS.CATALOG_PAGE.CP_START_DATE_SK , TPCDS.DATE_DIM2.D_MONTH_SEQ FROM TPCDS.CATALOG_PAGE INNER JOIN TPCDS.DATE_DIM2 ON TPCDS.DATE_DIM2.D_DATE_SK = TPCDS.CATALOG_PAGE.CP_END_DATE_SK WHERE TPCDS.DATE_DIM2.D_MOY = 3 AND TPCDS.DATE_DIM2.D_DOM = 1"
6311,"SELECT TPCDS.DATE_DIM2.D_MONTH_SEQ , TPCDS.CATALOG_PAGE.CP_CATALOG_PAGE_SK FROM TPCDS.DATE_DIM2 INNER JOIN TPCDS.CATALOG_PAGE ON TPCDS.CATALOG_PAGE.CP_END_DATE_SK = TPCDS.DATE_DIM2.D_DATE_SK WHERE TPCDS.CATALOG_PAGE.CP_CATALOG_NUMBER >= 24 AND TPCDS.CATALOG_PAGE.CP_START_DATE_SK <= 2451545"
6312,"SELECT TPCDS.STORE.S_CLOSED_DATE_SK , TPCDS.DATE_DIM2.D_MOY FROM TPCDS.STORE INNER JOIN TPCDS.DATE_DIM2 ON TPCDS.DATE_DIM2.D_DATE_SK = TPCDS.STORE.S_CLOSED_DATE_SK WHERE TPCDS.STORE.S_COMPANY_ID <= 1 AND TPCDS.STORE.S_DIVISION_ID >= 1"
6313,"SELECT TPCDS.DATE_DIM2.D_DOM , TPCDS.CATALOG_SALES.CS_BILL_CDEMO_SK FROM TPCDS.DATE_DIM2 INNER JOIN TPCDS.CATALOG_SALES ON TPCDS.CATALOG_SALES.CS_SHIP_DATE_SK = TPCDS.DATE_DIM2.D_DATE_SK WHERE TPCDS.CATALOG_SALES.CS_WAREHOUSE_SK <= 1 AND TPCDS.CATALOG_SALES.CS_EXT_SHIP_COST = +00477.84"
6314,"SELECT TPCDS.WEB_PAGE.WP_WEB_PAGE_SK , TPCDS.DATE_DIM2.D_QUARTER_SEQ FROM TPCDS.WEB_PAGE INNER JOIN TPCDS.DATE_DIM2 ON TPCDS.DATE_DIM2.D_DATE_SK = TPCDS.WEB_PAGE.WP_ACCESS_DATE_SK WHERE TPCDS.DATE_DIM2.D_DOW >= 6 AND TPCDS.DATE_DIM2.D_DOM >= 21"
6315,"SELECT TPCDS.WEB_SITE.WEB_OPEN_DATE_SK , TPCDS.DATE_DIM2.D_DOM FROM TPCDS.WEB_SITE INNER JOIN TPCDS.DATE_DIM2 ON TPCDS.DATE_DIM2.D_DATE_SK = TPCDS.WEB_SITE.WEB_CLOSE_DATE_SK WHERE TPCDS.WEB_SITE.WEB_SITE_SK >= 19 AND TPCDS.DATE_DIM2.D_FIRST_DOM >= 2423421"
6316,"SELECT TPCDS.CATALOG_SALES.CS_SHIP_HDEMO_SK , TPCDS.DATE_DIM2.D_SAME_DAY_LY FROM TPCDS.CATALOG_SALES INNER JOIN TPCDS.DATE_DIM2 ON TPCDS.DATE_DIM2.D_DATE_SK = TPCDS.CATALOG_SALES.CS_SHIP_DATE_SK WHERE TPCDS.CATALOG_SALES.CS_CALL_CENTER_SK <= 3 AND TPCDS.CATALOG_SALES.CS_SHIP_HDEMO_SK >= 1858"
6317,"SELECT TPCDS.PROMOTION.P_PROMO_SK , TPCDS.DATE_DIM2.D_QOY FROM TPCDS.PROMOTION INNER JOIN TPCDS.DATE_DIM2 ON TPCDS.DATE_DIM2.D_DATE_SK = TPCDS.PROMOTION.P_END_DATE_SK WHERE TPCDS.DATE_DIM2.D_DOW <= 2 AND TPCDS.PROMOTION.P_COST = +0000000001000.00"
6318,"SELECT TPCDS.CATALOG_SALES.CS_QUANTITY , TPCDS.DATE_DIM2.D_SAME_DAY_LY FROM TPCDS.CATALOG_SALES INNER JOIN TPCDS.DATE_DIM2 ON TPCDS.DATE_DIM2.D_DATE_SK = TPCDS.CATALOG_SALES.CS_SHIP_DATE_SK WHERE TPCDS.CATALOG_SALES.CS_ITEM_SK >= 12523 AND TPCDS.CATALOG_SALES.CS_EXT_SALES_PRICE <= +00093.00"
6319,"SELECT TPCDS.WEB_SALES.WS_SHIP_CUSTOMER_SK , TPCDS.DATE_DIM2.D_FIRST_DOM FROM TPCDS.WEB_SALES INNER JOIN TPCDS.DATE_DIM2 ON TPCDS.DATE_DIM2.D_DATE_SK = TPCDS.WEB_SALES.WS_SHIP_DATE_SK WHERE TPCDS.WEB_SALES.WS_SOLD_TIME_SK = 12326 AND TPCDS.WEB_SALES.WS_SHIP_MODE_SK >= 7"
6320,"SELECT TPCDS.CUSTOMER.C_FIRST_SHIPTO_DATE_SK , TPCDS.DATE_DIM2.D_FY_YEAR FROM TPCDS.CUSTOMER INNER JOIN TPCDS.DATE_DIM2 ON TPCDS.DATE_DIM2.D_DATE_SK = TPCDS.CUSTOMER.C_FIRST_SHIPTO_DATE_SK WHERE TPCDS.CUSTOMER.C_FIRST_SHIPTO_DATE_SK = 2450575 AND TPCDS.CUSTOMER.C_CURRENT_HDEMO_SK >= 6674"
6321,"SELECT TPCDS.CUSTOMER.C_CURRENT_CDEMO_SK , TPCDS.DATE_DIM2.D_WEEK_SEQ FROM TPCDS.CUSTOMER INNER JOIN TPCDS.DATE_DIM2 ON TPCDS.DATE_DIM2.D_DATE_SK = TPCDS.CUSTOMER.C_FIRST_SHIPTO_DATE_SK WHERE TPCDS.CUSTOMER.C_BIRTH_MONTH >= 11 AND TPCDS.CUSTOMER.C_CUSTOMER_SK >= 15807"
6322,"SELECT TPCDS.WEB_SALES.WS_EXT_SHIP_COST , TPCDS.DATE_DIM2.D_YEAR FROM TPCDS.WEB_SALES INNER JOIN TPCDS.DATE_DIM2 ON TPCDS.DATE_DIM2.D_DATE_SK = TPCDS.WEB_SALES.WS_SHIP_DATE_SK WHERE TPCDS.DATE_DIM2.D_QOY <= 4 AND TPCDS.WEB_SALES.WS_SHIP_CDEMO_SK <= 998091"
6323,"SELECT TPCDS.WEB_SITE.WEB_SITE_SK , TPCDS.DATE_DIM2.D_LAST_DOM FROM TPCDS.WEB_SITE INNER JOIN TPCDS.DATE_DIM2 ON TPCDS.DATE_DIM2.D_DATE_SK = TPCDS.WEB_SITE.WEB_CLOSE_DATE_SK WHERE TPCDS.WEB_SITE.WEB_CLOSE_DATE_SK >= 2448854 AND TPCDS.DATE_DIM2.D_SAME_DAY_LQ >= 2415263"
6324,"SELECT TPCDS.STORE.S_COMPANY_ID , TPCDS.DATE_DIM2.D_QOY FROM TPCDS.STORE INNER JOIN TPCDS.DATE_DIM2 ON TPCDS.DATE_DIM2.D_DATE_SK = TPCDS.STORE.S_CLOSED_DATE_SK WHERE TPCDS.DATE_DIM2.D_DATE_SK <= 2465002 AND TPCDS.STORE.S_CLOSED_DATE_SK >= 2450910"
6325,"SELECT TPCDS.STORE.S_COMPANY_ID , TPCDS.DATE_DIM2.D_FY_QUARTER_SEQ FROM TPCDS.STORE INNER JOIN TPCDS.DATE_DIM2 ON TPCDS.DATE_DIM2.D_DATE_SK = TPCDS.STORE.S_CLOSED_DATE_SK WHERE TPCDS.DATE_DIM2.D_YEAR <= 2038 AND TPCDS.STORE.S_COMPANY_ID >= 1"
6326,"SELECT TPCDS.STORE.S_NUMBER_EMPLOYEES , TPCDS.DATE_DIM2.D_FY_QUARTER_SEQ FROM TPCDS.STORE INNER JOIN TPCDS.DATE_DIM2 ON TPCDS.DATE_DIM2.D_DATE_SK = TPCDS.STORE.S_CLOSED_DATE_SK WHERE TPCDS.STORE.S_MARKET_ID >= 2 AND TPCDS.DATE_DIM2.D_YEAR <= 2027"
6327,"SELECT TPCDS.CATALOG_SALES.CS_NET_PAID_INC_TAX , TPCDS.DATE_DIM2.D_FY_YEAR FROM TPCDS.CATALOG_SALES INNER JOIN TPCDS.DATE_DIM2 ON TPCDS.DATE_DIM2.D_DATE_SK = TPCDS.CATALOG_SALES.CS_SHIP_DATE_SK WHERE TPCDS.CATALOG_SALES.CS_BILL_ADDR_SK <= 28914 AND TPCDS.CATALOG_SALES.CS_SALES_PRICE >= +00062.89"
6328,"SELECT TPCDS.CATALOG_PAGE.CP_START_DATE_SK , TPCDS.DATE_DIM2.D_MONTH_SEQ FROM TPCDS.CATALOG_PAGE INNER JOIN TPCDS.DATE_DIM2 ON TPCDS.DATE_DIM2.D_DATE_SK = TPCDS.CATALOG_PAGE.CP_END_DATE_SK WHERE TPCDS.CATALOG_PAGE.CP_CATALOG_PAGE_SK >= 7461 AND TPCDS.DATE_DIM2.D_WEEK_SEQ >= 1723"
6329,"SELECT TPCDS.WEB_SALES.WS_BILL_ADDR_SK , TPCDS.DATE_DIM2.D_MOY FROM TPCDS.WEB_SALES INNER JOIN TPCDS.DATE_DIM2 ON TPCDS.DATE_DIM2.D_DATE_SK = TPCDS.WEB_SALES.WS_SHIP_DATE_SK WHERE TPCDS.WEB_SALES.WS_NET_PAID <= +08786.13 AND TPCDS.WEB_SALES.WS_SHIP_ADDR_SK = 23727"
6330,"SELECT TPCDS.STORE.S_NUMBER_EMPLOYEES , TPCDS.DATE_DIM2.D_SAME_DAY_LQ FROM TPCDS.STORE INNER JOIN TPCDS.DATE_DIM2 ON TPCDS.DATE_DIM2.D_DATE_SK = TPCDS.STORE.S_CLOSED_DATE_SK WHERE TPCDS.DATE_DIM2.D_SAME_DAY_LQ <= 2480967 AND TPCDS.DATE_DIM2.D_FY_YEAR >= 1953"
6331,"SELECT TPCDS.CUSTOMER.C_FIRST_SHIPTO_DATE_SK , TPCDS.DATE_DIM2.D_FIRST_DOM FROM TPCDS.CUSTOMER INNER JOIN TPCDS.DATE_DIM2 ON TPCDS.DATE_DIM2.D_DATE_SK = TPCDS.CUSTOMER.C_FIRST_SHIPTO_DATE_SK WHERE TPCDS.CUSTOMER.C_BIRTH_YEAR >= 1960 AND TPCDS.CUSTOMER.C_BIRTH_MONTH <= 12"
6332,"SELECT TPCDS.DATE_DIM2.D_FY_WEEK_SEQ , TPCDS.CATALOG_SALES.CS_SHIP_HDEMO_SK FROM TPCDS.DATE_DIM2 INNER JOIN TPCDS.CATALOG_SALES ON TPCDS.CATALOG_SALES.CS_SHIP_DATE_SK = TPCDS.DATE_DIM2.D_DATE_SK WHERE TPCDS.CATALOG_SALES.CS_SHIP_HDEMO_SK = 1 AND TPCDS.CATALOG_SALES.CS_QUANTITY >= 90"
6333,"SELECT TPCDS.WEB_SALES.WS_COUPON_AMT , TPCDS.DATE_DIM2.D_QUARTER_SEQ FROM TPCDS.WEB_SALES INNER JOIN TPCDS.DATE_DIM2 ON TPCDS.DATE_DIM2.D_DATE_SK = TPCDS.WEB_SALES.WS_SHIP_DATE_SK WHERE TPCDS.WEB_SALES.WS_BILL_ADDR_SK <= 47431 AND TPCDS.WEB_SALES.WS_EXT_LIST_PRICE <= +00037.90"
6334,"SELECT TPCDS.DATE_DIM2.D_FY_WEEK_SEQ , TPCDS.WEB_SALES.WS_LIST_PRICE FROM TPCDS.DATE_DIM2 INNER JOIN TPCDS.WEB_SALES ON TPCDS.WEB_SALES.WS_SHIP_DATE_SK = TPCDS.DATE_DIM2.D_DATE_SK WHERE TPCDS.WEB_SALES.WS_ITEM_SK = 2149 AND TPCDS.WEB_SALES.WS_NET_PAID_INC_SHIP_TAX >= +01352.82"
6335,"SELECT TPCDS.CATALOG_SALES.CS_NET_PAID_INC_SHIP_TAX , TPCDS.DATE_DIM2.D_FY_WEEK_SEQ FROM TPCDS.CATALOG_SALES INNER JOIN TPCDS.DATE_DIM2 ON TPCDS.DATE_DIM2.D_DATE_SK = TPCDS.CATALOG_SALES.CS_SHIP_DATE_SK WHERE TPCDS.DATE_DIM2.D_DOM <= 29 AND TPCDS.CATALOG_SALES.CS_CALL_CENTER_SK <= 5"
6336,"SELECT TPCDS.CATALOG_SALES.CS_ORDER_NUMBER , TPCDS.DATE_DIM2.D_DOM FROM TPCDS.CATALOG_SALES INNER JOIN TPCDS.DATE_DIM2 ON TPCDS.DATE_DIM2.D_DATE_SK = TPCDS.CATALOG_SALES.CS_SHIP_DATE_SK WHERE TPCDS.CATALOG_SALES.CS_NET_PAID_INC_TAX = +00461.01 AND TPCDS.CATALOG_SALES.CS_EXT_SHIP_COST <= +00782.13"
6337,"SELECT TPCDS.DATE_DIM2.D_DOM , TPCDS.WEB_SITE.WEB_OPEN_DATE_SK FROM TPCDS.DATE_DIM2 INNER JOIN TPCDS.WEB_SITE ON TPCDS.WEB_SITE.WEB_CLOSE_DATE_SK = TPCDS.DATE_DIM2.D_DATE_SK WHERE TPCDS.DATE_DIM2.D_MOY <= 11 AND TPCDS.WEB_SITE.WEB_OPEN_DATE_SK >= 2450730"
6338,"SELECT TPCDS.CATALOG_SALES.CS_SHIP_CUSTOMER_SK , TPCDS.DATE_DIM2.D_YEAR FROM TPCDS.CATALOG_SALES INNER JOIN TPCDS.DATE_DIM2 ON TPCDS.DATE_DIM2.D_DATE_SK = TPCDS.CATALOG_SALES.CS_SHIP_DATE_SK WHERE TPCDS.CATALOG_SALES.CS_PROMO_SK = 1 AND TPCDS.DATE_DIM2.D_DOM >= 15"
6339,"SELECT TPCDS.WEB_SITE.WEB_GMT_OFFSET , TPCDS.DATE_DIM2.D_DOM FROM TPCDS.WEB_SITE INNER JOIN TPCDS.DATE_DIM2 ON TPCDS.DATE_DIM2.D_DATE_SK = TPCDS.WEB_SITE.WEB_CLOSE_DATE_SK WHERE TPCDS.WEB_SITE.WEB_CLOSE_DATE_SK >= 2447046 AND TPCDS.DATE_DIM2.D_MONTH_SEQ >= 395"
6340,"SELECT TPCDS.CUSTOMER.C_CUSTOMER_SK , TPCDS.DATE_DIM2.D_FY_YEAR FROM TPCDS.CUSTOMER INNER JOIN TPCDS.DATE_DIM2 ON TPCDS.DATE_DIM2.D_DATE_SK = TPCDS.CUSTOMER.C_FIRST_SHIPTO_DATE_SK WHERE TPCDS.DATE_DIM2.D_DOM >= 17 AND TPCDS.DATE_DIM2.D_FY_WEEK_SEQ <= 5025"
6341,"SELECT TPCDS.WEB_SITE.WEB_TAX_PERCENTAGE , TPCDS.DATE_DIM2.D_YEAR FROM TPCDS.WEB_SITE INNER JOIN TPCDS.DATE_DIM2 ON TPCDS.DATE_DIM2.D_DATE_SK = TPCDS.WEB_SITE.WEB_CLOSE_DATE_SK WHERE TPCDS.WEB_SITE.WEB_GMT_OFFSET <= -005.00 AND TPCDS.WEB_SITE.WEB_COMPANY_ID = 2"
6342,"SELECT TPCDS.WEB_SALES.WS_EXT_SHIP_COST , TPCDS.DATE_DIM2.D_SAME_DAY_LQ FROM TPCDS.WEB_SALES INNER JOIN TPCDS.DATE_DIM2 ON TPCDS.DATE_DIM2.D_DATE_SK = TPCDS.WEB_SALES.WS_SHIP_DATE_SK WHERE TPCDS.WEB_SALES.WS_SHIP_HDEMO_SK >= 7196 AND TPCDS.WEB_SALES.WS_SOLD_DATE_SK >= 2451373"
6343,"SELECT TPCDS.WEB_PAGE.WP_WEB_PAGE_SK , TPCDS.DATE_DIM2.D_FY_QUARTER_SEQ FROM TPCDS.WEB_PAGE INNER JOIN TPCDS.DATE_DIM2 ON TPCDS.DATE_DIM2.D_DATE_SK = TPCDS.WEB_PAGE.WP_ACCESS_DATE_SK WHERE TPCDS.DATE_DIM2.D_QUARTER_SEQ >= 49 AND TPCDS.DATE_DIM2.D_MOY >= 8"
6344,"SELECT TPCDS.CATALOG_SALES.CS_ORDER_NUMBER , TPCDS.DATE_DIM2.D_MONTH_SEQ FROM TPCDS.CATALOG_SALES INNER JOIN TPCDS.DATE_DIM2 ON TPCDS.DATE_DIM2.D_DATE_SK = TPCDS.CATALOG_SALES.CS_SHIP_DATE_SK WHERE TPCDS.DATE_DIM2.D_FY_WEEK_SEQ >= 2240 AND TPCDS.CATALOG_SALES.CS_PROMO_SK <= 108"
6345,"SELECT TPCDS.CATALOG_SALES.CS_SALES_PRICE , TPCDS.DATE_DIM2.D_QUARTER_SEQ FROM TPCDS.CATALOG_SALES INNER JOIN TPCDS.DATE_DIM2 ON TPCDS.DATE_DIM2.D_DATE_SK = TPCDS.CATALOG_SALES.CS_SHIP_DATE_SK WHERE TPCDS.DATE_DIM2.D_LAST_DOM <= 2470047 AND TPCDS.CATALOG_SALES.CS_NET_PAID <= +04729.76"
6346,"SELECT TPCDS.PROMOTION.P_RESPONSE_TARGET , TPCDS.DATE_DIM2.D_QOY FROM TPCDS.PROMOTION INNER JOIN TPCDS.DATE_DIM2 ON TPCDS.DATE_DIM2.D_DATE_SK = TPCDS.PROMOTION.P_END_DATE_SK WHERE TPCDS.DATE_DIM2.D_YEAR >= 1932 AND TPCDS.PROMOTION.P_COST = +0000000001000.00"
6347,"SELECT TPCDS.WEB_PAGE.WP_CUSTOMER_SK , TPCDS.DATE_DIM2.D_DOW FROM TPCDS.WEB_PAGE INNER JOIN TPCDS.DATE_DIM2 ON TPCDS.DATE_DIM2.D_DATE_SK = TPCDS.WEB_PAGE.WP_ACCESS_DATE_SK WHERE TPCDS.DATE_DIM2.D_DOM = 29 AND TPCDS.DATE_DIM2.D_DOW >= 2"
6348,"SELECT TPCDS.WEB_SALES.WS_WHOLESALE_COST , TPCDS.DATE_DIM2.D_FIRST_DOM FROM TPCDS.WEB_SALES INNER JOIN TPCDS.DATE_DIM2 ON TPCDS.DATE_DIM2.D_DATE_SK = TPCDS.WEB_SALES.WS_SHIP_DATE_SK WHERE TPCDS.DATE_DIM2.D_FIRST_DOM >= 2427043 AND TPCDS.WEB_SALES.WS_QUANTITY = 40"
6349,"SELECT TPCDS.CATALOG_PAGE.CP_CATALOG_PAGE_SK , TPCDS.DATE_DIM2.D_SAME_DAY_LY FROM TPCDS.CATALOG_PAGE INNER JOIN TPCDS.DATE_DIM2 ON TPCDS.DATE_DIM2.D_DATE_SK = TPCDS.CATALOG_PAGE.CP_END_DATE_SK WHERE TPCDS.CATALOG_PAGE.CP_CATALOG_PAGE_SK = 6839 AND TPCDS.CATALOG_PAGE.CP_CATALOG_NUMBER <= 102"
6350,"SELECT TPCDS.WEB_SALES.WS_SOLD_TIME_SK , TPCDS.DATE_DIM2.D_LAST_DOM FROM TPCDS.WEB_SALES INNER JOIN TPCDS.DATE_DIM2 ON TPCDS.DATE_DIM2.D_DATE_SK = TPCDS.WEB_SALES.WS_SHIP_DATE_SK WHERE TPCDS.WEB_SALES.WS_EXT_SALES_PRICE = +00000.00 AND TPCDS.WEB_SALES.WS_SHIP_HDEMO_SK >= 1"
6351,"SELECT TPCDS.WEB_SITE.WEB_COMPANY_ID , TPCDS.DATE_DIM2.D_DOW FROM TPCDS.WEB_SITE INNER JOIN TPCDS.DATE_DIM2 ON TPCDS.DATE_DIM2.D_DATE_SK = TPCDS.WEB_SITE.WEB_CLOSE_DATE_SK WHERE TPCDS.DATE_DIM2.D_FY_WEEK_SEQ >= 3327 AND TPCDS.DATE_DIM2.D_DATE_SK <= 2457313"
6352,"SELECT TPCDS.CUSTOMER.C_CURRENT_ADDR_SK , TPCDS.DATE_DIM2.D_FY_WEEK_SEQ FROM TPCDS.CUSTOMER INNER JOIN TPCDS.DATE_DIM2 ON TPCDS.DATE_DIM2.D_DATE_SK = TPCDS.CUSTOMER.C_FIRST_SHIPTO_DATE_SK WHERE TPCDS.CUSTOMER.C_BIRTH_DAY = 7 AND TPCDS.DATE_DIM2.D_SAME_DAY_LY <= 2469587"
6353,"SELECT TPCDS.WEB_SALES.WS_EXT_SHIP_COST , TPCDS.DATE_DIM2.D_FIRST_DOM FROM TPCDS.WEB_SALES INNER JOIN TPCDS.DATE_DIM2 ON TPCDS.DATE_DIM2.D_DATE_SK = TPCDS.WEB_SALES.WS_SHIP_DATE_SK WHERE TPCDS.WEB_SALES.WS_SOLD_TIME_SK >= 33995 AND TPCDS.WEB_SALES.WS_BILL_HDEMO_SK >= 3473"
6354,"SELECT TPCDS.WEB_SALES.WS_SHIP_ADDR_SK , TPCDS.DATE_DIM2.D_MOY FROM TPCDS.WEB_SALES INNER JOIN TPCDS.DATE_DIM2 ON TPCDS.DATE_DIM2.D_DATE_SK = TPCDS.WEB_SALES.WS_SHIP_DATE_SK WHERE TPCDS.WEB_SALES.WS_SOLD_DATE_SK >= 2451844 AND TPCDS.DATE_DIM2.D_DOM <= 24"
6355,"SELECT TPCDS.STORE.S_CLOSED_DATE_SK , TPCDS.DATE_DIM2.D_FY_WEEK_SEQ FROM TPCDS.STORE INNER JOIN TPCDS.DATE_DIM2 ON TPCDS.DATE_DIM2.D_DATE_SK = TPCDS.STORE.S_CLOSED_DATE_SK WHERE TPCDS.DATE_DIM2.D_YEAR <= 2029 AND TPCDS.STORE.S_CLOSED_DATE_SK = 2451189"
6356,"SELECT TPCDS.CATALOG_PAGE.CP_CATALOG_PAGE_NUMBER , TPCDS.DATE_DIM2.D_SAME_DAY_LY FROM TPCDS.CATALOG_PAGE INNER JOIN TPCDS.DATE_DIM2 ON TPCDS.DATE_DIM2.D_DATE_SK = TPCDS.CATALOG_PAGE.CP_END_DATE_SK WHERE TPCDS.DATE_DIM2.D_QUARTER_SEQ <= 511 AND TPCDS.CATALOG_PAGE.CP_START_DATE_SK = 2451362"
6357,"SELECT TPCDS.STORE.S_NUMBER_EMPLOYEES , TPCDS.DATE_DIM2.D_SAME_DAY_LY FROM TPCDS.STORE INNER JOIN TPCDS.DATE_DIM2 ON TPCDS.DATE_DIM2.D_DATE_SK = TPCDS.STORE.S_CLOSED_DATE_SK WHERE TPCDS.STORE.S_DIVISION_ID >= 1 AND TPCDS.DATE_DIM2.D_MONTH_SEQ >= 882"
6358,"SELECT TPCDS.WEB_SITE.WEB_TAX_PERCENTAGE , TPCDS.DATE_DIM2.D_LAST_DOM FROM TPCDS.WEB_SITE INNER JOIN TPCDS.DATE_DIM2 ON TPCDS.DATE_DIM2.D_DATE_SK = TPCDS.WEB_SITE.WEB_CLOSE_DATE_SK WHERE TPCDS.WEB_SITE.WEB_MKT_ID <= 5 AND TPCDS.DATE_DIM2.D_FY_YEAR <= 2090"
6359,"SELECT TPCDS.PROMOTION.P_PROMO_SK , TPCDS.DATE_DIM2.D_QOY FROM TPCDS.PROMOTION INNER JOIN TPCDS.DATE_DIM2 ON TPCDS.DATE_DIM2.D_DATE_SK = TPCDS.PROMOTION.P_END_DATE_SK WHERE TPCDS.DATE_DIM2.D_MOY <= 9 AND TPCDS.PROMOTION.P_RESPONSE_TARGET <= 1"
6360,"SELECT TPCDS.WEB_SALES.WS_EXT_WHOLESALE_COST , TPCDS.DATE_DIM2.D_FY_YEAR FROM TPCDS.WEB_SALES INNER JOIN TPCDS.DATE_DIM2 ON TPCDS.DATE_DIM2.D_DATE_SK = TPCDS.WEB_SALES.WS_SHIP_DATE_SK WHERE TPCDS.WEB_SALES.WS_NET_PAID_INC_SHIP_TAX >= +02206.80 AND TPCDS.WEB_SALES.WS_SHIP_CDEMO_SK >= 1919104"
6361,"SELECT TPCDS.DATE_DIM2.D_MONTH_SEQ , TPCDS.CATALOG_SALES.CS_NET_PAID_INC_SHIP FROM TPCDS.DATE_DIM2 INNER JOIN TPCDS.CATALOG_SALES ON TPCDS.CATALOG_SALES.CS_SHIP_DATE_SK = TPCDS.DATE_DIM2.D_DATE_SK WHERE TPCDS.CATALOG_SALES.CS_NET_PROFIT = -00998.00 AND TPCDS.CATALOG_SALES.CS_WAREHOUSE_SK = 1"
6362,"SELECT TPCDS.WEB_PAGE.WP_LINK_COUNT , TPCDS.DATE_DIM2.D_DOM FROM TPCDS.WEB_PAGE INNER JOIN TPCDS.DATE_DIM2 ON TPCDS.DATE_DIM2.D_DATE_SK = TPCDS.WEB_PAGE.WP_ACCESS_DATE_SK WHERE TPCDS.WEB_PAGE.WP_LINK_COUNT = 18 AND TPCDS.WEB_PAGE.WP_IMAGE_COUNT >= 5"
6363,"SELECT TPCDS.CATALOG_SALES.CS_SHIP_ADDR_SK , TPCDS.DATE_DIM2.D_FY_YEAR FROM TPCDS.CATALOG_SALES INNER JOIN TPCDS.DATE_DIM2 ON TPCDS.DATE_DIM2.D_DATE_SK = TPCDS.CATALOG_SALES.CS_SHIP_DATE_SK WHERE TPCDS.CATALOG_SALES.CS_SOLD_DATE_SK >= 2451532 AND TPCDS.CATALOG_SALES.CS_LIST_PRICE = +00014.72"
6364,"SELECT TPCDS.PROMOTION.P_RESPONSE_TARGET , TPCDS.DATE_DIM2.D_YEAR FROM TPCDS.PROMOTION INNER JOIN TPCDS.DATE_DIM2 ON TPCDS.DATE_DIM2.D_DATE_SK = TPCDS.PROMOTION.P_END_DATE_SK WHERE TPCDS.DATE_DIM2.D_YEAR <= 2028 AND TPCDS.PROMOTION.P_START_DATE_SK = 2450337"
6365,"SELECT TPCDS.WEB_SALES.WS_EXT_TAX , TPCDS.DATE_DIM2.D_WEEK_SEQ FROM TPCDS.WEB_SALES INNER JOIN TPCDS.DATE_DIM2 ON TPCDS.DATE_DIM2.D_DATE_SK = TPCDS.WEB_SALES.WS_SHIP_DATE_SK WHERE TPCDS.WEB_SALES.WS_ORDER_NUMBER >= 17341 AND TPCDS.WEB_SALES.WS_SALES_PRICE = +00068.36"
6366,"SELECT TPCDS.CUSTOMER.C_CUSTOMER_SK , TPCDS.DATE_DIM2.D_DOM FROM TPCDS.CUSTOMER INNER JOIN TPCDS.DATE_DIM2 ON TPCDS.DATE_DIM2.D_DATE_SK = TPCDS.CUSTOMER.C_FIRST_SHIPTO_DATE_SK WHERE TPCDS.DATE_DIM2.D_MOY <= 11 AND TPCDS.DATE_DIM2.D_SAME_DAY_LY >= 2434190"
6367,"SELECT TPCDS.CUSTOMER.C_CUSTOMER_SK , TPCDS.DATE_DIM2.D_QUARTER_SEQ FROM TPCDS.CUSTOMER INNER JOIN TPCDS.DATE_DIM2 ON TPCDS.DATE_DIM2.D_DATE_SK = TPCDS.CUSTOMER.C_FIRST_SHIPTO_DATE_SK WHERE TPCDS.CUSTOMER.C_CUSTOMER_SK <= 68497 AND TPCDS.DATE_DIM2.D_FY_WEEK_SEQ <= 10373"
6368,"SELECT TPCDS.CUSTOMER.C_BIRTH_MONTH , TPCDS.DATE_DIM2.D_FY_WEEK_SEQ FROM TPCDS.CUSTOMER INNER JOIN TPCDS.DATE_DIM2 ON TPCDS.DATE_DIM2.D_DATE_SK = TPCDS.CUSTOMER.C_FIRST_SHIPTO_DATE_SK WHERE TPCDS.CUSTOMER.C_FIRST_SALES_DATE_SK >= 2451990 AND TPCDS.DATE_DIM2.D_SAME_DAY_LY >= 2414817"
6369,"SELECT TPCDS.DATE_DIM2.D_SAME_DAY_LY , TPCDS.CATALOG_SALES.CS_EXT_SALES_PRICE FROM TPCDS.DATE_DIM2 INNER JOIN TPCDS.CATALOG_SALES ON TPCDS.CATALOG_SALES.CS_SHIP_DATE_SK = TPCDS.DATE_DIM2.D_DATE_SK WHERE TPCDS.CATALOG_SALES.CS_EXT_WHOLESALE_COST <= +02478.87 AND TPCDS.DATE_DIM2.D_SAME_DAY_LQ <= 2480967"
6370,"SELECT TPCDS.STORE.S_COMPANY_ID , TPCDS.DATE_DIM2.D_DATE_SK FROM TPCDS.STORE INNER JOIN TPCDS.DATE_DIM2 ON TPCDS.DATE_DIM2.D_DATE_SK = TPCDS.STORE.S_CLOSED_DATE_SK WHERE TPCDS.DATE_DIM2.D_FIRST_DOM >= 2441865 AND TPCDS.DATE_DIM2.D_YEAR >= 1912"
6371,"SELECT TPCDS.WEB_SALES.WS_NET_PAID_INC_TAX , TPCDS.DATE_DIM2.D_QOY FROM TPCDS.WEB_SALES INNER JOIN TPCDS.DATE_DIM2 ON TPCDS.DATE_DIM2.D_DATE_SK = TPCDS.WEB_SALES.WS_SHIP_DATE_SK WHERE TPCDS.WEB_SALES.WS_SHIP_DATE_SK <= 2452199 AND TPCDS.WEB_SALES.WS_LIST_PRICE = +00085.41"
6372,"SELECT TPCDS.WEB_SITE.WEB_COMPANY_ID , TPCDS.DATE_DIM2.D_FIRST_DOM FROM TPCDS.WEB_SITE INNER JOIN TPCDS.DATE_DIM2 ON TPCDS.DATE_DIM2.D_DATE_SK = TPCDS.WEB_SITE.WEB_CLOSE_DATE_SK WHERE TPCDS.WEB_SITE.WEB_SITE_SK = 8 AND TPCDS.WEB_SITE.WEB_TAX_PERCENTAGE = +000.07"
6373,"SELECT TPCDS.DATE_DIM2.D_FY_WEEK_SEQ , TPCDS.WEB_PAGE.WP_CREATION_DATE_SK FROM TPCDS.DATE_DIM2 INNER JOIN TPCDS.WEB_PAGE ON TPCDS.WEB_PAGE.WP_ACCESS_DATE_SK = TPCDS.DATE_DIM2.D_DATE_SK WHERE TPCDS.WEB_PAGE.WP_CREATION_DATE_SK <= 2450810 AND TPCDS.DATE_DIM2.D_SAME_DAY_LQ >= 2426971"
6374,"SELECT TPCDS.CATALOG_SALES.CS_BILL_ADDR_SK , TPCDS.DATE_DIM2.D_MOY FROM TPCDS.CATALOG_SALES INNER JOIN TPCDS.DATE_DIM2 ON TPCDS.DATE_DIM2.D_DATE_SK = TPCDS.CATALOG_SALES.CS_SHIP_DATE_SK WHERE TPCDS.DATE_DIM2.D_DOW <= 3 AND TPCDS.DATE_DIM2.D_DOM <= 7"
6375,"SELECT TPCDS.WEB_SALES.WS_BILL_CDEMO_SK , TPCDS.DATE_DIM2.D_QOY FROM TPCDS.WEB_SALES INNER JOIN TPCDS.DATE_DIM2 ON TPCDS.DATE_DIM2.D_DATE_SK = TPCDS.WEB_SALES.WS_SHIP_DATE_SK WHERE TPCDS.WEB_SALES.WS_BILL_CUSTOMER_SK <= 48851 AND TPCDS.DATE_DIM2.D_FIRST_DOM >= 2441865"
6376,"SELECT TPCDS.CATALOG_SALES.CS_SHIP_CDEMO_SK , TPCDS.DATE_DIM2.D_QOY FROM TPCDS.CATALOG_SALES INNER JOIN TPCDS.DATE_DIM2 ON TPCDS.DATE_DIM2.D_DATE_SK = TPCDS.CATALOG_SALES.CS_SHIP_DATE_SK WHERE TPCDS.CATALOG_SALES.CS_SHIP_DATE_SK >= 2451763 AND TPCDS.DATE_DIM2.D_MOY = 9"
6377,"SELECT TPCDS.PROMOTION.P_END_DATE_SK , TPCDS.DATE_DIM2.D_MOY FROM TPCDS.PROMOTION INNER JOIN TPCDS.DATE_DIM2 ON TPCDS.DATE_DIM2.D_DATE_SK = TPCDS.PROMOTION.P_END_DATE_SK WHERE TPCDS.DATE_DIM2.D_SAME_DAY_LY >= 2414657 AND TPCDS.PROMOTION.P_COST >= +0000000001000.00"
6378,"SELECT TPCDS.CUSTOMER.C_CURRENT_CDEMO_SK , TPCDS.DATE_DIM2.D_DOM FROM TPCDS.CUSTOMER INNER JOIN TPCDS.DATE_DIM2 ON TPCDS.DATE_DIM2.D_DATE_SK = TPCDS.CUSTOMER.C_FIRST_SHIPTO_DATE_SK WHERE TPCDS.CUSTOMER.C_CURRENT_HDEMO_SK = 5490 AND TPCDS.CUSTOMER.C_FIRST_SHIPTO_DATE_SK <= 2451815"
6379,"SELECT TPCDS.STORE.S_FLOOR_SPACE , TPCDS.DATE_DIM2.D_DATE_SK FROM TPCDS.STORE INNER JOIN TPCDS.DATE_DIM2 ON TPCDS.DATE_DIM2.D_DATE_SK = TPCDS.STORE.S_CLOSED_DATE_SK WHERE TPCDS.STORE.S_GMT_OFFSET <= -005.00 AND TPCDS.DATE_DIM2.D_FY_YEAR >= 1933"
6380,"SELECT TPCDS.STORE.S_DIVISION_ID , TPCDS.DATE_DIM2.D_MOY FROM TPCDS.STORE INNER JOIN TPCDS.DATE_DIM2 ON TPCDS.DATE_DIM2.D_DATE_SK = TPCDS.STORE.S_CLOSED_DATE_SK WHERE TPCDS.STORE.S_STORE_SK >= 4 AND TPCDS.STORE.S_GMT_OFFSET = -005.00"
6381,"SELECT TPCDS.CATALOG_PAGE.CP_END_DATE_SK , TPCDS.DATE_DIM2.D_DATE_SK FROM TPCDS.CATALOG_PAGE INNER JOIN TPCDS.DATE_DIM2 ON TPCDS.DATE_DIM2.D_DATE_SK = TPCDS.CATALOG_PAGE.CP_END_DATE_SK WHERE TPCDS.DATE_DIM2.D_DOW = 6 AND TPCDS.DATE_DIM2.D_DOM >= 15"
6382,"SELECT TPCDS.CATALOG_SALES.CS_CATALOG_PAGE_SK , TPCDS.DATE_DIM2.D_MOY FROM TPCDS.CATALOG_SALES INNER JOIN TPCDS.DATE_DIM2 ON TPCDS.DATE_DIM2.D_DATE_SK = TPCDS.CATALOG_SALES.CS_SHIP_DATE_SK WHERE TPCDS.CATALOG_SALES.CS_BILL_CDEMO_SK <= 607576 AND TPCDS.CATALOG_SALES.CS_PROMO_SK <= 300"
6383,"SELECT TPCDS.CATALOG_SALES.CS_EXT_WHOLESALE_COST , TPCDS.DATE_DIM2.D_LAST_DOM FROM TPCDS.CATALOG_SALES INNER JOIN TPCDS.DATE_DIM2 ON TPCDS.DATE_DIM2.D_DATE_SK = TPCDS.CATALOG_SALES.CS_SHIP_DATE_SK WHERE TPCDS.CATALOG_SALES.CS_SHIP_CDEMO_SK >= 923202 AND TPCDS.CATALOG_SALES.CS_NET_PROFIT = -01317.13"
6384,"SELECT TPCDS.WEB_PAGE.WP_MAX_AD_COUNT , TPCDS.DATE_DIM2.D_DOW FROM TPCDS.WEB_PAGE INNER JOIN TPCDS.DATE_DIM2 ON TPCDS.DATE_DIM2.D_DATE_SK = TPCDS.WEB_PAGE.WP_ACCESS_DATE_SK WHERE TPCDS.WEB_PAGE.WP_CUSTOMER_SK <= 98376 AND TPCDS.DATE_DIM2.D_MOY <= 6"
6385,"SELECT TPCDS.PROMOTION.P_RESPONSE_TARGET , TPCDS.DATE_DIM2.D_DOM FROM TPCDS.PROMOTION INNER JOIN TPCDS.DATE_DIM2 ON TPCDS.DATE_DIM2.D_DATE_SK = TPCDS.PROMOTION.P_END_DATE_SK WHERE TPCDS.DATE_DIM2.D_YEAR >= 1953 AND TPCDS.DATE_DIM2.D_DOM = 17"
6386,"SELECT TPCDS.WEB_SITE.WEB_GMT_OFFSET , TPCDS.DATE_DIM2.D_SAME_DAY_LQ FROM TPCDS.WEB_SITE INNER JOIN TPCDS.DATE_DIM2 ON TPCDS.DATE_DIM2.D_DATE_SK = TPCDS.WEB_SITE.WEB_CLOSE_DATE_SK WHERE TPCDS.DATE_DIM2.D_FY_QUARTER_SEQ <= 511 AND TPCDS.WEB_SITE.WEB_MKT_ID = 2"
6387,"SELECT TPCDS.DATE_DIM2.D_LAST_DOM , TPCDS.WEB_SALES.WS_NET_PROFIT FROM TPCDS.DATE_DIM2 INNER JOIN TPCDS.WEB_SALES ON TPCDS.WEB_SALES.WS_SHIP_DATE_SK = TPCDS.DATE_DIM2.D_DATE_SK WHERE TPCDS.WEB_SALES.WS_NET_PAID_INC_SHIP >= +05423.22 AND TPCDS.WEB_SALES.WS_NET_PAID >= +02480.66"
6388,"SELECT TPCDS.PROMOTION.P_PROMO_SK , TPCDS.DATE_DIM2.D_LAST_DOM FROM TPCDS.PROMOTION INNER JOIN TPCDS.DATE_DIM2 ON TPCDS.DATE_DIM2.D_DATE_SK = TPCDS.PROMOTION.P_END_DATE_SK WHERE TPCDS.PROMOTION.P_START_DATE_SK >= 2450851 AND TPCDS.PROMOTION.P_RESPONSE_TARGET <= 1"
6389,"SELECT TPCDS.CUSTOMER.C_BIRTH_MONTH , TPCDS.DATE_DIM2.D_SAME_DAY_LY FROM TPCDS.CUSTOMER INNER JOIN TPCDS.DATE_DIM2 ON TPCDS.DATE_DIM2.D_DATE_SK = TPCDS.CUSTOMER.C_FIRST_SHIPTO_DATE_SK WHERE TPCDS.CUSTOMER.C_BIRTH_DAY = 25 AND TPCDS.DATE_DIM2.D_DOW >= 0"
6390,"SELECT TPCDS.STORE.S_STORE_SK , TPCDS.DATE_DIM2.D_DOM FROM TPCDS.STORE INNER JOIN TPCDS.DATE_DIM2 ON TPCDS.DATE_DIM2.D_DATE_SK = TPCDS.STORE.S_CLOSED_DATE_SK WHERE TPCDS.DATE_DIM2.D_YEAR >= 1933 AND TPCDS.STORE.S_TAX_PRECENTAGE <= +000.11"
6391,"SELECT TPCDS.CUSTOMER.C_BIRTH_YEAR , TPCDS.DATE_DIM2.D_LAST_DOM FROM TPCDS.CUSTOMER INNER JOIN TPCDS.DATE_DIM2 ON TPCDS.DATE_DIM2.D_DATE_SK = TPCDS.CUSTOMER.C_FIRST_SHIPTO_DATE_SK WHERE TPCDS.CUSTOMER.C_FIRST_SALES_DATE_SK = 2450200 AND TPCDS.DATE_DIM2.D_DOM >= 21"
6392,"SELECT TPCDS.CATALOG_SALES.CS_LIST_PRICE , TPCDS.DATE_DIM2.D_FY_WEEK_SEQ FROM TPCDS.CATALOG_SALES INNER JOIN TPCDS.DATE_DIM2 ON TPCDS.DATE_DIM2.D_DATE_SK = TPCDS.CATALOG_SALES.CS_SHIP_DATE_SK WHERE TPCDS.DATE_DIM2.D_MOY >= 9 AND TPCDS.CATALOG_SALES.CS_EXT_LIST_PRICE = +00439.92"
6393,"SELECT TPCDS.PROMOTION.P_START_DATE_SK , TPCDS.DATE_DIM2.D_LAST_DOM FROM TPCDS.PROMOTION INNER JOIN TPCDS.DATE_DIM2 ON TPCDS.DATE_DIM2.D_DATE_SK = TPCDS.PROMOTION.P_END_DATE_SK WHERE TPCDS.DATE_DIM2.D_MONTH_SEQ <= 1155 AND TPCDS.PROMOTION.P_COST <= +0000000001000.00"
6394,"SELECT TPCDS.WEB_SITE.WEB_OPEN_DATE_SK , TPCDS.DATE_DIM2.D_FIRST_DOM FROM TPCDS.WEB_SITE INNER JOIN TPCDS.DATE_DIM2 ON TPCDS.DATE_DIM2.D_DATE_SK = TPCDS.WEB_SITE.WEB_CLOSE_DATE_SK WHERE TPCDS.WEB_SITE.WEB_MKT_ID = 4 AND TPCDS.WEB_SITE.WEB_TAX_PERCENTAGE <= +000.07"
6395,"SELECT TPCDS.CUSTOMER.C_BIRTH_YEAR , TPCDS.DATE_DIM2.D_FY_QUARTER_SEQ FROM TPCDS.CUSTOMER INNER JOIN TPCDS.DATE_DIM2 ON TPCDS.DATE_DIM2.D_DATE_SK = TPCDS.CUSTOMER.C_FIRST_SHIPTO_DATE_SK WHERE TPCDS.DATE_DIM2.D_QOY >= 4 AND TPCDS.DATE_DIM2.D_FY_YEAR <= 2020"
6396,"SELECT TPCDS.CATALOG_SALES.CS_ITEM_SK , TPCDS.DATE_DIM2.D_FY_YEAR FROM TPCDS.CATALOG_SALES INNER JOIN TPCDS.DATE_DIM2 ON TPCDS.DATE_DIM2.D_DATE_SK = TPCDS.CATALOG_SALES.CS_SHIP_DATE_SK WHERE TPCDS.CATALOG_SALES.CS_SHIP_ADDR_SK >= 42223 AND TPCDS.CATALOG_SALES.CS_NET_PAID_INC_SHIP_TAX = +02282.21"
6397,"SELECT TPCDS.WEB_SALES.WS_NET_PAID_INC_SHIP_TAX , TPCDS.DATE_DIM2.D_SAME_DAY_LY FROM TPCDS.WEB_SALES INNER JOIN TPCDS.DATE_DIM2 ON TPCDS.DATE_DIM2.D_DATE_SK = TPCDS.WEB_SALES.WS_SHIP_DATE_SK WHERE TPCDS.DATE_DIM2.D_DATE_SK >= 2430400 AND TPCDS.DATE_DIM2.D_FY_QUARTER_SEQ <= 763"
6398,"SELECT TPCDS.WEB_SALES.WS_SHIP_MODE_SK , TPCDS.DATE_DIM2.D_MONTH_SEQ FROM TPCDS.WEB_SALES INNER JOIN TPCDS.DATE_DIM2 ON TPCDS.DATE_DIM2.D_DATE_SK = TPCDS.WEB_SALES.WS_SHIP_DATE_SK WHERE TPCDS.WEB_SALES.WS_EXT_SALES_PRICE <= +01117.44 AND TPCDS.DATE_DIM2.D_MOY <= 5"
6399,"SELECT TPCDS.CATALOG_PAGE.CP_END_DATE_SK , TPCDS.DATE_DIM2.D_QOY FROM TPCDS.CATALOG_PAGE INNER JOIN TPCDS.DATE_DIM2 ON TPCDS.DATE_DIM2.D_DATE_SK = TPCDS.CATALOG_PAGE.CP_END_DATE_SK WHERE TPCDS.DATE_DIM2.D_YEAR >= 1932 AND TPCDS.DATE_DIM2.D_DOW = 0"
6400,"SELECT TPCDS.STORE.S_FLOOR_SPACE , TPCDS.DATE_DIM2.D_QUARTER_SEQ FROM TPCDS.STORE INNER JOIN TPCDS.DATE_DIM2 ON TPCDS.DATE_DIM2.D_DATE_SK = TPCDS.STORE.S_CLOSED_DATE_SK WHERE TPCDS.DATE_DIM2.D_FY_QUARTER_SEQ <= 441 AND TPCDS.STORE.S_STORE_SK <= 2"
6401,"SELECT TPCDS.WEB_PAGE.WP_CHAR_COUNT , TPCDS.DATE_DIM2.D_MONTH_SEQ FROM TPCDS.WEB_PAGE INNER JOIN TPCDS.DATE_DIM2 ON TPCDS.DATE_DIM2.D_DATE_SK = TPCDS.WEB_PAGE.WP_ACCESS_DATE_SK WHERE TPCDS.WEB_PAGE.WP_MAX_AD_COUNT <= 2 AND TPCDS.WEB_PAGE.WP_WEB_PAGE_SK >= 19"
6402,"SELECT TPCDS.DATE_DIM2.D_QUARTER_SEQ , TPCDS.CATALOG_SALES.CS_CATALOG_PAGE_SK FROM TPCDS.DATE_DIM2 INNER JOIN TPCDS.CATALOG_SALES ON TPCDS.CATALOG_SALES.CS_SHIP_DATE_SK = TPCDS.DATE_DIM2.D_DATE_SK WHERE TPCDS.CATALOG_SALES.CS_SHIP_MODE_SK >= 8 AND TPCDS.CATALOG_SALES.CS_PROMO_SK = 93"
6403,"SELECT TPCDS.CATALOG_PAGE.CP_START_DATE_SK , TPCDS.DATE_DIM2.D_FY_YEAR FROM TPCDS.CATALOG_PAGE INNER JOIN TPCDS.DATE_DIM2 ON TPCDS.DATE_DIM2.D_DATE_SK = TPCDS.CATALOG_PAGE.CP_END_DATE_SK WHERE TPCDS.DATE_DIM2.D_SAME_DAY_LY <= 2469587 AND TPCDS.DATE_DIM2.D_DATE_SK >= 2449623"
6404,"SELECT TPCDS.CUSTOMER.C_CURRENT_HDEMO_SK , TPCDS.DATE_DIM2.D_DATE_SK FROM TPCDS.CUSTOMER INNER JOIN TPCDS.DATE_DIM2 ON TPCDS.DATE_DIM2.D_DATE_SK = TPCDS.CUSTOMER.C_FIRST_SHIPTO_DATE_SK WHERE TPCDS.CUSTOMER.C_FIRST_SHIPTO_DATE_SK <= 2451421 AND TPCDS.DATE_DIM2.D_DOW <= 1"
6405,"SELECT TPCDS.PROMOTION.P_ITEM_SK , TPCDS.DATE_DIM2.D_QUARTER_SEQ FROM TPCDS.PROMOTION INNER JOIN TPCDS.DATE_DIM2 ON TPCDS.DATE_DIM2.D_DATE_SK = TPCDS.PROMOTION.P_END_DATE_SK WHERE TPCDS.PROMOTION.P_END_DATE_SK >= 2450670 AND TPCDS.DATE_DIM2.D_QOY <= 3"
6406,"SELECT TPCDS.CATALOG_SALES.CS_WAREHOUSE_SK , TPCDS.DATE_DIM2.D_QOY FROM TPCDS.CATALOG_SALES INNER JOIN TPCDS.DATE_DIM2 ON TPCDS.DATE_DIM2.D_DATE_SK = TPCDS.CATALOG_SALES.CS_SHIP_DATE_SK WHERE TPCDS.CATALOG_SALES.CS_EXT_SHIP_COST <= +04699.80 AND TPCDS.CATALOG_SALES.CS_EXT_LIST_PRICE <= +12325.61"
6407,"SELECT TPCDS.WEB_PAGE.WP_LINK_COUNT , TPCDS.DATE_DIM2.D_FY_WEEK_SEQ FROM TPCDS.WEB_PAGE INNER JOIN TPCDS.DATE_DIM2 ON TPCDS.DATE_DIM2.D_DATE_SK = TPCDS.WEB_PAGE.WP_ACCESS_DATE_SK WHERE TPCDS.DATE_DIM2.D_DOW <= 2 AND TPCDS.DATE_DIM2.D_DOM >= 27"
6408,"SELECT TPCDS.PROMOTION.P_START_DATE_SK , TPCDS.DATE_DIM2.D_FY_WEEK_SEQ FROM TPCDS.PROMOTION INNER JOIN TPCDS.DATE_DIM2 ON TPCDS.DATE_DIM2.D_DATE_SK = TPCDS.PROMOTION.P_END_DATE_SK WHERE TPCDS.DATE_DIM2.D_FY_QUARTER_SEQ >= 133 AND TPCDS.DATE_DIM2.D_DOM >= 5"
6409,"SELECT TPCDS.PROMOTION.P_PROMO_SK , TPCDS.DATE_DIM2.D_SAME_DAY_LY FROM TPCDS.PROMOTION INNER JOIN TPCDS.DATE_DIM2 ON TPCDS.DATE_DIM2.D_DATE_SK = TPCDS.PROMOTION.P_END_DATE_SK WHERE TPCDS.DATE_DIM2.D_QOY <= 4 AND TPCDS.DATE_DIM2.D_DOW = 0"
6410,"SELECT TPCDS.CUSTOMER.C_CUSTOMER_SK , TPCDS.DATE_DIM2.D_SAME_DAY_LY FROM TPCDS.CUSTOMER INNER JOIN TPCDS.DATE_DIM2 ON TPCDS.DATE_DIM2.D_DATE_SK = TPCDS.CUSTOMER.C_FIRST_SHIPTO_DATE_SK WHERE TPCDS.DATE_DIM2.D_MONTH_SEQ = 1135 AND TPCDS.DATE_DIM2.D_MOY >= 6"
6411,"SELECT TPCDS.CUSTOMER.C_CURRENT_ADDR_SK , TPCDS.DATE_DIM2.D_LAST_DOM FROM TPCDS.CUSTOMER INNER JOIN TPCDS.DATE_DIM2 ON TPCDS.DATE_DIM2.D_DATE_SK = TPCDS.CUSTOMER.C_FIRST_SHIPTO_DATE_SK WHERE TPCDS.CUSTOMER.C_CURRENT_HDEMO_SK = 3922 AND TPCDS.DATE_DIM2.D_DOW = 1"
6412,"SELECT TPCDS.PROMOTION.P_COST , TPCDS.DATE_DIM2.D_FIRST_DOM FROM TPCDS.PROMOTION INNER JOIN TPCDS.DATE_DIM2 ON TPCDS.DATE_DIM2.D_DATE_SK = TPCDS.PROMOTION.P_END_DATE_SK WHERE TPCDS.DATE_DIM2.D_DOM <= 31 AND TPCDS.PROMOTION.P_PROMO_SK <= 296"
6413,"SELECT TPCDS.DATE_DIM2.D_QUARTER_SEQ , TPCDS.STORE.S_MARKET_ID FROM TPCDS.DATE_DIM2 INNER JOIN TPCDS.STORE ON TPCDS.STORE.S_CLOSED_DATE_SK = TPCDS.DATE_DIM2.D_DATE_SK WHERE TPCDS.STORE.S_FLOOR_SPACE <= 9078805 AND TPCDS.DATE_DIM2.D_LAST_DOM <= 2488372"
6414,"SELECT TPCDS.WEB_PAGE.WP_CUSTOMER_SK , TPCDS.DATE_DIM2.D_DOW FROM TPCDS.WEB_PAGE INNER JOIN TPCDS.DATE_DIM2 ON TPCDS.DATE_DIM2.D_DATE_SK = TPCDS.WEB_PAGE.WP_ACCESS_DATE_SK WHERE TPCDS.DATE_DIM2.D_DATE_SK >= 2430400 AND TPCDS.DATE_DIM2.D_DOW = 5"
6415,"SELECT TPCDS.DATE_DIM2.D_MONTH_SEQ , TPCDS.WEB_SITE.WEB_SITE_SK FROM TPCDS.DATE_DIM2 INNER JOIN TPCDS.WEB_SITE ON TPCDS.WEB_SITE.WEB_CLOSE_DATE_SK = TPCDS.DATE_DIM2.D_DATE_SK WHERE TPCDS.DATE_DIM2.D_MOY >= 1 AND TPCDS.DATE_DIM2.D_MONTH_SEQ >= 515"
6416,"SELECT TPCDS.WEB_SALES.WS_SHIP_CDEMO_SK , TPCDS.DATE_DIM2.D_QUARTER_SEQ FROM TPCDS.WEB_SALES INNER JOIN TPCDS.DATE_DIM2 ON TPCDS.DATE_DIM2.D_DATE_SK = TPCDS.WEB_SALES.WS_SHIP_DATE_SK WHERE TPCDS.DATE_DIM2.D_YEAR <= 2027 AND TPCDS.DATE_DIM2.D_FY_QUARTER_SEQ <= 801"
6417,"SELECT TPCDS.CATALOG_SALES.CS_EXT_TAX , TPCDS.DATE_DIM2.D_SAME_DAY_LY FROM TPCDS.CATALOG_SALES INNER JOIN TPCDS.DATE_DIM2 ON TPCDS.DATE_DIM2.D_DATE_SK = TPCDS.CATALOG_SALES.CS_SHIP_DATE_SK WHERE TPCDS.CATALOG_SALES.CS_SHIP_ADDR_SK = 19578 AND TPCDS.CATALOG_SALES.CS_SALES_PRICE <= +00004.23"
6418,"SELECT TPCDS.WEB_SALES.WS_WHOLESALE_COST , TPCDS.DATE_DIM2.D_MONTH_SEQ FROM TPCDS.WEB_SALES INNER JOIN TPCDS.DATE_DIM2 ON TPCDS.DATE_DIM2.D_DATE_SK = TPCDS.WEB_SALES.WS_SHIP_DATE_SK WHERE TPCDS.WEB_SALES.WS_SHIP_MODE_SK = 6 AND TPCDS.WEB_SALES.WS_WAREHOUSE_SK <= 1"
6419,"SELECT TPCDS.WEB_SALES.WS_SHIP_MODE_SK , TPCDS.DATE_DIM2.D_FY_QUARTER_SEQ FROM TPCDS.WEB_SALES INNER JOIN TPCDS.DATE_DIM2 ON TPCDS.DATE_DIM2.D_DATE_SK = TPCDS.WEB_SALES.WS_SHIP_DATE_SK WHERE TPCDS.WEB_SALES.WS_LIST_PRICE >= +00061.21 AND TPCDS.WEB_SALES.WS_SHIP_HDEMO_SK = 6025"
6420,"SELECT TPCDS.DATE_DIM2.D_DOM , TPCDS.WEB_PAGE.WP_CHAR_COUNT FROM TPCDS.DATE_DIM2 INNER JOIN TPCDS.WEB_PAGE ON TPCDS.WEB_PAGE.WP_ACCESS_DATE_SK = TPCDS.DATE_DIM2.D_DATE_SK WHERE TPCDS.WEB_PAGE.WP_CHAR_COUNT <= 701 AND TPCDS.WEB_PAGE.WP_ACCESS_DATE_SK <= 2452616"
6421,"SELECT TPCDS.STORE.S_CLOSED_DATE_SK , TPCDS.DATE_DIM2.D_QOY FROM TPCDS.STORE INNER JOIN TPCDS.DATE_DIM2 ON TPCDS.DATE_DIM2.D_DATE_SK = TPCDS.STORE.S_CLOSED_DATE_SK WHERE TPCDS.STORE.S_GMT_OFFSET = -005.00 AND TPCDS.STORE.S_STORE_SK <= 12"
6422,"SELECT TPCDS.CATALOG_PAGE.CP_CATALOG_PAGE_NUMBER , TPCDS.DATE_DIM2.D_DOW FROM TPCDS.CATALOG_PAGE INNER JOIN TPCDS.DATE_DIM2 ON TPCDS.DATE_DIM2.D_DATE_SK = TPCDS.CATALOG_PAGE.CP_END_DATE_SK WHERE TPCDS.CATALOG_PAGE.CP_START_DATE_SK >= 2451605 AND TPCDS.DATE_DIM2.D_MOY <= 10"
6423,"SELECT TPCDS.WEB_PAGE.WP_ACCESS_DATE_SK , TPCDS.DATE_DIM2.D_WEEK_SEQ FROM TPCDS.WEB_PAGE INNER JOIN TPCDS.DATE_DIM2 ON TPCDS.DATE_DIM2.D_DATE_SK = TPCDS.WEB_PAGE.WP_ACCESS_DATE_SK WHERE TPCDS.DATE_DIM2.D_QOY <= 4 AND TPCDS.DATE_DIM2.D_YEAR <= 2070"
6424,"SELECT TPCDS.CATALOG_PAGE.CP_END_DATE_SK , TPCDS.DATE_DIM2.D_QOY FROM TPCDS.CATALOG_PAGE INNER JOIN TPCDS.DATE_DIM2 ON TPCDS.DATE_DIM2.D_DATE_SK = TPCDS.CATALOG_PAGE.CP_END_DATE_SK WHERE TPCDS.CATALOG_PAGE.CP_START_DATE_SK >= 2450997 AND TPCDS.CATALOG_PAGE.CP_END_DATE_SK >= 2452484"
6425,"SELECT TPCDS.CUSTOMER.C_FIRST_SHIPTO_DATE_SK , TPCDS.DATE_DIM2.D_DOM FROM TPCDS.CUSTOMER INNER JOIN TPCDS.DATE_DIM2 ON TPCDS.DATE_DIM2.D_DATE_SK = TPCDS.CUSTOMER.C_FIRST_SHIPTO_DATE_SK WHERE TPCDS.DATE_DIM2.D_FY_YEAR <= 2050 AND TPCDS.DATE_DIM2.D_FY_QUARTER_SEQ <= 511"
6426,"SELECT TPCDS.WEB_SALES.WS_WAREHOUSE_SK , TPCDS.DATE_DIM2.D_DOM FROM TPCDS.WEB_SALES INNER JOIN TPCDS.DATE_DIM2 ON TPCDS.DATE_DIM2.D_DATE_SK = TPCDS.WEB_SALES.WS_SHIP_DATE_SK WHERE TPCDS.WEB_SALES.WS_SHIP_DATE_SK <= 2452563 AND TPCDS.WEB_SALES.WS_SOLD_DATE_SK >= 2452253"
6427,"SELECT TPCDS.STORE.S_CLOSED_DATE_SK , TPCDS.DATE_DIM2.D_QOY FROM TPCDS.STORE INNER JOIN TPCDS.DATE_DIM2 ON TPCDS.DATE_DIM2.D_DATE_SK = TPCDS.STORE.S_CLOSED_DATE_SK WHERE TPCDS.STORE.S_COMPANY_ID <= 1 AND TPCDS.STORE.S_MARKET_ID = 8"
6428,"SELECT TPCDS.WEB_SALES.WS_WEB_SITE_SK , TPCDS.DATE_DIM2.D_DOM FROM TPCDS.WEB_SALES INNER JOIN TPCDS.DATE_DIM2 ON TPCDS.DATE_DIM2.D_DATE_SK = TPCDS.WEB_SALES.WS_SHIP_DATE_SK WHERE TPCDS.WEB_SALES.WS_SHIP_MODE_SK = 12 AND TPCDS.DATE_DIM2.D_YEAR <= 2050"
6429,"SELECT TPCDS.CATALOG_SALES.CS_BILL_CUSTOMER_SK , TPCDS.DATE_DIM2.D_MOY FROM TPCDS.CATALOG_SALES INNER JOIN TPCDS.DATE_DIM2 ON TPCDS.DATE_DIM2.D_DATE_SK = TPCDS.CATALOG_SALES.CS_SHIP_DATE_SK WHERE TPCDS.CATALOG_SALES.CS_BILL_ADDR_SK = 26001 AND TPCDS.CATALOG_SALES.CS_CALL_CENTER_SK = 5"
6430,"SELECT TPCDS.DATE_DIM2.D_SAME_DAY_LQ , TPCDS.CUSTOMER.C_FIRST_SHIPTO_DATE_SK FROM TPCDS.DATE_DIM2 INNER JOIN TPCDS.CUSTOMER ON TPCDS.CUSTOMER.C_FIRST_SHIPTO_DATE_SK = TPCDS.DATE_DIM2.D_DATE_SK WHERE TPCDS.CUSTOMER.C_FIRST_SALES_DATE_SK >= 2450467 AND TPCDS.DATE_DIM2.D_DOW = 5"
6431,"SELECT TPCDS.WEB_SALES.WS_ITEM_SK , TPCDS.DATE_DIM2.D_MONTH_SEQ FROM TPCDS.WEB_SALES INNER JOIN TPCDS.DATE_DIM2 ON TPCDS.DATE_DIM2.D_DATE_SK = TPCDS.WEB_SALES.WS_SHIP_DATE_SK WHERE TPCDS.WEB_SALES.WS_SOLD_DATE_SK = 2452264 AND TPCDS.WEB_SALES.WS_BILL_ADDR_SK >= 2301"
6432,"SELECT TPCDS.WEB_SITE.WEB_GMT_OFFSET , TPCDS.DATE_DIM2.D_SAME_DAY_LQ FROM TPCDS.WEB_SITE INNER JOIN TPCDS.DATE_DIM2 ON TPCDS.DATE_DIM2.D_DATE_SK = TPCDS.WEB_SITE.WEB_CLOSE_DATE_SK WHERE TPCDS.WEB_SITE.WEB_OPEN_DATE_SK <= 2450798 AND TPCDS.DATE_DIM2.D_FY_YEAR <= 2090"
6433,"SELECT TPCDS.WEB_SALES.WS_WEB_PAGE_SK , TPCDS.DATE_DIM2.D_DOW FROM TPCDS.WEB_SALES INNER JOIN TPCDS.DATE_DIM2 ON TPCDS.DATE_DIM2.D_DATE_SK = TPCDS.WEB_SALES.WS_SHIP_DATE_SK WHERE TPCDS.WEB_SALES.WS_LIST_PRICE <= +00069.46 AND TPCDS.DATE_DIM2.D_FIRST_DOM <= 2471815"
6434,"SELECT TPCDS.WEB_SITE.WEB_TAX_PERCENTAGE , TPCDS.DATE_DIM2.D_FY_YEAR FROM TPCDS.WEB_SITE INNER JOIN TPCDS.DATE_DIM2 ON TPCDS.DATE_DIM2.D_DATE_SK = TPCDS.WEB_SITE.WEB_CLOSE_DATE_SK WHERE TPCDS.WEB_SITE.WEB_MKT_ID = 4 AND TPCDS.DATE_DIM2.D_FY_WEEK_SEQ >= 2595"
6435,"SELECT TPCDS.CATALOG_SALES.CS_EXT_SALES_PRICE , TPCDS.DATE_DIM2.D_FY_YEAR FROM TPCDS.CATALOG_SALES INNER JOIN TPCDS.DATE_DIM2 ON TPCDS.DATE_DIM2.D_DATE_SK = TPCDS.CATALOG_SALES.CS_SHIP_DATE_SK WHERE TPCDS.DATE_DIM2.D_DOM >= 1 AND TPCDS.CATALOG_SALES.CS_SHIP_CDEMO_SK >= 1920437"
6436,"SELECT TPCDS.CATALOG_SALES.CS_ITEM_SK , TPCDS.DATE_DIM2.D_DOW FROM TPCDS.CATALOG_SALES INNER JOIN TPCDS.DATE_DIM2 ON TPCDS.DATE_DIM2.D_DATE_SK = TPCDS.CATALOG_SALES.CS_SHIP_DATE_SK WHERE TPCDS.CATALOG_SALES.CS_SALES_PRICE = +00005.42 AND TPCDS.CATALOG_SALES.CS_SHIP_ADDR_SK = 47505"
6437,"SELECT TPCDS.DATE_DIM2.D_LAST_DOM , TPCDS.CUSTOMER.C_CURRENT_HDEMO_SK FROM TPCDS.DATE_DIM2 INNER JOIN TPCDS.CUSTOMER ON TPCDS.CUSTOMER.C_FIRST_SHIPTO_DATE_SK = TPCDS.DATE_DIM2.D_DATE_SK WHERE TPCDS.CUSTOMER.C_CURRENT_ADDR_SK = 42096 AND TPCDS.DATE_DIM2.D_FY_YEAR <= 2007"
6438,"SELECT TPCDS.CUSTOMER.C_CUSTOMER_SK , TPCDS.DATE_DIM2.D_MONTH_SEQ FROM TPCDS.CUSTOMER INNER JOIN TPCDS.DATE_DIM2 ON TPCDS.DATE_DIM2.D_DATE_SK = TPCDS.CUSTOMER.C_FIRST_SHIPTO_DATE_SK WHERE TPCDS.DATE_DIM2.D_DATE_SK <= 2468847 AND TPCDS.DATE_DIM2.D_FIRST_DOM >= 2450175"
6439,"SELECT TPCDS.PROMOTION.P_COST , TPCDS.DATE_DIM2.D_QUARTER_SEQ FROM TPCDS.PROMOTION INNER JOIN TPCDS.DATE_DIM2 ON TPCDS.DATE_DIM2.D_DATE_SK = TPCDS.PROMOTION.P_END_DATE_SK WHERE TPCDS.DATE_DIM2.D_SAME_DAY_LY >= 2414715 AND TPCDS.PROMOTION.P_PROMO_SK = 300"
6440,"SELECT TPCDS.CATALOG_SALES.CS_BILL_HDEMO_SK , TPCDS.DATE_DIM2.D_WEEK_SEQ FROM TPCDS.CATALOG_SALES INNER JOIN TPCDS.DATE_DIM2 ON TPCDS.DATE_DIM2.D_DATE_SK = TPCDS.CATALOG_SALES.CS_SHIP_DATE_SK WHERE TPCDS.CATALOG_SALES.CS_NET_PAID_INC_SHIP_TAX >= +00574.93 AND TPCDS.CATALOG_SALES.CS_SHIP_ADDR_SK = 2712"
6441,"SELECT TPCDS.DATE_DIM2.D_YEAR , TPCDS.CATALOG_SALES.CS_WAREHOUSE_SK FROM TPCDS.DATE_DIM2 INNER JOIN TPCDS.CATALOG_SALES ON TPCDS.CATALOG_SALES.CS_SHIP_DATE_SK = TPCDS.DATE_DIM2.D_DATE_SK WHERE TPCDS.DATE_DIM2.D_QOY = 3 AND TPCDS.CATALOG_SALES.CS_EXT_SHIP_COST = +00017.76"
6442,"SELECT TPCDS.CUSTOMER.C_BIRTH_DAY , TPCDS.DATE_DIM2.D_DOM FROM TPCDS.CUSTOMER INNER JOIN TPCDS.DATE_DIM2 ON TPCDS.DATE_DIM2.D_DATE_SK = TPCDS.CUSTOMER.C_FIRST_SHIPTO_DATE_SK WHERE TPCDS.CUSTOMER.C_BIRTH_YEAR = 1981 AND TPCDS.CUSTOMER.C_BIRTH_MONTH = 11"
6443,"SELECT TPCDS.WEB_SALES.WS_EXT_SALES_PRICE , TPCDS.DATE_DIM2.D_DATE_SK FROM TPCDS.WEB_SALES INNER JOIN TPCDS.DATE_DIM2 ON TPCDS.DATE_DIM2.D_DATE_SK = TPCDS.WEB_SALES.WS_SHIP_DATE_SK WHERE TPCDS.WEB_SALES.WS_PROMO_SK <= 173 AND TPCDS.WEB_SALES.WS_EXT_LIST_PRICE >= +01851.84"
6444,"SELECT TPCDS.CATALOG_PAGE.CP_CATALOG_PAGE_NUMBER , TPCDS.DATE_DIM2.D_LAST_DOM FROM TPCDS.CATALOG_PAGE INNER JOIN TPCDS.DATE_DIM2 ON TPCDS.DATE_DIM2.D_DATE_SK = TPCDS.CATALOG_PAGE.CP_END_DATE_SK WHERE TPCDS.DATE_DIM2.D_WEEK_SEQ <= 9434 AND TPCDS.CATALOG_PAGE.CP_END_DATE_SK >= 2451449"
6445,"SELECT TPCDS.PROMOTION.P_PROMO_SK , TPCDS.DATE_DIM2.D_QOY FROM TPCDS.PROMOTION INNER JOIN TPCDS.DATE_DIM2 ON TPCDS.DATE_DIM2.D_DATE_SK = TPCDS.PROMOTION.P_END_DATE_SK WHERE TPCDS.PROMOTION.P_END_DATE_SK <= 2450888 AND TPCDS.DATE_DIM2.D_FY_QUARTER_SEQ <= 516"
6446,"SELECT TPCDS.CATALOG_SALES.CS_SOLD_DATE_SK , TPCDS.DATE_DIM2.D_FY_QUARTER_SEQ FROM TPCDS.CATALOG_SALES INNER JOIN TPCDS.DATE_DIM2 ON TPCDS.DATE_DIM2.D_DATE_SK = TPCDS.CATALOG_SALES.CS_SHIP_DATE_SK WHERE TPCDS.CATALOG_SALES.CS_SALES_PRICE <= +00014.07 AND TPCDS.CATALOG_SALES.CS_CATALOG_PAGE_SK <= 9825"
6447,"SELECT TPCDS.STORE.S_NUMBER_EMPLOYEES , TPCDS.DATE_DIM2.D_QOY FROM TPCDS.STORE INNER JOIN TPCDS.DATE_DIM2 ON TPCDS.DATE_DIM2.D_DATE_SK = TPCDS.STORE.S_CLOSED_DATE_SK WHERE TPCDS.STORE.S_GMT_OFFSET = -005.00 AND TPCDS.STORE.S_COMPANY_ID = 1"
6448,"SELECT TPCDS.DATE_DIM2.D_FY_YEAR , TPCDS.WEB_SALES.WS_EXT_LIST_PRICE FROM TPCDS.DATE_DIM2 INNER JOIN TPCDS.WEB_SALES ON TPCDS.WEB_SALES.WS_SHIP_DATE_SK = TPCDS.DATE_DIM2.D_DATE_SK WHERE TPCDS.WEB_SALES.WS_NET_PAID <= +00619.08 AND TPCDS.WEB_SALES.WS_PROMO_SK >= 49"
6449,"SELECT TPCDS.WEB_PAGE.WP_CREATION_DATE_SK , TPCDS.DATE_DIM2.D_FY_YEAR FROM TPCDS.WEB_PAGE INNER JOIN TPCDS.DATE_DIM2 ON TPCDS.DATE_DIM2.D_DATE_SK = TPCDS.WEB_PAGE.WP_ACCESS_DATE_SK WHERE TPCDS.DATE_DIM2.D_DOM >= 22 AND TPCDS.WEB_PAGE.WP_ACCESS_DATE_SK = 2452606"
6450,"SELECT TPCDS.DATE_DIM2.D_YEAR , TPCDS.WEB_PAGE.WP_LINK_COUNT FROM TPCDS.DATE_DIM2 INNER JOIN TPCDS.WEB_PAGE ON TPCDS.WEB_PAGE.WP_ACCESS_DATE_SK = TPCDS.DATE_DIM2.D_DATE_SK WHERE TPCDS.DATE_DIM2.D_QOY = 4 AND TPCDS.WEB_PAGE.WP_CHAR_COUNT = 3128"
6451,"SELECT TPCDS.WEB_SALES.WS_NET_PAID_INC_TAX , TPCDS.DATE_DIM2.D_YEAR FROM TPCDS.WEB_SALES INNER JOIN TPCDS.DATE_DIM2 ON TPCDS.DATE_DIM2.D_DATE_SK = TPCDS.WEB_SALES.WS_SHIP_DATE_SK WHERE TPCDS.DATE_DIM2.D_MONTH_SEQ >= 1027 AND TPCDS.WEB_SALES.WS_LIST_PRICE = +00079.10"
6452,"SELECT TPCDS.PROMOTION.P_ITEM_SK , TPCDS.DATE_DIM2.D_QOY FROM TPCDS.PROMOTION INNER JOIN TPCDS.DATE_DIM2 ON TPCDS.DATE_DIM2.D_DATE_SK = TPCDS.PROMOTION.P_END_DATE_SK WHERE TPCDS.PROMOTION.P_PROMO_SK <= 276 AND TPCDS.DATE_DIM2.D_SAME_DAY_LY >= 2414746"
6453,"SELECT TPCDS.WEB_PAGE.WP_WEB_PAGE_SK , TPCDS.DATE_DIM2.D_DATE_SK FROM TPCDS.WEB_PAGE INNER JOIN TPCDS.DATE_DIM2 ON TPCDS.DATE_DIM2.D_DATE_SK = TPCDS.WEB_PAGE.WP_ACCESS_DATE_SK WHERE TPCDS.DATE_DIM2.D_QOY >= 4 AND TPCDS.DATE_DIM2.D_FIRST_DOM >= 2438913"
6454,"SELECT TPCDS.STORE.S_GMT_OFFSET , TPCDS.DATE_DIM2.D_FY_WEEK_SEQ FROM TPCDS.STORE INNER JOIN TPCDS.DATE_DIM2 ON TPCDS.DATE_DIM2.D_DATE_SK = TPCDS.STORE.S_CLOSED_DATE_SK WHERE TPCDS.STORE.S_FLOOR_SPACE >= 5285950 AND TPCDS.DATE_DIM2.D_WEEK_SEQ <= 10373"
6455,"SELECT TPCDS.CUSTOMER.C_FIRST_SALES_DATE_SK , TPCDS.DATE_DIM2.D_DATE_SK FROM TPCDS.CUSTOMER INNER JOIN TPCDS.DATE_DIM2 ON TPCDS.DATE_DIM2.D_DATE_SK = TPCDS.CUSTOMER.C_FIRST_SHIPTO_DATE_SK WHERE TPCDS.CUSTOMER.C_CURRENT_HDEMO_SK <= 6273 AND TPCDS.DATE_DIM2.D_SAME_DAY_LY >= 2415025"
6456,"SELECT TPCDS.DATE_DIM2.D_YEAR , TPCDS.CATALOG_SALES.CS_CALL_CENTER_SK FROM TPCDS.DATE_DIM2 INNER JOIN TPCDS.CATALOG_SALES ON TPCDS.CATALOG_SALES.CS_SHIP_DATE_SK = TPCDS.DATE_DIM2.D_DATE_SK WHERE TPCDS.CATALOG_SALES.CS_NET_PAID_INC_SHIP = +00017.34 AND TPCDS.DATE_DIM2.D_QUARTER_SEQ >= 200"
6457,"SELECT TPCDS.WEB_PAGE.WP_CUSTOMER_SK , TPCDS.DATE_DIM2.D_FY_YEAR FROM TPCDS.WEB_PAGE INNER JOIN TPCDS.DATE_DIM2 ON TPCDS.DATE_DIM2.D_DATE_SK = TPCDS.WEB_PAGE.WP_ACCESS_DATE_SK WHERE TPCDS.WEB_PAGE.WP_IMAGE_COUNT <= 3 AND TPCDS.DATE_DIM2.D_WEEK_SEQ <= 6268"
6458,"SELECT TPCDS.WEB_SALES.WS_EXT_TAX , TPCDS.DATE_DIM2.D_DATE_SK FROM TPCDS.WEB_SALES INNER JOIN TPCDS.DATE_DIM2 ON TPCDS.DATE_DIM2.D_DATE_SK = TPCDS.WEB_SALES.WS_SHIP_DATE_SK WHERE TPCDS.WEB_SALES.WS_BILL_CUSTOMER_SK <= 27042 AND TPCDS.WEB_SALES.WS_PROMO_SK = 41"
6459,"SELECT TPCDS.CATALOG_SALES.CS_SHIP_ADDR_SK , TPCDS.DATE_DIM2.D_SAME_DAY_LQ FROM TPCDS.CATALOG_SALES INNER JOIN TPCDS.DATE_DIM2 ON TPCDS.DATE_DIM2.D_DATE_SK = TPCDS.CATALOG_SALES.CS_SHIP_DATE_SK WHERE TPCDS.CATALOG_SALES.CS_COUPON_AMT >= +00003.44 AND TPCDS.CATALOG_SALES.CS_CALL_CENTER_SK >= 2"
6460,"SELECT TPCDS.WEB_SALES.WS_QUANTITY , TPCDS.DATE_DIM2.D_LAST_DOM FROM TPCDS.WEB_SALES INNER JOIN TPCDS.DATE_DIM2 ON TPCDS.DATE_DIM2.D_DATE_SK = TPCDS.WEB_SALES.WS_SHIP_DATE_SK WHERE TPCDS.WEB_SALES.WS_BILL_CUSTOMER_SK = 8523 AND TPCDS.DATE_DIM2.D_FY_QUARTER_SEQ >= 93"
6461,"SELECT TPCDS.PROMOTION.P_PROMO_SK , TPCDS.DATE_DIM2.D_FY_YEAR FROM TPCDS.PROMOTION INNER JOIN TPCDS.DATE_DIM2 ON TPCDS.DATE_DIM2.D_DATE_SK = TPCDS.PROMOTION.P_END_DATE_SK WHERE TPCDS.DATE_DIM2.D_WEEK_SEQ >= 2791 AND TPCDS.PROMOTION.P_RESPONSE_TARGET >= 1"
6462,"SELECT TPCDS.DATE_DIM2.D_QOY , TPCDS.CUSTOMER.C_BIRTH_YEAR FROM TPCDS.DATE_DIM2 INNER JOIN TPCDS.CUSTOMER ON TPCDS.CUSTOMER.C_FIRST_SHIPTO_DATE_SK = TPCDS.DATE_DIM2.D_DATE_SK WHERE TPCDS.DATE_DIM2.D_FY_QUARTER_SEQ <= 620 AND TPCDS.CUSTOMER.C_FIRST_SALES_DATE_SK <= 2449400"
6463,"SELECT TPCDS.DATE_DIM2.D_LAST_DOM , TPCDS.CATALOG_SALES.CS_CALL_CENTER_SK FROM TPCDS.DATE_DIM2 INNER JOIN TPCDS.CATALOG_SALES ON TPCDS.CATALOG_SALES.CS_SHIP_DATE_SK = TPCDS.DATE_DIM2.D_DATE_SK WHERE TPCDS.DATE_DIM2.D_DOM >= 7 AND TPCDS.CATALOG_SALES.CS_BILL_CDEMO_SK = 1011588"
6464,"SELECT TPCDS.DATE_DIM2.D_SAME_DAY_LY , TPCDS.STORE.S_STORE_SK FROM TPCDS.DATE_DIM2 INNER JOIN TPCDS.STORE ON TPCDS.STORE.S_CLOSED_DATE_SK = TPCDS.DATE_DIM2.D_DATE_SK WHERE TPCDS.DATE_DIM2.D_QOY <= 4 AND TPCDS.DATE_DIM2.D_FIRST_DOM <= 2487613"
6465,"SELECT TPCDS.WEB_SITE.WEB_CLOSE_DATE_SK , TPCDS.DATE_DIM2.D_FY_QUARTER_SEQ FROM TPCDS.WEB_SITE INNER JOIN TPCDS.DATE_DIM2 ON TPCDS.DATE_DIM2.D_DATE_SK = TPCDS.WEB_SITE.WEB_CLOSE_DATE_SK WHERE TPCDS.WEB_SITE.WEB_SITE_SK >= 21 AND TPCDS.DATE_DIM2.D_MOY <= 11"
6466,"SELECT TPCDS.STORE.S_STORE_SK , TPCDS.DATE_DIM2.D_DATE_SK FROM TPCDS.STORE INNER JOIN TPCDS.DATE_DIM2 ON TPCDS.DATE_DIM2.D_DATE_SK = TPCDS.STORE.S_CLOSED_DATE_SK WHERE TPCDS.DATE_DIM2.D_QUARTER_SEQ <= 639 AND TPCDS.STORE.S_MARKET_ID = 8"
6467,"SELECT TPCDS.PROMOTION.P_ITEM_SK , TPCDS.DATE_DIM2.D_MONTH_SEQ FROM TPCDS.PROMOTION INNER JOIN TPCDS.DATE_DIM2 ON TPCDS.DATE_DIM2.D_DATE_SK = TPCDS.PROMOTION.P_END_DATE_SK WHERE TPCDS.PROMOTION.P_RESPONSE_TARGET = 1 AND TPCDS.DATE_DIM2.D_FY_WEEK_SEQ >= 5025"
6468,"SELECT TPCDS.PROMOTION.P_PROMO_SK , TPCDS.DATE_DIM2.D_YEAR FROM TPCDS.PROMOTION INNER JOIN TPCDS.DATE_DIM2 ON TPCDS.DATE_DIM2.D_DATE_SK = TPCDS.PROMOTION.P_END_DATE_SK WHERE TPCDS.PROMOTION.P_START_DATE_SK >= 2450347 AND TPCDS.DATE_DIM2.D_FIRST_DOM >= 2430695"
6469,"SELECT TPCDS.DATE_DIM2.D_WEEK_SEQ , TPCDS.WEB_SITE.WEB_GMT_OFFSET FROM TPCDS.DATE_DIM2 INNER JOIN TPCDS.WEB_SITE ON TPCDS.WEB_SITE.WEB_CLOSE_DATE_SK = TPCDS.DATE_DIM2.D_DATE_SK WHERE TPCDS.WEB_SITE.WEB_CLOSE_DATE_SK <= 2448956 AND TPCDS.WEB_SITE.WEB_COMPANY_ID <= 3"
6470,"SELECT TPCDS.CUSTOMER.C_BIRTH_MONTH , TPCDS.DATE_DIM2.D_MOY FROM TPCDS.CUSTOMER INNER JOIN TPCDS.DATE_DIM2 ON TPCDS.DATE_DIM2.D_DATE_SK = TPCDS.CUSTOMER.C_FIRST_SHIPTO_DATE_SK WHERE TPCDS.DATE_DIM2.D_FIRST_DOM <= 2462016 AND TPCDS.DATE_DIM2.D_MONTH_SEQ <= 2287"
6471,"SELECT TPCDS.CUSTOMER.C_FIRST_SALES_DATE_SK , TPCDS.DATE_DIM2.D_QOY FROM TPCDS.CUSTOMER INNER JOIN TPCDS.DATE_DIM2 ON TPCDS.DATE_DIM2.D_DATE_SK = TPCDS.CUSTOMER.C_FIRST_SHIPTO_DATE_SK WHERE TPCDS.CUSTOMER.C_CUSTOMER_SK = 100000 AND TPCDS.DATE_DIM2.D_FIRST_DOM <= 2458881"
6472,"SELECT TPCDS.WEB_PAGE.WP_WEB_PAGE_SK , TPCDS.DATE_DIM2.D_FIRST_DOM FROM TPCDS.WEB_PAGE INNER JOIN TPCDS.DATE_DIM2 ON TPCDS.DATE_DIM2.D_DATE_SK = TPCDS.WEB_PAGE.WP_ACCESS_DATE_SK WHERE TPCDS.DATE_DIM2.D_FY_WEEK_SEQ >= 1202 AND TPCDS.WEB_PAGE.WP_LINK_COUNT >= 7"
6473,"SELECT TPCDS.CATALOG_PAGE.CP_END_DATE_SK , TPCDS.DATE_DIM2.D_DATE_SK FROM TPCDS.CATALOG_PAGE INNER JOIN TPCDS.DATE_DIM2 ON TPCDS.DATE_DIM2.D_DATE_SK = TPCDS.CATALOG_PAGE.CP_END_DATE_SK WHERE TPCDS.DATE_DIM2.D_SAME_DAY_LQ >= 2415147 AND TPCDS.DATE_DIM2.D_DOM >= 15"
6474,"SELECT TPCDS.WEB_SALES.WS_SOLD_TIME_SK , TPCDS.DATE_DIM2.D_QUARTER_SEQ FROM TPCDS.WEB_SALES INNER JOIN TPCDS.DATE_DIM2 ON TPCDS.DATE_DIM2.D_DATE_SK = TPCDS.WEB_SALES.WS_SHIP_DATE_SK WHERE TPCDS.DATE_DIM2.D_DOW <= 3 AND TPCDS.WEB_SALES.WS_EXT_SALES_PRICE >= +01882.35"
6475,"SELECT TPCDS.CATALOG_SALES.CS_BILL_ADDR_SK , TPCDS.DATE_DIM2.D_FY_QUARTER_SEQ FROM TPCDS.CATALOG_SALES INNER JOIN TPCDS.DATE_DIM2 ON TPCDS.DATE_DIM2.D_DATE_SK = TPCDS.CATALOG_SALES.CS_SHIP_DATE_SK WHERE TPCDS.CATALOG_SALES.CS_BILL_ADDR_SK <= 919 AND TPCDS.CATALOG_SALES.CS_PROMO_SK = 140"
6476,"SELECT TPCDS.CATALOG_SALES.CS_COUPON_AMT , TPCDS.DATE_DIM2.D_LAST_DOM FROM TPCDS.CATALOG_SALES INNER JOIN TPCDS.DATE_DIM2 ON TPCDS.DATE_DIM2.D_DATE_SK = TPCDS.CATALOG_SALES.CS_SHIP_DATE_SK WHERE TPCDS.CATALOG_SALES.CS_COUPON_AMT <= +00610.58 AND TPCDS.CATALOG_SALES.CS_CALL_CENTER_SK >= 3"
6477,"SELECT TPCDS.WEB_PAGE.WP_ACCESS_DATE_SK , TPCDS.DATE_DIM2.D_FIRST_DOM FROM TPCDS.WEB_PAGE INNER JOIN TPCDS.DATE_DIM2 ON TPCDS.DATE_DIM2.D_DATE_SK = TPCDS.WEB_PAGE.WP_ACCESS_DATE_SK WHERE TPCDS.DATE_DIM2.D_DOM = 4 AND TPCDS.DATE_DIM2.D_SAME_DAY_LQ <= 2453462"
6478,"SELECT TPCDS.CUSTOMER.C_BIRTH_DAY , TPCDS.DATE_DIM2.D_QUARTER_SEQ FROM TPCDS.CUSTOMER INNER JOIN TPCDS.DATE_DIM2 ON TPCDS.DATE_DIM2.D_DATE_SK = TPCDS.CUSTOMER.C_FIRST_SHIPTO_DATE_SK WHERE TPCDS.CUSTOMER.C_CURRENT_HDEMO_SK <= 55 AND TPCDS.DATE_DIM2.D_DOM >= 8"
6479,"SELECT TPCDS.WEB_SITE.WEB_MKT_ID , TPCDS.DATE_DIM2.D_FY_QUARTER_SEQ FROM TPCDS.WEB_SITE INNER JOIN TPCDS.DATE_DIM2 ON TPCDS.DATE_DIM2.D_DATE_SK = TPCDS.WEB_SITE.WEB_CLOSE_DATE_SK WHERE TPCDS.DATE_DIM2.D_DOM <= 15 AND TPCDS.WEB_SITE.WEB_TAX_PERCENTAGE <= +000.07"
6480,"SELECT TPCDS.WEB_SALES.WS_BILL_ADDR_SK , TPCDS.DATE_DIM2.D_FY_YEAR FROM TPCDS.WEB_SALES INNER JOIN TPCDS.DATE_DIM2 ON TPCDS.DATE_DIM2.D_DATE_SK = TPCDS.WEB_SALES.WS_SHIP_DATE_SK WHERE TPCDS.WEB_SALES.WS_ORDER_NUMBER <= 53336 AND TPCDS.WEB_SALES.WS_WEB_PAGE_SK >= 43"
6481,"SELECT TPCDS.WEB_PAGE.WP_WEB_PAGE_SK , TPCDS.DATE_DIM2.D_FY_YEAR FROM TPCDS.WEB_PAGE INNER JOIN TPCDS.DATE_DIM2 ON TPCDS.DATE_DIM2.D_DATE_SK = TPCDS.WEB_PAGE.WP_ACCESS_DATE_SK WHERE TPCDS.WEB_PAGE.WP_WEB_PAGE_SK <= 41 AND TPCDS.WEB_PAGE.WP_LINK_COUNT >= 19"
6482,"SELECT TPCDS.STORE.S_COMPANY_ID , TPCDS.DATE_DIM2.D_MONTH_SEQ FROM TPCDS.STORE INNER JOIN TPCDS.DATE_DIM2 ON TPCDS.DATE_DIM2.D_DATE_SK = TPCDS.STORE.S_CLOSED_DATE_SK WHERE TPCDS.STORE.S_COMPANY_ID <= 1 AND TPCDS.STORE.S_CLOSED_DATE_SK >= 2451189"
6483,"SELECT TPCDS.WEB_PAGE.WP_IMAGE_COUNT , TPCDS.DATE_DIM2.D_DATE_SK FROM TPCDS.WEB_PAGE INNER JOIN TPCDS.DATE_DIM2 ON TPCDS.DATE_DIM2.D_DATE_SK = TPCDS.WEB_PAGE.WP_ACCESS_DATE_SK WHERE TPCDS.WEB_PAGE.WP_CREATION_DATE_SK <= 2450809 AND TPCDS.DATE_DIM2.D_SAME_DAY_LY >= 2415025"
6484,"SELECT TPCDS.DATE_DIM2.D_MOY , TPCDS.CUSTOMER.C_CURRENT_HDEMO_SK FROM TPCDS.DATE_DIM2 INNER JOIN TPCDS.CUSTOMER ON TPCDS.CUSTOMER.C_FIRST_SHIPTO_DATE_SK = TPCDS.DATE_DIM2.D_DATE_SK WHERE TPCDS.CUSTOMER.C_FIRST_SHIPTO_DATE_SK >= 2450029 AND TPCDS.CUSTOMER.C_CUSTOMER_SK = 15807"
6485,"SELECT TPCDS.CATALOG_SALES.CS_ITEM_SK , TPCDS.DATE_DIM2.D_FY_WEEK_SEQ FROM TPCDS.CATALOG_SALES INNER JOIN TPCDS.DATE_DIM2 ON TPCDS.DATE_DIM2.D_DATE_SK = TPCDS.CATALOG_SALES.CS_SHIP_DATE_SK WHERE TPCDS.CATALOG_SALES.CS_CATALOG_PAGE_SK <= 2145 AND TPCDS.CATALOG_SALES.CS_SHIP_HDEMO_SK >= 7200"
6486,"SELECT TPCDS.STORE.S_TAX_PRECENTAGE , TPCDS.DATE_DIM2.D_SAME_DAY_LQ FROM TPCDS.STORE INNER JOIN TPCDS.DATE_DIM2 ON TPCDS.DATE_DIM2.D_DATE_SK = TPCDS.STORE.S_CLOSED_DATE_SK WHERE TPCDS.STORE.S_CLOSED_DATE_SK >= 2450910 AND TPCDS.STORE.S_FLOOR_SPACE >= 6995995"
6487,"SELECT TPCDS.CATALOG_SALES.CS_SHIP_DATE_SK , TPCDS.DATE_DIM2.D_DOW FROM TPCDS.CATALOG_SALES INNER JOIN TPCDS.DATE_DIM2 ON TPCDS.DATE_DIM2.D_DATE_SK = TPCDS.CATALOG_SALES.CS_SHIP_DATE_SK WHERE TPCDS.DATE_DIM2.D_MOY <= 10 AND TPCDS.CATALOG_SALES.CS_QUANTITY >= 59"
6488,"SELECT TPCDS.WEB_PAGE.WP_IMAGE_COUNT , TPCDS.DATE_DIM2.D_WEEK_SEQ FROM TPCDS.WEB_PAGE INNER JOIN TPCDS.DATE_DIM2 ON TPCDS.DATE_DIM2.D_DATE_SK = TPCDS.WEB_PAGE.WP_ACCESS_DATE_SK WHERE TPCDS.DATE_DIM2.D_DOM = 31 AND TPCDS.DATE_DIM2.D_QUARTER_SEQ >= 200"
6489,"SELECT TPCDS.CATALOG_SALES.CS_EXT_DISCOUNT_AMT , TPCDS.DATE_DIM2.D_LAST_DOM FROM TPCDS.CATALOG_SALES INNER JOIN TPCDS.DATE_DIM2 ON TPCDS.DATE_DIM2.D_DATE_SK = TPCDS.CATALOG_SALES.CS_SHIP_DATE_SK WHERE TPCDS.CATALOG_SALES.CS_EXT_WHOLESALE_COST >= +01130.88 AND TPCDS.CATALOG_SALES.CS_BILL_HDEMO_SK <= 388"
6490,"SELECT TPCDS.WEB_SALES.WS_NET_PAID_INC_SHIP_TAX , TPCDS.DATE_DIM2.D_DATE_SK FROM TPCDS.WEB_SALES INNER JOIN TPCDS.DATE_DIM2 ON TPCDS.DATE_DIM2.D_DATE_SK = TPCDS.WEB_SALES.WS_SHIP_DATE_SK WHERE TPCDS.WEB_SALES.WS_NET_PAID_INC_SHIP <= +02344.68 AND TPCDS.WEB_SALES.WS_WHOLESALE_COST <= +00001.02"
6491,"SELECT TPCDS.CATALOG_SALES.CS_ITEM_SK , TPCDS.DATE_DIM2.D_MOY FROM TPCDS.CATALOG_SALES INNER JOIN TPCDS.DATE_DIM2 ON TPCDS.DATE_DIM2.D_DATE_SK = TPCDS.CATALOG_SALES.CS_SHIP_DATE_SK WHERE TPCDS.CATALOG_SALES.CS_SALES_PRICE <= +00062.89 AND TPCDS.CATALOG_SALES.CS_EXT_SALES_PRICE >= +01532.05"
6492,"SELECT TPCDS.CATALOG_SALES.CS_EXT_WHOLESALE_COST , TPCDS.DATE_DIM2.D_MONTH_SEQ FROM TPCDS.CATALOG_SALES INNER JOIN TPCDS.DATE_DIM2 ON TPCDS.DATE_DIM2.D_DATE_SK = TPCDS.CATALOG_SALES.CS_SHIP_DATE_SK WHERE TPCDS.CATALOG_SALES.CS_WHOLESALE_COST = +00031.56 AND TPCDS.CATALOG_SALES.CS_CALL_CENTER_SK = 5"
6493,"SELECT TPCDS.WEB_SITE.WEB_GMT_OFFSET , TPCDS.DATE_DIM2.D_FY_YEAR FROM TPCDS.WEB_SITE INNER JOIN TPCDS.DATE_DIM2 ON TPCDS.DATE_DIM2.D_DATE_SK = TPCDS.WEB_SITE.WEB_CLOSE_DATE_SK WHERE TPCDS.DATE_DIM2.D_FIRST_DOM >= 2427043 AND TPCDS.DATE_DIM2.D_DOW = 5"
6494,"SELECT TPCDS.CUSTOMER.C_FIRST_SALES_DATE_SK , TPCDS.DATE_DIM2.D_DOM FROM TPCDS.CUSTOMER INNER JOIN TPCDS.DATE_DIM2 ON TPCDS.DATE_DIM2.D_DATE_SK = TPCDS.CUSTOMER.C_FIRST_SHIPTO_DATE_SK WHERE TPCDS.CUSTOMER.C_CURRENT_ADDR_SK = 28932 AND TPCDS.DATE_DIM2.D_DOM >= 22"
6495,"SELECT TPCDS.DATE_DIM2.D_SAME_DAY_LQ , TPCDS.WEB_PAGE.WP_IMAGE_COUNT FROM TPCDS.DATE_DIM2 INNER JOIN TPCDS.WEB_PAGE ON TPCDS.WEB_PAGE.WP_ACCESS_DATE_SK = TPCDS.DATE_DIM2.D_DATE_SK WHERE TPCDS.DATE_DIM2.D_DATE_SK >= 2430400 AND TPCDS.WEB_PAGE.WP_IMAGE_COUNT >= 6"
6496,"SELECT TPCDS.CATALOG_SALES.CS_EXT_LIST_PRICE , TPCDS.DATE_DIM2.D_WEEK_SEQ FROM TPCDS.CATALOG_SALES INNER JOIN TPCDS.DATE_DIM2 ON TPCDS.DATE_DIM2.D_DATE_SK = TPCDS.CATALOG_SALES.CS_SHIP_DATE_SK WHERE TPCDS.CATALOG_SALES.CS_COUPON_AMT <= +04014.63 AND TPCDS.CATALOG_SALES.CS_SHIP_ADDR_SK = 3479"
6497,"SELECT TPCDS.CATALOG_SALES.CS_NET_PAID , TPCDS.DATE_DIM2.D_YEAR FROM TPCDS.CATALOG_SALES INNER JOIN TPCDS.DATE_DIM2 ON TPCDS.DATE_DIM2.D_DATE_SK = TPCDS.CATALOG_SALES.CS_SHIP_DATE_SK WHERE TPCDS.CATALOG_SALES.CS_ORDER_NUMBER >= 72115 AND TPCDS.CATALOG_SALES.CS_NET_PAID_INC_TAX <= +00066.42"
6498,"SELECT TPCDS.WEB_SITE.WEB_MKT_ID , TPCDS.DATE_DIM2.D_YEAR FROM TPCDS.WEB_SITE INNER JOIN TPCDS.DATE_DIM2 ON TPCDS.DATE_DIM2.D_DATE_SK = TPCDS.WEB_SITE.WEB_CLOSE_DATE_SK WHERE TPCDS.WEB_SITE.WEB_OPEN_DATE_SK >= 2450696 AND TPCDS.DATE_DIM2.D_MOY = 11"
6499,"SELECT TPCDS.CUSTOMER.C_FIRST_SHIPTO_DATE_SK , TPCDS.DATE_DIM2.D_QUARTER_SEQ FROM TPCDS.CUSTOMER INNER JOIN TPCDS.DATE_DIM2 ON TPCDS.DATE_DIM2.D_DATE_SK = TPCDS.CUSTOMER.C_FIRST_SHIPTO_DATE_SK WHERE TPCDS.CUSTOMER.C_CUSTOMER_SK <= 26345 AND TPCDS.CUSTOMER.C_CURRENT_ADDR_SK = 2663"
6500,"SELECT TPCDS.CUSTOMER.C_CURRENT_CDEMO_SK , TPCDS.DATE_DIM2.D_FY_YEAR FROM TPCDS.CUSTOMER INNER JOIN TPCDS.DATE_DIM2 ON TPCDS.DATE_DIM2.D_DATE_SK = TPCDS.CUSTOMER.C_FIRST_SHIPTO_DATE_SK WHERE TPCDS.CUSTOMER.C_CURRENT_CDEMO_SK >= 259136 AND TPCDS.CUSTOMER.C_CURRENT_ADDR_SK = 2663"
6501,"SELECT TPCDS.WEB_SITE.WEB_TAX_PERCENTAGE , TPCDS.DATE_DIM2.D_MONTH_SEQ FROM TPCDS.WEB_SITE INNER JOIN TPCDS.DATE_DIM2 ON TPCDS.DATE_DIM2.D_DATE_SK = TPCDS.WEB_SITE.WEB_CLOSE_DATE_SK WHERE TPCDS.DATE_DIM2.D_FY_WEEK_SEQ <= 8445 AND TPCDS.WEB_SITE.WEB_GMT_OFFSET = -005.00"
6502,"SELECT TPCDS.WEB_SALES.WS_SHIP_CDEMO_SK , TPCDS.DATE_DIM2.D_LAST_DOM FROM TPCDS.WEB_SALES INNER JOIN TPCDS.DATE_DIM2 ON TPCDS.DATE_DIM2.D_DATE_SK = TPCDS.WEB_SALES.WS_SHIP_DATE_SK WHERE TPCDS.WEB_SALES.WS_SHIP_DATE_SK <= 2451195 AND TPCDS.WEB_SALES.WS_SOLD_DATE_SK <= 2452642"
6503,"SELECT TPCDS.WEB_SALES.WS_SALES_PRICE , TPCDS.DATE_DIM2.D_YEAR FROM TPCDS.WEB_SALES INNER JOIN TPCDS.DATE_DIM2 ON TPCDS.DATE_DIM2.D_DATE_SK = TPCDS.WEB_SALES.WS_SHIP_DATE_SK WHERE TPCDS.WEB_SALES.WS_SHIP_CDEMO_SK <= 293908 AND TPCDS.WEB_SALES.WS_SHIP_MODE_SK = 1"
6504,"SELECT TPCDS.WEB_SALES.WS_EXT_DISCOUNT_AMT , TPCDS.DATE_DIM2.D_YEAR FROM TPCDS.WEB_SALES INNER JOIN TPCDS.DATE_DIM2 ON TPCDS.DATE_DIM2.D_DATE_SK = TPCDS.WEB_SALES.WS_SHIP_DATE_SK WHERE TPCDS.WEB_SALES.WS_BILL_HDEMO_SK >= 769 AND TPCDS.WEB_SALES.WS_NET_PROFIT = +13066.20"
6505,"SELECT TPCDS.DATE_DIM2.D_DOW , TPCDS.WEB_PAGE.WP_ACCESS_DATE_SK FROM TPCDS.DATE_DIM2 INNER JOIN TPCDS.WEB_PAGE ON TPCDS.WEB_PAGE.WP_ACCESS_DATE_SK = TPCDS.DATE_DIM2.D_DATE_SK WHERE TPCDS.DATE_DIM2.D_MOY >= 3 AND TPCDS.DATE_DIM2.D_FIRST_DOM >= 2434530"
6506,"SELECT TPCDS.CATALOG_SALES.CS_BILL_HDEMO_SK , TPCDS.DATE_DIM2.D_SAME_DAY_LY FROM TPCDS.CATALOG_SALES INNER JOIN TPCDS.DATE_DIM2 ON TPCDS.DATE_DIM2.D_DATE_SK = TPCDS.CATALOG_SALES.CS_SHIP_DATE_SK WHERE TPCDS.CATALOG_SALES.CS_EXT_DISCOUNT_AMT <= +00721.35 AND TPCDS.CATALOG_SALES.CS_SOLD_DATE_SK = 2451350"
6507,"SELECT TPCDS.CATALOG_SALES.CS_NET_PAID_INC_SHIP , TPCDS.DATE_DIM2.D_MONTH_SEQ FROM TPCDS.CATALOG_SALES INNER JOIN TPCDS.DATE_DIM2 ON TPCDS.DATE_DIM2.D_DATE_SK = TPCDS.CATALOG_SALES.CS_SHIP_DATE_SK WHERE TPCDS.CATALOG_SALES.CS_ITEM_SK = 1892 AND TPCDS.CATALOG_SALES.CS_EXT_TAX <= +01509.88"
6508,"SELECT TPCDS.WEB_SALES.WS_NET_PAID_INC_TAX , TPCDS.DATE_DIM2.D_MOY FROM TPCDS.WEB_SALES INNER JOIN TPCDS.DATE_DIM2 ON TPCDS.DATE_DIM2.D_DATE_SK = TPCDS.WEB_SALES.WS_SHIP_DATE_SK WHERE TPCDS.WEB_SALES.WS_EXT_LIST_PRICE >= +06345.00 AND TPCDS.WEB_SALES.WS_NET_PAID <= +01688.75"
6509,"SELECT TPCDS.CATALOG_SALES.CS_SALES_PRICE , TPCDS.DATE_DIM2.D_YEAR FROM TPCDS.CATALOG_SALES INNER JOIN TPCDS.DATE_DIM2 ON TPCDS.DATE_DIM2.D_DATE_SK = TPCDS.CATALOG_SALES.CS_SHIP_DATE_SK WHERE TPCDS.CATALOG_SALES.CS_CATALOG_PAGE_SK <= 5971 AND TPCDS.CATALOG_SALES.CS_SHIP_MODE_SK >= 13"
6510,"SELECT TPCDS.CATALOG_PAGE.CP_END_DATE_SK , TPCDS.DATE_DIM2.D_WEEK_SEQ FROM TPCDS.CATALOG_PAGE INNER JOIN TPCDS.DATE_DIM2 ON TPCDS.DATE_DIM2.D_DATE_SK = TPCDS.CATALOG_PAGE.CP_END_DATE_SK WHERE TPCDS.DATE_DIM2.D_WEEK_SEQ >= 5025 AND TPCDS.DATE_DIM2.D_FY_WEEK_SEQ <= 9920"
6511,"SELECT TPCDS.WEB_PAGE.WP_LINK_COUNT , TPCDS.DATE_DIM2.D_SAME_DAY_LQ FROM TPCDS.WEB_PAGE INNER JOIN TPCDS.DATE_DIM2 ON TPCDS.DATE_DIM2.D_DATE_SK = TPCDS.WEB_PAGE.WP_ACCESS_DATE_SK WHERE TPCDS.WEB_PAGE.WP_MAX_AD_COUNT = 3 AND TPCDS.DATE_DIM2.D_FY_QUARTER_SEQ <= 801"
6512,"SELECT TPCDS.WEB_SALES.WS_WAREHOUSE_SK , TPCDS.DATE_DIM2.D_FY_QUARTER_SEQ FROM TPCDS.WEB_SALES INNER JOIN TPCDS.DATE_DIM2 ON TPCDS.DATE_DIM2.D_DATE_SK = TPCDS.WEB_SALES.WS_SHIP_DATE_SK WHERE TPCDS.WEB_SALES.WS_EXT_DISCOUNT_AMT <= +00000.00 AND TPCDS.WEB_SALES.WS_SHIP_CUSTOMER_SK <= 53571"
6513,"SELECT TPCDS.CUSTOMER.C_BIRTH_MONTH , TPCDS.DATE_DIM2.D_LAST_DOM FROM TPCDS.CUSTOMER INNER JOIN TPCDS.DATE_DIM2 ON TPCDS.DATE_DIM2.D_DATE_SK = TPCDS.CUSTOMER.C_FIRST_SHIPTO_DATE_SK WHERE TPCDS.DATE_DIM2.D_QUARTER_SEQ <= 481 AND TPCDS.DATE_DIM2.D_FIRST_DOM <= 2450175"
6514,"SELECT TPCDS.CUSTOMER.C_BIRTH_MONTH , TPCDS.DATE_DIM2.D_FY_YEAR FROM TPCDS.CUSTOMER INNER JOIN TPCDS.DATE_DIM2 ON TPCDS.DATE_DIM2.D_DATE_SK = TPCDS.CUSTOMER.C_FIRST_SHIPTO_DATE_SK WHERE TPCDS.CUSTOMER.C_CURRENT_CDEMO_SK = 77579 AND TPCDS.DATE_DIM2.D_WEEK_SEQ <= 5296"
6515,"SELECT TPCDS.CATALOG_SALES.CS_COUPON_AMT , TPCDS.DATE_DIM2.D_FY_QUARTER_SEQ FROM TPCDS.CATALOG_SALES INNER JOIN TPCDS.DATE_DIM2 ON TPCDS.DATE_DIM2.D_DATE_SK = TPCDS.CATALOG_SALES.CS_SHIP_DATE_SK WHERE TPCDS.CATALOG_SALES.CS_EXT_WHOLESALE_COST <= +01130.88 AND TPCDS.CATALOG_SALES.CS_ORDER_NUMBER = 123678"
6516,"SELECT TPCDS.CUSTOMER.C_CUSTOMER_SK , TPCDS.DATE_DIM2.D_MOY FROM TPCDS.CUSTOMER INNER JOIN TPCDS.DATE_DIM2 ON TPCDS.DATE_DIM2.D_DATE_SK = TPCDS.CUSTOMER.C_FIRST_SHIPTO_DATE_SK WHERE TPCDS.DATE_DIM2.D_DOW <= 4 AND TPCDS.DATE_DIM2.D_QOY >= 3"
6517,"SELECT TPCDS.PROMOTION.P_END_DATE_SK , TPCDS.DATE_DIM2.D_LAST_DOM FROM TPCDS.PROMOTION INNER JOIN TPCDS.DATE_DIM2 ON TPCDS.DATE_DIM2.D_DATE_SK = TPCDS.PROMOTION.P_END_DATE_SK WHERE TPCDS.PROMOTION.P_ITEM_SK >= 7039 AND TPCDS.PROMOTION.P_START_DATE_SK >= 2450745"
6518,"SELECT TPCDS.WEB_SITE.WEB_OPEN_DATE_SK , TPCDS.DATE_DIM2.D_FIRST_DOM FROM TPCDS.WEB_SITE INNER JOIN TPCDS.DATE_DIM2 ON TPCDS.DATE_DIM2.D_DATE_SK = TPCDS.WEB_SITE.WEB_CLOSE_DATE_SK WHERE TPCDS.DATE_DIM2.D_DOM <= 17 AND TPCDS.DATE_DIM2.D_FIRST_DOM >= 2438762"
6519,"SELECT TPCDS.STORE.S_DIVISION_ID , TPCDS.DATE_DIM2.D_FY_YEAR FROM TPCDS.STORE INNER JOIN TPCDS.DATE_DIM2 ON TPCDS.DATE_DIM2.D_DATE_SK = TPCDS.STORE.S_CLOSED_DATE_SK WHERE TPCDS.DATE_DIM2.D_QUARTER_SEQ <= 511 AND TPCDS.DATE_DIM2.D_QOY = 2"
6520,"SELECT TPCDS.PROMOTION.P_END_DATE_SK , TPCDS.DATE_DIM2.D_FIRST_DOM FROM TPCDS.PROMOTION INNER JOIN TPCDS.DATE_DIM2 ON TPCDS.DATE_DIM2.D_DATE_SK = TPCDS.PROMOTION.P_END_DATE_SK WHERE TPCDS.DATE_DIM2.D_FY_YEAR >= 1973 AND TPCDS.PROMOTION.P_END_DATE_SK <= 2450732"
6521,"SELECT TPCDS.CUSTOMER.C_FIRST_SALES_DATE_SK , TPCDS.DATE_DIM2.D_QUARTER_SEQ FROM TPCDS.CUSTOMER INNER JOIN TPCDS.DATE_DIM2 ON TPCDS.DATE_DIM2.D_DATE_SK = TPCDS.CUSTOMER.C_FIRST_SHIPTO_DATE_SK WHERE TPCDS.CUSTOMER.C_BIRTH_MONTH = 7 AND TPCDS.DATE_DIM2.D_QOY >= 4"
6522,"SELECT TPCDS.DATE_DIM2.D_FY_QUARTER_SEQ , TPCDS.CATALOG_SALES.CS_COUPON_AMT FROM TPCDS.DATE_DIM2 INNER JOIN TPCDS.CATALOG_SALES ON TPCDS.CATALOG_SALES.CS_SHIP_DATE_SK = TPCDS.DATE_DIM2.D_DATE_SK WHERE TPCDS.CATALOG_SALES.CS_SOLD_DATE_SK >= 2452228 AND TPCDS.CATALOG_SALES.CS_PROMO_SK = 186"
6523,"SELECT TPCDS.DATE_DIM2.D_WEEK_SEQ , TPCDS.WEB_SALES.WS_BILL_ADDR_SK FROM TPCDS.DATE_DIM2 INNER JOIN TPCDS.WEB_SALES ON TPCDS.WEB_SALES.WS_SHIP_DATE_SK = TPCDS.DATE_DIM2.D_DATE_SK WHERE TPCDS.WEB_SALES.WS_SOLD_DATE_SK = 2451895 AND TPCDS.WEB_SALES.WS_ITEM_SK >= 10438"
6524,"SELECT TPCDS.STORE.S_NUMBER_EMPLOYEES , TPCDS.DATE_DIM2.D_SAME_DAY_LQ FROM TPCDS.STORE INNER JOIN TPCDS.DATE_DIM2 ON TPCDS.DATE_DIM2.D_DATE_SK = TPCDS.STORE.S_CLOSED_DATE_SK WHERE TPCDS.DATE_DIM2.D_QOY >= 3 AND TPCDS.DATE_DIM2.D_MONTH_SEQ >= 765"
6525,"SELECT TPCDS.CATALOG_SALES.CS_SHIP_ADDR_SK , TPCDS.DATE_DIM2.D_DOM FROM TPCDS.CATALOG_SALES INNER JOIN TPCDS.DATE_DIM2 ON TPCDS.DATE_DIM2.D_DATE_SK = TPCDS.CATALOG_SALES.CS_SHIP_DATE_SK WHERE TPCDS.CATALOG_SALES.CS_WAREHOUSE_SK >= 4 AND TPCDS.CATALOG_SALES.CS_BILL_CDEMO_SK <= 1920437"
6526,"SELECT TPCDS.PROMOTION.P_END_DATE_SK , TPCDS.DATE_DIM2.D_SAME_DAY_LY FROM TPCDS.PROMOTION INNER JOIN TPCDS.DATE_DIM2 ON TPCDS.DATE_DIM2.D_DATE_SK = TPCDS.PROMOTION.P_END_DATE_SK WHERE TPCDS.PROMOTION.P_END_DATE_SK <= 2450236 AND TPCDS.DATE_DIM2.D_WEEK_SEQ <= 5619"
6527,"SELECT TPCDS.PROMOTION.P_END_DATE_SK , TPCDS.DATE_DIM2.D_DOM FROM TPCDS.PROMOTION INNER JOIN TPCDS.DATE_DIM2 ON TPCDS.DATE_DIM2.D_DATE_SK = TPCDS.PROMOTION.P_END_DATE_SK WHERE TPCDS.DATE_DIM2.D_YEAR <= 2099 AND TPCDS.PROMOTION.P_ITEM_SK = 2798"
6528,"SELECT TPCDS.STORE.S_NUMBER_EMPLOYEES , TPCDS.DATE_DIM2.D_DOW FROM TPCDS.STORE INNER JOIN TPCDS.DATE_DIM2 ON TPCDS.DATE_DIM2.D_DATE_SK = TPCDS.STORE.S_CLOSED_DATE_SK WHERE TPCDS.STORE.S_GMT_OFFSET = -005.00 AND TPCDS.DATE_DIM2.D_SAME_DAY_LY <= 2480693"
6529,"SELECT TPCDS.WEB_PAGE.WP_MAX_AD_COUNT , TPCDS.DATE_DIM2.D_WEEK_SEQ FROM TPCDS.WEB_PAGE INNER JOIN TPCDS.DATE_DIM2 ON TPCDS.DATE_DIM2.D_DATE_SK = TPCDS.WEB_PAGE.WP_ACCESS_DATE_SK WHERE TPCDS.WEB_PAGE.WP_CUSTOMER_SK >= 1898 AND TPCDS.WEB_PAGE.WP_ACCESS_DATE_SK >= 2452583"
6530,"SELECT TPCDS.WEB_SALES.WS_EXT_WHOLESALE_COST , TPCDS.DATE_DIM2.D_SAME_DAY_LQ FROM TPCDS.WEB_SALES INNER JOIN TPCDS.DATE_DIM2 ON TPCDS.DATE_DIM2.D_DATE_SK = TPCDS.WEB_SALES.WS_SHIP_DATE_SK WHERE TPCDS.WEB_SALES.WS_SOLD_DATE_SK >= 2451843 AND TPCDS.WEB_SALES.WS_EXT_WHOLESALE_COST <= +02340.80"
6531,"SELECT TPCDS.STORE.S_CLOSED_DATE_SK , TPCDS.DATE_DIM2.D_DATE_SK FROM TPCDS.STORE INNER JOIN TPCDS.DATE_DIM2 ON TPCDS.DATE_DIM2.D_DATE_SK = TPCDS.STORE.S_CLOSED_DATE_SK WHERE TPCDS.DATE_DIM2.D_QOY >= 3 AND TPCDS.DATE_DIM2.D_FY_WEEK_SEQ >= 1"
6532,"SELECT TPCDS.CATALOG_PAGE.CP_CATALOG_PAGE_SK , TPCDS.DATE_DIM2.D_FY_QUARTER_SEQ FROM TPCDS.CATALOG_PAGE INNER JOIN TPCDS.DATE_DIM2 ON TPCDS.DATE_DIM2.D_DATE_SK = TPCDS.CATALOG_PAGE.CP_END_DATE_SK WHERE TPCDS.CATALOG_PAGE.CP_CATALOG_PAGE_SK = 11718 AND TPCDS.CATALOG_PAGE.CP_START_DATE_SK >= 2452457"
6533,"SELECT TPCDS.PROMOTION.P_PROMO_SK , TPCDS.DATE_DIM2.D_MOY FROM TPCDS.PROMOTION INNER JOIN TPCDS.DATE_DIM2 ON TPCDS.DATE_DIM2.D_DATE_SK = TPCDS.PROMOTION.P_END_DATE_SK WHERE TPCDS.DATE_DIM2.D_QOY >= 3 AND TPCDS.PROMOTION.P_COST >= +0000000001000.00"
6534,"SELECT TPCDS.WEB_SALES.WS_NET_PAID , TPCDS.DATE_DIM2.D_SAME_DAY_LQ FROM TPCDS.WEB_SALES INNER JOIN TPCDS.DATE_DIM2 ON TPCDS.DATE_DIM2.D_DATE_SK = TPCDS.WEB_SALES.WS_SHIP_DATE_SK WHERE TPCDS.WEB_SALES.WS_WEB_SITE_SK >= 3 AND TPCDS.DATE_DIM2.D_DOM = 2"
6535,"SELECT TPCDS.PROMOTION.P_END_DATE_SK , TPCDS.DATE_DIM2.D_FY_QUARTER_SEQ FROM TPCDS.PROMOTION INNER JOIN TPCDS.DATE_DIM2 ON TPCDS.DATE_DIM2.D_DATE_SK = TPCDS.PROMOTION.P_END_DATE_SK WHERE TPCDS.DATE_DIM2.D_FY_QUARTER_SEQ <= 602 AND TPCDS.DATE_DIM2.D_FY_WEEK_SEQ <= 6714"
6536,"SELECT TPCDS.WEB_SITE.WEB_OPEN_DATE_SK , TPCDS.DATE_DIM2.D_FIRST_DOM FROM TPCDS.WEB_SITE INNER JOIN TPCDS.DATE_DIM2 ON TPCDS.DATE_DIM2.D_DATE_SK = TPCDS.WEB_SITE.WEB_CLOSE_DATE_SK WHERE TPCDS.DATE_DIM2.D_FY_QUARTER_SEQ <= 386 AND TPCDS.DATE_DIM2.D_YEAR <= 1996"
6537,"SELECT TPCDS.CATALOG_PAGE.CP_END_DATE_SK , TPCDS.DATE_DIM2.D_FY_QUARTER_SEQ FROM TPCDS.CATALOG_PAGE INNER JOIN TPCDS.DATE_DIM2 ON TPCDS.DATE_DIM2.D_DATE_SK = TPCDS.CATALOG_PAGE.CP_END_DATE_SK WHERE TPCDS.CATALOG_PAGE.CP_CATALOG_PAGE_SK >= 1243 AND TPCDS.DATE_DIM2.D_DOM >= 24"
6538,"SELECT TPCDS.CUSTOMER.C_CURRENT_ADDR_SK , TPCDS.DATE_DIM2.D_LAST_DOM FROM TPCDS.CUSTOMER INNER JOIN TPCDS.DATE_DIM2 ON TPCDS.DATE_DIM2.D_DATE_SK = TPCDS.CUSTOMER.C_FIRST_SHIPTO_DATE_SK WHERE TPCDS.CUSTOMER.C_CURRENT_ADDR_SK >= 28932 AND TPCDS.CUSTOMER.C_BIRTH_YEAR >= 1962"
6539,"SELECT TPCDS.WEB_SALES.WS_EXT_DISCOUNT_AMT , TPCDS.DATE_DIM2.D_LAST_DOM FROM TPCDS.WEB_SALES INNER JOIN TPCDS.DATE_DIM2 ON TPCDS.DATE_DIM2.D_DATE_SK = TPCDS.WEB_SALES.WS_SHIP_DATE_SK WHERE TPCDS.WEB_SALES.WS_SHIP_HDEMO_SK = 4463 AND TPCDS.WEB_SALES.WS_PROMO_SK >= 134"
6540,"SELECT TPCDS.WEB_PAGE.WP_CREATION_DATE_SK , TPCDS.DATE_DIM2.D_LAST_DOM FROM TPCDS.WEB_PAGE INNER JOIN TPCDS.DATE_DIM2 ON TPCDS.DATE_DIM2.D_DATE_SK = TPCDS.WEB_PAGE.WP_ACCESS_DATE_SK WHERE TPCDS.WEB_PAGE.WP_MAX_AD_COUNT <= 2 AND TPCDS.WEB_PAGE.WP_CUSTOMER_SK <= 98376"
6541,"SELECT TPCDS.WEB_SALES.WS_SOLD_DATE_SK , TPCDS.DATE_DIM2.D_DOM FROM TPCDS.WEB_SALES INNER JOIN TPCDS.DATE_DIM2 ON TPCDS.DATE_DIM2.D_DATE_SK = TPCDS.WEB_SALES.WS_SHIP_DATE_SK WHERE TPCDS.DATE_DIM2.D_FIRST_DOM <= 2458881 AND TPCDS.WEB_SALES.WS_PROMO_SK >= 49"
6542,"SELECT TPCDS.DATE_DIM2.D_QUARTER_SEQ , TPCDS.PROMOTION.P_END_DATE_SK FROM TPCDS.DATE_DIM2 INNER JOIN TPCDS.PROMOTION ON TPCDS.PROMOTION.P_END_DATE_SK = TPCDS.DATE_DIM2.D_DATE_SK WHERE TPCDS.DATE_DIM2.D_SAME_DAY_LQ >= 2434465 AND TPCDS.PROMOTION.P_START_DATE_SK = 2450100"
6543,"SELECT TPCDS.CUSTOMER.C_BIRTH_DAY , TPCDS.DATE_DIM2.D_SAME_DAY_LY FROM TPCDS.CUSTOMER INNER JOIN TPCDS.DATE_DIM2 ON TPCDS.DATE_DIM2.D_DATE_SK = TPCDS.CUSTOMER.C_FIRST_SHIPTO_DATE_SK WHERE TPCDS.CUSTOMER.C_CURRENT_ADDR_SK = 20702 AND TPCDS.CUSTOMER.C_BIRTH_DAY >= 12"
6544,"SELECT TPCDS.CUSTOMER.C_FIRST_SHIPTO_DATE_SK , TPCDS.DATE_DIM2.D_SAME_DAY_LQ FROM TPCDS.CUSTOMER INNER JOIN TPCDS.DATE_DIM2 ON TPCDS.DATE_DIM2.D_DATE_SK = TPCDS.CUSTOMER.C_FIRST_SHIPTO_DATE_SK WHERE TPCDS.CUSTOMER.C_CURRENT_HDEMO_SK = 3439 AND TPCDS.CUSTOMER.C_CURRENT_CDEMO_SK >= 107047"
6545,"SELECT TPCDS.CATALOG_PAGE.CP_END_DATE_SK , TPCDS.DATE_DIM2.D_DATE_SK FROM TPCDS.CATALOG_PAGE INNER JOIN TPCDS.DATE_DIM2 ON TPCDS.DATE_DIM2.D_DATE_SK = TPCDS.CATALOG_PAGE.CP_END_DATE_SK WHERE TPCDS.DATE_DIM2.D_LAST_DOM <= 2473396 AND TPCDS.CATALOG_PAGE.CP_CATALOG_PAGE_NUMBER >= 108"
6546,"SELECT TPCDS.WEB_SITE.WEB_COMPANY_ID , TPCDS.DATE_DIM2.D_DOM FROM TPCDS.WEB_SITE INNER JOIN TPCDS.DATE_DIM2 ON TPCDS.DATE_DIM2.D_DATE_SK = TPCDS.WEB_SITE.WEB_CLOSE_DATE_SK WHERE TPCDS.DATE_DIM2.D_LAST_DOM <= 2481252 AND TPCDS.WEB_SITE.WEB_SITE_SK <= 6"
6547,"SELECT TPCDS.CUSTOMER.C_BIRTH_MONTH , TPCDS.DATE_DIM2.D_FY_QUARTER_SEQ FROM TPCDS.CUSTOMER INNER JOIN TPCDS.DATE_DIM2 ON TPCDS.DATE_DIM2.D_DATE_SK = TPCDS.CUSTOMER.C_FIRST_SHIPTO_DATE_SK WHERE TPCDS.CUSTOMER.C_FIRST_SALES_DATE_SK >= 2450598 AND TPCDS.CUSTOMER.C_BIRTH_MONTH >= 2"
6548,"SELECT TPCDS.STORE.S_CLOSED_DATE_SK , TPCDS.DATE_DIM2.D_FY_QUARTER_SEQ FROM TPCDS.STORE INNER JOIN TPCDS.DATE_DIM2 ON TPCDS.DATE_DIM2.D_DATE_SK = TPCDS.STORE.S_CLOSED_DATE_SK WHERE TPCDS.DATE_DIM2.D_SAME_DAY_LQ >= 2446205 AND TPCDS.STORE.S_CLOSED_DATE_SK >= 2451189"
6549,"SELECT TPCDS.STORE.S_STORE_SK , TPCDS.DATE_DIM2.D_YEAR FROM TPCDS.STORE INNER JOIN TPCDS.DATE_DIM2 ON TPCDS.DATE_DIM2.D_DATE_SK = TPCDS.STORE.S_CLOSED_DATE_SK WHERE TPCDS.STORE.S_TAX_PRECENTAGE <= +000.08 AND TPCDS.STORE.S_NUMBER_EMPLOYEES <= 229"
6550,"SELECT TPCDS.STORE.S_NUMBER_EMPLOYEES , TPCDS.DATE_DIM2.D_YEAR FROM TPCDS.STORE INNER JOIN TPCDS.DATE_DIM2 ON TPCDS.DATE_DIM2.D_DATE_SK = TPCDS.STORE.S_CLOSED_DATE_SK WHERE TPCDS.DATE_DIM2.D_YEAR >= 1942 AND TPCDS.STORE.S_CLOSED_DATE_SK = 2450910"
6551,"SELECT TPCDS.PROMOTION.P_PROMO_SK , TPCDS.DATE_DIM2.D_MOY FROM TPCDS.PROMOTION INNER JOIN TPCDS.DATE_DIM2 ON TPCDS.DATE_DIM2.D_DATE_SK = TPCDS.PROMOTION.P_END_DATE_SK WHERE TPCDS.DATE_DIM2.D_SAME_DAY_LQ <= 2454258 AND TPCDS.DATE_DIM2.D_DOM = 28"
6552,"SELECT TPCDS.WEB_SITE.WEB_TAX_PERCENTAGE , TPCDS.DATE_DIM2.D_FY_QUARTER_SEQ FROM TPCDS.WEB_SITE INNER JOIN TPCDS.DATE_DIM2 ON TPCDS.DATE_DIM2.D_DATE_SK = TPCDS.WEB_SITE.WEB_CLOSE_DATE_SK WHERE TPCDS.DATE_DIM2.D_DATE_SK <= 2488070 AND TPCDS.WEB_SITE.WEB_OPEN_DATE_SK = 2450628"
6553,"SELECT TPCDS.WEB_SALES.WS_BILL_CDEMO_SK , TPCDS.DATE_DIM2.D_QUARTER_SEQ FROM TPCDS.WEB_SALES INNER JOIN TPCDS.DATE_DIM2 ON TPCDS.DATE_DIM2.D_DATE_SK = TPCDS.WEB_SALES.WS_SHIP_DATE_SK WHERE TPCDS.DATE_DIM2.D_FY_WEEK_SEQ <= 10433 AND TPCDS.WEB_SALES.WS_COUPON_AMT <= +02428.84"
6554,"SELECT TPCDS.CATALOG_SALES.CS_NET_PAID , TPCDS.DATE_DIM2.D_DOW FROM TPCDS.CATALOG_SALES INNER JOIN TPCDS.DATE_DIM2 ON TPCDS.DATE_DIM2.D_DATE_SK = TPCDS.CATALOG_SALES.CS_SHIP_DATE_SK WHERE TPCDS.DATE_DIM2.D_SAME_DAY_LY >= 2449824 AND TPCDS.CATALOG_SALES.CS_SALES_PRICE = +00062.89"
6555,"SELECT TPCDS.WEB_SALES.WS_NET_PAID_INC_SHIP , TPCDS.DATE_DIM2.D_DATE_SK FROM TPCDS.WEB_SALES INNER JOIN TPCDS.DATE_DIM2 ON TPCDS.DATE_DIM2.D_DATE_SK = TPCDS.WEB_SALES.WS_SHIP_DATE_SK WHERE TPCDS.DATE_DIM2.D_FY_YEAR >= 1933 AND TPCDS.DATE_DIM2.D_MOY >= 2"
6556,"SELECT TPCDS.WEB_PAGE.WP_CHAR_COUNT , TPCDS.DATE_DIM2.D_DATE_SK FROM TPCDS.WEB_PAGE INNER JOIN TPCDS.DATE_DIM2 ON TPCDS.DATE_DIM2.D_DATE_SK = TPCDS.WEB_PAGE.WP_ACCESS_DATE_SK WHERE TPCDS.DATE_DIM2.D_FY_WEEK_SEQ <= 8320 AND TPCDS.DATE_DIM2.D_MOY <= 10"
6557,"SELECT TPCDS.WEB_PAGE.WP_CREATION_DATE_SK , TPCDS.DATE_DIM2.D_QUARTER_SEQ FROM TPCDS.WEB_PAGE INNER JOIN TPCDS.DATE_DIM2 ON TPCDS.DATE_DIM2.D_DATE_SK = TPCDS.WEB_PAGE.WP_ACCESS_DATE_SK WHERE TPCDS.DATE_DIM2.D_MONTH_SEQ <= 1658 AND TPCDS.DATE_DIM2.D_DOM >= 19"
6558,"SELECT TPCDS.WEB_SALES.WS_SHIP_MODE_SK , TPCDS.DATE_DIM2.D_QUARTER_SEQ FROM TPCDS.WEB_SALES INNER JOIN TPCDS.DATE_DIM2 ON TPCDS.DATE_DIM2.D_DATE_SK = TPCDS.WEB_SALES.WS_SHIP_DATE_SK WHERE TPCDS.WEB_SALES.WS_BILL_CDEMO_SK = 905220 AND TPCDS.WEB_SALES.WS_ORDER_NUMBER <= 56331"
6559,"SELECT TPCDS.DATE_DIM2.D_DATE_SK , TPCDS.CATALOG_SALES.CS_EXT_SALES_PRICE FROM TPCDS.DATE_DIM2 INNER JOIN TPCDS.CATALOG_SALES ON TPCDS.CATALOG_SALES.CS_SHIP_DATE_SK = TPCDS.DATE_DIM2.D_DATE_SK WHERE TPCDS.DATE_DIM2.D_FY_YEAR >= 1912 AND TPCDS.CATALOG_SALES.CS_WAREHOUSE_SK <= 2"
6560,"SELECT TPCDS.CUSTOMER.C_FIRST_SALES_DATE_SK , TPCDS.DATE_DIM2.D_SAME_DAY_LY FROM TPCDS.CUSTOMER INNER JOIN TPCDS.DATE_DIM2 ON TPCDS.DATE_DIM2.D_DATE_SK = TPCDS.CUSTOMER.C_FIRST_SHIPTO_DATE_SK WHERE TPCDS.DATE_DIM2.D_WEEK_SEQ <= 10433 AND TPCDS.CUSTOMER.C_CURRENT_CDEMO_SK = 77579"
6561,"SELECT TPCDS.WEB_PAGE.WP_CREATION_DATE_SK , TPCDS.DATE_DIM2.D_FIRST_DOM FROM TPCDS.WEB_PAGE INNER JOIN TPCDS.DATE_DIM2 ON TPCDS.DATE_DIM2.D_DATE_SK = TPCDS.WEB_PAGE.WP_ACCESS_DATE_SK WHERE TPCDS.DATE_DIM2.D_LAST_DOM >= 2427073 AND TPCDS.DATE_DIM2.D_QOY >= 2"
6562,"SELECT TPCDS.CATALOG_SALES.CS_CATALOG_PAGE_SK , TPCDS.DATE_DIM2.D_MONTH_SEQ FROM TPCDS.CATALOG_SALES INNER JOIN TPCDS.DATE_DIM2 ON TPCDS.DATE_DIM2.D_DATE_SK = TPCDS.CATALOG_SALES.CS_SHIP_DATE_SK WHERE TPCDS.CATALOG_SALES.CS_WHOLESALE_COST >= +00003.63 AND TPCDS.DATE_DIM2.D_MONTH_SEQ <= 1866"
6563,"SELECT TPCDS.CUSTOMER.C_FIRST_SALES_DATE_SK , TPCDS.DATE_DIM2.D_YEAR FROM TPCDS.CUSTOMER INNER JOIN TPCDS.DATE_DIM2 ON TPCDS.DATE_DIM2.D_DATE_SK = TPCDS.CUSTOMER.C_FIRST_SHIPTO_DATE_SK WHERE TPCDS.CUSTOMER.C_BIRTH_DAY = 27 AND TPCDS.DATE_DIM2.D_FY_QUARTER_SEQ <= 763"
6564,"SELECT TPCDS.WEB_SALES.WS_NET_PAID , TPCDS.DATE_DIM2.D_MONTH_SEQ FROM TPCDS.WEB_SALES INNER JOIN TPCDS.DATE_DIM2 ON TPCDS.DATE_DIM2.D_DATE_SK = TPCDS.WEB_SALES.WS_SHIP_DATE_SK WHERE TPCDS.WEB_SALES.WS_EXT_WHOLESALE_COST <= +04507.08 AND TPCDS.WEB_SALES.WS_COUPON_AMT >= +04251.22"
6565,"SELECT TPCDS.CUSTOMER.C_CURRENT_HDEMO_SK , TPCDS.DATE_DIM2.D_MONTH_SEQ FROM TPCDS.CUSTOMER INNER JOIN TPCDS.DATE_DIM2 ON TPCDS.DATE_DIM2.D_DATE_SK = TPCDS.CUSTOMER.C_FIRST_SHIPTO_DATE_SK WHERE TPCDS.CUSTOMER.C_CURRENT_HDEMO_SK >= 1564 AND TPCDS.CUSTOMER.C_BIRTH_MONTH <= 9"
6566,"SELECT TPCDS.DATE_DIM2.D_WEEK_SEQ , TPCDS.WEB_PAGE.WP_CREATION_DATE_SK FROM TPCDS.DATE_DIM2 INNER JOIN TPCDS.WEB_PAGE ON TPCDS.WEB_PAGE.WP_ACCESS_DATE_SK = TPCDS.DATE_DIM2.D_DATE_SK WHERE TPCDS.DATE_DIM2.D_QUARTER_SEQ <= 520 AND TPCDS.WEB_PAGE.WP_ACCESS_DATE_SK = 2452574"
6567,"SELECT TPCDS.CATALOG_SALES.CS_EXT_DISCOUNT_AMT , TPCDS.DATE_DIM2.D_FY_YEAR FROM TPCDS.CATALOG_SALES INNER JOIN TPCDS.DATE_DIM2 ON TPCDS.DATE_DIM2.D_DATE_SK = TPCDS.CATALOG_SALES.CS_SHIP_DATE_SK WHERE TPCDS.DATE_DIM2.D_DOM >= 5 AND TPCDS.CATALOG_SALES.CS_NET_PAID <= +04729.76"
6568,"SELECT TPCDS.CATALOG_SALES.CS_SHIP_CDEMO_SK , TPCDS.DATE_DIM2.D_FY_WEEK_SEQ FROM TPCDS.CATALOG_SALES INNER JOIN TPCDS.DATE_DIM2 ON TPCDS.DATE_DIM2.D_DATE_SK = TPCDS.CATALOG_SALES.CS_SHIP_DATE_SK WHERE TPCDS.CATALOG_SALES.CS_SHIP_DATE_SK = 2451215 AND TPCDS.DATE_DIM2.D_WEEK_SEQ <= 6268"
6569,"SELECT TPCDS.CUSTOMER.C_BIRTH_DAY , TPCDS.DATE_DIM2.D_SAME_DAY_LQ FROM TPCDS.CUSTOMER INNER JOIN TPCDS.DATE_DIM2 ON TPCDS.DATE_DIM2.D_DATE_SK = TPCDS.CUSTOMER.C_FIRST_SHIPTO_DATE_SK WHERE TPCDS.DATE_DIM2.D_MOY <= 7 AND TPCDS.CUSTOMER.C_CURRENT_ADDR_SK <= 47397"
6570,"SELECT TPCDS.CATALOG_SALES.CS_ITEM_SK , TPCDS.DATE_DIM2.D_DOW FROM TPCDS.CATALOG_SALES INNER JOIN TPCDS.DATE_DIM2 ON TPCDS.DATE_DIM2.D_DATE_SK = TPCDS.CATALOG_SALES.CS_SHIP_DATE_SK WHERE TPCDS.DATE_DIM2.D_QOY = 3 AND TPCDS.CATALOG_SALES.CS_EXT_DISCOUNT_AMT >= +01493.94"
6571,"SELECT TPCDS.CATALOG_SALES.CS_EXT_LIST_PRICE , TPCDS.DATE_DIM2.D_FY_YEAR FROM TPCDS.CATALOG_SALES INNER JOIN TPCDS.DATE_DIM2 ON TPCDS.DATE_DIM2.D_DATE_SK = TPCDS.CATALOG_SALES.CS_SHIP_DATE_SK WHERE TPCDS.CATALOG_SALES.CS_BILL_ADDR_SK >= 7 AND TPCDS.CATALOG_SALES.CS_ORDER_NUMBER = 133947"
6572,"SELECT TPCDS.WEB_PAGE.WP_CREATION_DATE_SK , TPCDS.DATE_DIM2.D_DATE_SK FROM TPCDS.WEB_PAGE INNER JOIN TPCDS.DATE_DIM2 ON TPCDS.DATE_DIM2.D_DATE_SK = TPCDS.WEB_PAGE.WP_ACCESS_DATE_SK WHERE TPCDS.WEB_PAGE.WP_MAX_AD_COUNT = 4 AND TPCDS.DATE_DIM2.D_WEEK_SEQ >= 5296"
6573,"SELECT TPCDS.WEB_PAGE.WP_WEB_PAGE_SK , TPCDS.DATE_DIM2.D_MONTH_SEQ FROM TPCDS.WEB_PAGE INNER JOIN TPCDS.DATE_DIM2 ON TPCDS.DATE_DIM2.D_DATE_SK = TPCDS.WEB_PAGE.WP_ACCESS_DATE_SK WHERE TPCDS.DATE_DIM2.D_DATE_SK >= 2441934 AND TPCDS.WEB_PAGE.WP_MAX_AD_COUNT <= 2"
6574,"SELECT TPCDS.CATALOG_SALES.CS_SHIP_CDEMO_SK , TPCDS.DATE_DIM2.D_FY_WEEK_SEQ FROM TPCDS.CATALOG_SALES INNER JOIN TPCDS.DATE_DIM2 ON TPCDS.DATE_DIM2.D_DATE_SK = TPCDS.CATALOG_SALES.CS_SHIP_DATE_SK WHERE TPCDS.DATE_DIM2.D_SAME_DAY_LQ >= 2415147 AND TPCDS.CATALOG_SALES.CS_BILL_ADDR_SK = 26001"
6575,"SELECT TPCDS.WEB_SITE.WEB_CLOSE_DATE_SK , TPCDS.DATE_DIM2.D_MOY FROM TPCDS.WEB_SITE INNER JOIN TPCDS.DATE_DIM2 ON TPCDS.DATE_DIM2.D_DATE_SK = TPCDS.WEB_SITE.WEB_CLOSE_DATE_SK WHERE TPCDS.DATE_DIM2.D_DOW >= 3 AND TPCDS.DATE_DIM2.D_DOM >= 27"
6576,"SELECT TPCDS.WEB_SALES.WS_EXT_SHIP_COST , TPCDS.DATE_DIM2.D_MONTH_SEQ FROM TPCDS.WEB_SALES INNER JOIN TPCDS.DATE_DIM2 ON TPCDS.DATE_DIM2.D_DATE_SK = TPCDS.WEB_SALES.WS_SHIP_DATE_SK WHERE TPCDS.WEB_SALES.WS_EXT_SALES_PRICE >= +00474.60 AND TPCDS.WEB_SALES.WS_NET_PAID_INC_SHIP >= +01440.39"
6577,"SELECT TPCDS.STORE.S_TAX_PRECENTAGE , TPCDS.DATE_DIM2.D_FY_YEAR FROM TPCDS.STORE INNER JOIN TPCDS.DATE_DIM2 ON TPCDS.DATE_DIM2.D_DATE_SK = TPCDS.STORE.S_CLOSED_DATE_SK WHERE TPCDS.DATE_DIM2.D_WEEK_SEQ <= 8320 AND TPCDS.DATE_DIM2.D_FY_YEAR >= 1949"
6578,"SELECT TPCDS.STORE.S_MARKET_ID , TPCDS.DATE_DIM2.D_YEAR FROM TPCDS.STORE INNER JOIN TPCDS.DATE_DIM2 ON TPCDS.DATE_DIM2.D_DATE_SK = TPCDS.STORE.S_CLOSED_DATE_SK WHERE TPCDS.STORE.S_NUMBER_EMPLOYEES <= 245 AND TPCDS.STORE.S_COMPANY_ID >= 1"
6579,"SELECT TPCDS.DATE_DIM2.D_SAME_DAY_LQ , TPCDS.PROMOTION.P_PROMO_SK FROM TPCDS.DATE_DIM2 INNER JOIN TPCDS.PROMOTION ON TPCDS.PROMOTION.P_END_DATE_SK = TPCDS.DATE_DIM2.D_DATE_SK WHERE TPCDS.PROMOTION.P_PROMO_SK <= 20 AND TPCDS.DATE_DIM2.D_DATE_SK <= 2468847"
6580,"SELECT TPCDS.CUSTOMER.C_CURRENT_ADDR_SK , TPCDS.DATE_DIM2.D_LAST_DOM FROM TPCDS.CUSTOMER INNER JOIN TPCDS.DATE_DIM2 ON TPCDS.DATE_DIM2.D_DATE_SK = TPCDS.CUSTOMER.C_FIRST_SHIPTO_DATE_SK WHERE TPCDS.DATE_DIM2.D_SAME_DAY_LY <= 2476966 AND TPCDS.CUSTOMER.C_BIRTH_YEAR = 1965"
6581,"SELECT TPCDS.CATALOG_SALES.CS_QUANTITY , TPCDS.DATE_DIM2.D_QOY FROM TPCDS.CATALOG_SALES INNER JOIN TPCDS.DATE_DIM2 ON TPCDS.DATE_DIM2.D_DATE_SK = TPCDS.CATALOG_SALES.CS_SHIP_DATE_SK WHERE TPCDS.CATALOG_SALES.CS_WHOLESALE_COST >= +00019.25 AND TPCDS.CATALOG_SALES.CS_SHIP_ADDR_SK = 16948"
6582,"SELECT TPCDS.WEB_SITE.WEB_MKT_ID , TPCDS.DATE_DIM2.D_WEEK_SEQ FROM TPCDS.WEB_SITE INNER JOIN TPCDS.DATE_DIM2 ON TPCDS.DATE_DIM2.D_DATE_SK = TPCDS.WEB_SITE.WEB_CLOSE_DATE_SK WHERE TPCDS.DATE_DIM2.D_WEEK_SEQ <= 6714 AND TPCDS.WEB_SITE.WEB_OPEN_DATE_SK >= 2450730"
6583,"SELECT TPCDS.STORE.S_TAX_PRECENTAGE , TPCDS.DATE_DIM2.D_FY_WEEK_SEQ FROM TPCDS.STORE INNER JOIN TPCDS.DATE_DIM2 ON TPCDS.DATE_DIM2.D_DATE_SK = TPCDS.STORE.S_CLOSED_DATE_SK WHERE TPCDS.DATE_DIM2.D_QUARTER_SEQ <= 648 AND TPCDS.STORE.S_STORE_SK <= 6"
6584,"SELECT TPCDS.DATE_DIM2.D_MOY , TPCDS.CATALOG_SALES.CS_SOLD_DATE_SK FROM TPCDS.DATE_DIM2 INNER JOIN TPCDS.CATALOG_SALES ON TPCDS.CATALOG_SALES.CS_SHIP_DATE_SK = TPCDS.DATE_DIM2.D_DATE_SK WHERE TPCDS.DATE_DIM2.D_DOM <= 28 AND TPCDS.CATALOG_SALES.CS_BILL_CDEMO_SK = 920805"
6585,"SELECT TPCDS.STORE.S_CLOSED_DATE_SK , TPCDS.DATE_DIM2.D_DOM FROM TPCDS.STORE INNER JOIN TPCDS.DATE_DIM2 ON TPCDS.DATE_DIM2.D_DATE_SK = TPCDS.STORE.S_CLOSED_DATE_SK WHERE TPCDS.STORE.S_COMPANY_ID <= 1 AND TPCDS.STORE.S_CLOSED_DATE_SK = 2450910"
6586,"SELECT TPCDS.STORE.S_TAX_PRECENTAGE , TPCDS.DATE_DIM2.D_SAME_DAY_LQ FROM TPCDS.STORE INNER JOIN TPCDS.DATE_DIM2 ON TPCDS.DATE_DIM2.D_DATE_SK = TPCDS.STORE.S_CLOSED_DATE_SK WHERE TPCDS.DATE_DIM2.D_DOW = 0 AND TPCDS.STORE.S_CLOSED_DATE_SK <= 2451189"
6587,"SELECT TPCDS.PROMOTION.P_RESPONSE_TARGET , TPCDS.DATE_DIM2.D_MOY FROM TPCDS.PROMOTION INNER JOIN TPCDS.DATE_DIM2 ON TPCDS.DATE_DIM2.D_DATE_SK = TPCDS.PROMOTION.P_END_DATE_SK WHERE TPCDS.PROMOTION.P_PROMO_SK >= 296 AND TPCDS.DATE_DIM2.D_DOM >= 4"
6588,"SELECT TPCDS.WEB_SITE.WEB_SITE_SK , TPCDS.DATE_DIM2.D_WEEK_SEQ FROM TPCDS.WEB_SITE INNER JOIN TPCDS.DATE_DIM2 ON TPCDS.DATE_DIM2.D_DATE_SK = TPCDS.WEB_SITE.WEB_CLOSE_DATE_SK WHERE TPCDS.WEB_SITE.WEB_GMT_OFFSET = -005.00 AND TPCDS.WEB_SITE.WEB_MKT_ID >= 6"
6589,"SELECT TPCDS.DATE_DIM2.D_FY_WEEK_SEQ , TPCDS.WEB_SALES.WS_NET_PAID_INC_SHIP FROM TPCDS.DATE_DIM2 INNER JOIN TPCDS.WEB_SALES ON TPCDS.WEB_SALES.WS_SHIP_DATE_SK = TPCDS.DATE_DIM2.D_DATE_SK WHERE TPCDS.WEB_SALES.WS_SHIP_ADDR_SK <= 28887 AND TPCDS.WEB_SALES.WS_NET_PROFIT >= +00227.08"
6590,"SELECT TPCDS.DATE_DIM2.D_DATE_SK , TPCDS.CATALOG_SALES.CS_PROMO_SK FROM TPCDS.DATE_DIM2 INNER JOIN TPCDS.CATALOG_SALES ON TPCDS.CATALOG_SALES.CS_SHIP_DATE_SK = TPCDS.DATE_DIM2.D_DATE_SK WHERE TPCDS.CATALOG_SALES.CS_BILL_CUSTOMER_SK >= 36865 AND TPCDS.CATALOG_SALES.CS_NET_PROFIT >= -00694.44"
6591,"SELECT TPCDS.WEB_SITE.WEB_MKT_ID , TPCDS.DATE_DIM2.D_LAST_DOM FROM TPCDS.WEB_SITE INNER JOIN TPCDS.DATE_DIM2 ON TPCDS.DATE_DIM2.D_DATE_SK = TPCDS.WEB_SITE.WEB_CLOSE_DATE_SK WHERE TPCDS.WEB_SITE.WEB_SITE_SK <= 22 AND TPCDS.DATE_DIM2.D_MOY >= 2"
6592,"SELECT TPCDS.PROMOTION.P_START_DATE_SK , TPCDS.DATE_DIM2.D_SAME_DAY_LY FROM TPCDS.PROMOTION INNER JOIN TPCDS.DATE_DIM2 ON TPCDS.DATE_DIM2.D_DATE_SK = TPCDS.PROMOTION.P_END_DATE_SK WHERE TPCDS.PROMOTION.P_COST <= +0000000001000.00 AND TPCDS.PROMOTION.P_ITEM_SK = 10982"
6593,"SELECT TPCDS.PROMOTION.P_RESPONSE_TARGET , TPCDS.DATE_DIM2.D_FY_QUARTER_SEQ FROM TPCDS.PROMOTION INNER JOIN TPCDS.DATE_DIM2 ON TPCDS.DATE_DIM2.D_DATE_SK = TPCDS.PROMOTION.P_END_DATE_SK WHERE TPCDS.PROMOTION.P_PROMO_SK <= 276 AND TPCDS.DATE_DIM2.D_FY_QUARTER_SEQ <= 620"
6594,"SELECT TPCDS.PROMOTION.P_RESPONSE_TARGET , TPCDS.DATE_DIM2.D_WEEK_SEQ FROM TPCDS.PROMOTION INNER JOIN TPCDS.DATE_DIM2 ON TPCDS.DATE_DIM2.D_DATE_SK = TPCDS.PROMOTION.P_END_DATE_SK WHERE TPCDS.DATE_DIM2.D_MOY = 3 AND TPCDS.DATE_DIM2.D_DOW = 3"
6595,"SELECT TPCDS.CATALOG_SALES.CS_CATALOG_PAGE_SK , TPCDS.DATE_DIM2.D_YEAR FROM TPCDS.CATALOG_SALES INNER JOIN TPCDS.DATE_DIM2 ON TPCDS.DATE_DIM2.D_DATE_SK = TPCDS.CATALOG_SALES.CS_SHIP_DATE_SK WHERE TPCDS.CATALOG_SALES.CS_CALL_CENTER_SK <= 3 AND TPCDS.DATE_DIM2.D_SAME_DAY_LQ <= 2458803"
6596,"SELECT TPCDS.CUSTOMER.C_CUSTOMER_SK , TPCDS.DATE_DIM2.D_DATE_SK FROM TPCDS.CUSTOMER INNER JOIN TPCDS.DATE_DIM2 ON TPCDS.DATE_DIM2.D_DATE_SK = TPCDS.CUSTOMER.C_FIRST_SHIPTO_DATE_SK WHERE TPCDS.CUSTOMER.C_BIRTH_MONTH <= 10 AND TPCDS.DATE_DIM2.D_WEEK_SEQ <= 6771"
6597,"SELECT TPCDS.WEB_SITE.WEB_GMT_OFFSET , TPCDS.DATE_DIM2.D_FY_QUARTER_SEQ FROM TPCDS.WEB_SITE INNER JOIN TPCDS.DATE_DIM2 ON TPCDS.DATE_DIM2.D_DATE_SK = TPCDS.WEB_SITE.WEB_CLOSE_DATE_SK WHERE TPCDS.DATE_DIM2.D_QOY >= 1 AND TPCDS.WEB_SITE.WEB_SITE_SK <= 3"
6598,"SELECT TPCDS.STORE.S_GMT_OFFSET , TPCDS.DATE_DIM2.D_QUARTER_SEQ FROM TPCDS.STORE INNER JOIN TPCDS.DATE_DIM2 ON TPCDS.DATE_DIM2.D_DATE_SK = TPCDS.STORE.S_CLOSED_DATE_SK WHERE TPCDS.STORE.S_TAX_PRECENTAGE = +000.03 AND TPCDS.DATE_DIM2.D_FY_YEAR <= 2050"
6599,"SELECT TPCDS.WEB_SALES.WS_EXT_SHIP_COST , TPCDS.DATE_DIM2.D_SAME_DAY_LQ FROM TPCDS.WEB_SALES INNER JOIN TPCDS.DATE_DIM2 ON TPCDS.DATE_DIM2.D_DATE_SK = TPCDS.WEB_SALES.WS_SHIP_DATE_SK WHERE TPCDS.WEB_SALES.WS_SHIP_ADDR_SK = 20803 AND TPCDS.WEB_SALES.WS_BILL_CDEMO_SK <= 1129622"
6600,"SELECT TPCDS.DATE_DIM2.D_FIRST_DOM , TPCDS.WEB_SALES.WS_WAREHOUSE_SK FROM TPCDS.DATE_DIM2 INNER JOIN TPCDS.WEB_SALES ON TPCDS.WEB_SALES.WS_SHIP_DATE_SK = TPCDS.DATE_DIM2.D_DATE_SK WHERE TPCDS.DATE_DIM2.D_LAST_DOM <= 2462199 AND TPCDS.WEB_SALES.WS_EXT_TAX <= +00032.89"
6601,"SELECT TPCDS.CUSTOMER.C_BIRTH_DAY , TPCDS.DATE_DIM2.D_DATE_SK FROM TPCDS.CUSTOMER INNER JOIN TPCDS.DATE_DIM2 ON TPCDS.DATE_DIM2.D_DATE_SK = TPCDS.CUSTOMER.C_FIRST_SHIPTO_DATE_SK WHERE TPCDS.DATE_DIM2.D_MOY = 6 AND TPCDS.DATE_DIM2.D_LAST_DOM >= 2438454"
6602,"SELECT TPCDS.DATE_DIM2.D_FY_YEAR , TPCDS.WEB_SALES.WS_WEB_SITE_SK FROM TPCDS.DATE_DIM2 INNER JOIN TPCDS.WEB_SALES ON TPCDS.WEB_SALES.WS_SHIP_DATE_SK = TPCDS.DATE_DIM2.D_DATE_SK WHERE TPCDS.WEB_SALES.WS_EXT_DISCOUNT_AMT >= +00036.96 AND TPCDS.WEB_SALES.WS_WAREHOUSE_SK = 1"
6603,"SELECT TPCDS.CATALOG_SALES.CS_SHIP_MODE_SK , TPCDS.DATE_DIM2.D_QOY FROM TPCDS.CATALOG_SALES INNER JOIN TPCDS.DATE_DIM2 ON TPCDS.DATE_DIM2.D_DATE_SK = TPCDS.CATALOG_SALES.CS_SHIP_DATE_SK WHERE TPCDS.CATALOG_SALES.CS_EXT_SHIP_COST >= +00610.54 AND TPCDS.CATALOG_SALES.CS_NET_PAID = +01021.68"
6604,"SELECT TPCDS.WEB_SALES.WS_SHIP_CUSTOMER_SK , TPCDS.DATE_DIM2.D_MONTH_SEQ FROM TPCDS.WEB_SALES INNER JOIN TPCDS.DATE_DIM2 ON TPCDS.DATE_DIM2.D_DATE_SK = TPCDS.WEB_SALES.WS_SHIP_DATE_SK WHERE TPCDS.WEB_SALES.WS_WEB_PAGE_SK >= 12 AND TPCDS.WEB_SALES.WS_SOLD_DATE_SK >= 2452272"
6605,"SELECT TPCDS.STORE.S_MARKET_ID , TPCDS.DATE_DIM2.D_SAME_DAY_LQ FROM TPCDS.STORE INNER JOIN TPCDS.DATE_DIM2 ON TPCDS.DATE_DIM2.D_DATE_SK = TPCDS.STORE.S_CLOSED_DATE_SK WHERE TPCDS.DATE_DIM2.D_FIRST_DOM <= 2471147 AND TPCDS.DATE_DIM2.D_MOY = 1"
6606,"SELECT TPCDS.WEB_PAGE.WP_LINK_COUNT , TPCDS.DATE_DIM2.D_DOW FROM TPCDS.WEB_PAGE INNER JOIN TPCDS.DATE_DIM2 ON TPCDS.DATE_DIM2.D_DATE_SK = TPCDS.WEB_PAGE.WP_ACCESS_DATE_SK WHERE TPCDS.WEB_PAGE.WP_LINK_COUNT >= 12 AND TPCDS.WEB_PAGE.WP_CUSTOMER_SK = 98633"
6607,"SELECT TPCDS.CATALOG_SALES.CS_NET_PAID_INC_SHIP_TAX , TPCDS.DATE_DIM2.D_DOW FROM TPCDS.CATALOG_SALES INNER JOIN TPCDS.DATE_DIM2 ON TPCDS.DATE_DIM2.D_DATE_SK = TPCDS.CATALOG_SALES.CS_SHIP_DATE_SK WHERE TPCDS.CATALOG_SALES.CS_BILL_HDEMO_SK = 1979 AND TPCDS.DATE_DIM2.D_FY_YEAR <= 2050"
6608,"SELECT TPCDS.CUSTOMER.C_BIRTH_YEAR , TPCDS.DATE_DIM2.D_FY_YEAR FROM TPCDS.CUSTOMER INNER JOIN TPCDS.DATE_DIM2 ON TPCDS.DATE_DIM2.D_DATE_SK = TPCDS.CUSTOMER.C_FIRST_SHIPTO_DATE_SK WHERE TPCDS.DATE_DIM2.D_DATE_SK >= 2434244 AND TPCDS.CUSTOMER.C_BIRTH_MONTH >= 12"
6609,"SELECT TPCDS.DATE_DIM2.D_SAME_DAY_LY , TPCDS.PROMOTION.P_ITEM_SK FROM TPCDS.DATE_DIM2 INNER JOIN TPCDS.PROMOTION ON TPCDS.PROMOTION.P_END_DATE_SK = TPCDS.DATE_DIM2.D_DATE_SK WHERE TPCDS.DATE_DIM2.D_QOY <= 2 AND TPCDS.PROMOTION.P_RESPONSE_TARGET >= 1"
6610,"SELECT TPCDS.WEB_SITE.WEB_OPEN_DATE_SK , TPCDS.DATE_DIM2.D_QUARTER_SEQ FROM TPCDS.WEB_SITE INNER JOIN TPCDS.DATE_DIM2 ON TPCDS.DATE_DIM2.D_DATE_SK = TPCDS.WEB_SITE.WEB_CLOSE_DATE_SK WHERE TPCDS.WEB_SITE.WEB_CLOSE_DATE_SK = 2447148 AND TPCDS.WEB_SITE.WEB_GMT_OFFSET <= -005.00"
6611,"SELECT TPCDS.DATE_DIM2.D_DOM , TPCDS.PROMOTION.P_RESPONSE_TARGET FROM TPCDS.DATE_DIM2 INNER JOIN TPCDS.PROMOTION ON TPCDS.PROMOTION.P_END_DATE_SK = TPCDS.DATE_DIM2.D_DATE_SK WHERE TPCDS.PROMOTION.P_START_DATE_SK <= 2450512 AND TPCDS.DATE_DIM2.D_QUARTER_SEQ <= 554"
6612,"SELECT TPCDS.STORE.S_STORE_SK , TPCDS.DATE_DIM2.D_MONTH_SEQ FROM TPCDS.STORE INNER JOIN TPCDS.DATE_DIM2 ON TPCDS.DATE_DIM2.D_DATE_SK = TPCDS.STORE.S_CLOSED_DATE_SK WHERE TPCDS.STORE.S_CLOSED_DATE_SK <= 2450910 AND TPCDS.DATE_DIM2.D_DOW = 1"
6613,"SELECT TPCDS.CUSTOMER.C_CURRENT_HDEMO_SK , TPCDS.DATE_DIM2.D_YEAR FROM TPCDS.CUSTOMER INNER JOIN TPCDS.DATE_DIM2 ON TPCDS.DATE_DIM2.D_DATE_SK = TPCDS.CUSTOMER.C_FIRST_SHIPTO_DATE_SK WHERE TPCDS.DATE_DIM2.D_SAME_DAY_LQ >= 2434465 AND TPCDS.DATE_DIM2.D_MOY = 1"
6614,"SELECT TPCDS.STORE.S_STORE_SK , TPCDS.DATE_DIM2.D_FY_YEAR FROM TPCDS.STORE INNER JOIN TPCDS.DATE_DIM2 ON TPCDS.DATE_DIM2.D_DATE_SK = TPCDS.STORE.S_CLOSED_DATE_SK WHERE TPCDS.STORE.S_CLOSED_DATE_SK = 2450910 AND TPCDS.DATE_DIM2.D_QOY <= 4"
6615,"SELECT TPCDS.WEB_SALES.WS_ITEM_SK , TPCDS.DATE_DIM2.D_MONTH_SEQ FROM TPCDS.WEB_SALES INNER JOIN TPCDS.DATE_DIM2 ON TPCDS.DATE_DIM2.D_DATE_SK = TPCDS.WEB_SALES.WS_SHIP_DATE_SK WHERE TPCDS.WEB_SALES.WS_SHIP_ADDR_SK <= 41721 AND TPCDS.DATE_DIM2.D_MOY <= 5"
6616,"SELECT TPCDS.PROMOTION.P_RESPONSE_TARGET , TPCDS.DATE_DIM2.D_FIRST_DOM FROM TPCDS.PROMOTION INNER JOIN TPCDS.DATE_DIM2 ON TPCDS.DATE_DIM2.D_DATE_SK = TPCDS.PROMOTION.P_END_DATE_SK WHERE TPCDS.DATE_DIM2.D_FY_QUARTER_SEQ <= 520 AND TPCDS.DATE_DIM2.D_MOY <= 2"
6617,"SELECT TPCDS.WEB_SALES.WS_BILL_HDEMO_SK , TPCDS.DATE_DIM2.D_DOM FROM TPCDS.WEB_SALES INNER JOIN TPCDS.DATE_DIM2 ON TPCDS.DATE_DIM2.D_DATE_SK = TPCDS.WEB_SALES.WS_SHIP_DATE_SK WHERE TPCDS.DATE_DIM2.D_MOY <= 5 AND TPCDS.DATE_DIM2.D_SAME_DAY_LQ <= 2484559"
6618,"SELECT TPCDS.DATE_DIM2.D_LAST_DOM , TPCDS.STORE.S_NUMBER_EMPLOYEES FROM TPCDS.DATE_DIM2 INNER JOIN TPCDS.STORE ON TPCDS.STORE.S_CLOSED_DATE_SK = TPCDS.DATE_DIM2.D_DATE_SK WHERE TPCDS.STORE.S_GMT_OFFSET <= -005.00 AND TPCDS.DATE_DIM2.D_FY_YEAR >= 1942"
6619,"SELECT TPCDS.CATALOG_SALES.CS_NET_PAID , TPCDS.DATE_DIM2.D_YEAR FROM TPCDS.CATALOG_SALES INNER JOIN TPCDS.DATE_DIM2 ON TPCDS.DATE_DIM2.D_DATE_SK = TPCDS.CATALOG_SALES.CS_SHIP_DATE_SK WHERE TPCDS.CATALOG_SALES.CS_WHOLESALE_COST <= +00040.73 AND TPCDS.CATALOG_SALES.CS_QUANTITY = 48"
6620,"SELECT TPCDS.STORE.S_STORE_SK , TPCDS.DATE_DIM2.D_QUARTER_SEQ FROM TPCDS.STORE INNER JOIN TPCDS.DATE_DIM2 ON TPCDS.DATE_DIM2.D_DATE_SK = TPCDS.STORE.S_CLOSED_DATE_SK WHERE TPCDS.DATE_DIM2.D_LAST_DOM >= 2450265 AND TPCDS.STORE.S_DIVISION_ID <= 1"
6621,"SELECT TPCDS.PROMOTION.P_COST , TPCDS.DATE_DIM2.D_FY_QUARTER_SEQ FROM TPCDS.PROMOTION INNER JOIN TPCDS.DATE_DIM2 ON TPCDS.DATE_DIM2.D_DATE_SK = TPCDS.PROMOTION.P_END_DATE_SK WHERE TPCDS.DATE_DIM2.D_QOY <= 1 AND TPCDS.DATE_DIM2.D_YEAR = 1996"
6622,"SELECT TPCDS.PROMOTION.P_ITEM_SK , TPCDS.DATE_DIM2.D_SAME_DAY_LQ FROM TPCDS.PROMOTION INNER JOIN TPCDS.DATE_DIM2 ON TPCDS.DATE_DIM2.D_DATE_SK = TPCDS.PROMOTION.P_END_DATE_SK WHERE TPCDS.DATE_DIM2.D_FY_QUARTER_SEQ <= 639 AND TPCDS.DATE_DIM2.D_LAST_DOM >= 2415020"
6623,"SELECT TPCDS.WEB_SITE.WEB_GMT_OFFSET , TPCDS.DATE_DIM2.D_LAST_DOM FROM TPCDS.WEB_SITE INNER JOIN TPCDS.DATE_DIM2 ON TPCDS.DATE_DIM2.D_DATE_SK = TPCDS.WEB_SITE.WEB_CLOSE_DATE_SK WHERE TPCDS.WEB_SITE.WEB_MKT_ID = 3 AND TPCDS.WEB_SITE.WEB_SITE_SK <= 19"
6624,"SELECT TPCDS.WEB_PAGE.WP_MAX_AD_COUNT , TPCDS.DATE_DIM2.D_FY_WEEK_SEQ FROM TPCDS.WEB_PAGE INNER JOIN TPCDS.DATE_DIM2 ON TPCDS.DATE_DIM2.D_DATE_SK = TPCDS.WEB_PAGE.WP_ACCESS_DATE_SK WHERE TPCDS.DATE_DIM2.D_FY_QUARTER_SEQ >= 215 AND TPCDS.DATE_DIM2.D_QOY <= 1"
6625,"SELECT TPCDS.CUSTOMER.C_CURRENT_ADDR_SK , TPCDS.DATE_DIM2.D_FY_QUARTER_SEQ FROM TPCDS.CUSTOMER INNER JOIN TPCDS.DATE_DIM2 ON TPCDS.DATE_DIM2.D_DATE_SK = TPCDS.CUSTOMER.C_FIRST_SHIPTO_DATE_SK WHERE TPCDS.DATE_DIM2.D_DOM <= 7 AND TPCDS.CUSTOMER.C_BIRTH_YEAR >= 1934"
6626,"SELECT TPCDS.WEB_SITE.WEB_MKT_ID , TPCDS.DATE_DIM2.D_FY_QUARTER_SEQ FROM TPCDS.WEB_SITE INNER JOIN TPCDS.DATE_DIM2 ON TPCDS.DATE_DIM2.D_DATE_SK = TPCDS.WEB_SITE.WEB_CLOSE_DATE_SK WHERE TPCDS.DATE_DIM2.D_SAME_DAY_LQ >= 2414986 AND TPCDS.WEB_SITE.WEB_MKT_ID <= 2"
6627,"SELECT TPCDS.WEB_SALES.WS_ORDER_NUMBER , TPCDS.DATE_DIM2.D_MONTH_SEQ FROM TPCDS.WEB_SALES INNER JOIN TPCDS.DATE_DIM2 ON TPCDS.DATE_DIM2.D_DATE_SK = TPCDS.WEB_SALES.WS_SHIP_DATE_SK WHERE TPCDS.DATE_DIM2.D_QOY <= 3 AND TPCDS.DATE_DIM2.D_FIRST_DOM >= 2438762"
6628,"SELECT TPCDS.WEB_SALES.WS_QUANTITY , TPCDS.DATE_DIM2.D_QOY FROM TPCDS.WEB_SALES INNER JOIN TPCDS.DATE_DIM2 ON TPCDS.DATE_DIM2.D_DATE_SK = TPCDS.WEB_SALES.WS_SHIP_DATE_SK WHERE TPCDS.WEB_SALES.WS_BILL_CDEMO_SK <= 308559 AND TPCDS.WEB_SALES.WS_BILL_CUSTOMER_SK <= 27042"
6629,"SELECT TPCDS.WEB_PAGE.WP_CHAR_COUNT , TPCDS.DATE_DIM2.D_DOM FROM TPCDS.WEB_PAGE INNER JOIN TPCDS.DATE_DIM2 ON TPCDS.DATE_DIM2.D_DATE_SK = TPCDS.WEB_PAGE.WP_ACCESS_DATE_SK WHERE TPCDS.WEB_PAGE.WP_LINK_COUNT <= 24 AND TPCDS.WEB_PAGE.WP_IMAGE_COUNT = 4"
6630,"SELECT TPCDS.WEB_SALES.WS_SOLD_DATE_SK , TPCDS.DATE_DIM2.D_SAME_DAY_LY FROM TPCDS.WEB_SALES INNER JOIN TPCDS.DATE_DIM2 ON TPCDS.DATE_DIM2.D_DATE_SK = TPCDS.WEB_SALES.WS_SHIP_DATE_SK WHERE TPCDS.WEB_SALES.WS_NET_PAID_INC_TAX = +00183.48 AND TPCDS.DATE_DIM2.D_WEEK_SEQ >= 2791"
6631,"SELECT TPCDS.CATALOG_PAGE.CP_START_DATE_SK , TPCDS.DATE_DIM2.D_DATE_SK FROM TPCDS.CATALOG_PAGE INNER JOIN TPCDS.DATE_DIM2 ON TPCDS.DATE_DIM2.D_DATE_SK = TPCDS.CATALOG_PAGE.CP_END_DATE_SK WHERE TPCDS.CATALOG_PAGE.CP_CATALOG_PAGE_NUMBER <= 28 AND TPCDS.DATE_DIM2.D_QOY <= 4"
6632,"SELECT TPCDS.CUSTOMER.C_BIRTH_MONTH , TPCDS.DATE_DIM2.D_SAME_DAY_LQ FROM TPCDS.CUSTOMER INNER JOIN TPCDS.DATE_DIM2 ON TPCDS.DATE_DIM2.D_DATE_SK = TPCDS.CUSTOMER.C_FIRST_SHIPTO_DATE_SK WHERE TPCDS.CUSTOMER.C_CURRENT_CDEMO_SK <= 418563 AND TPCDS.CUSTOMER.C_BIRTH_YEAR = 1970"
6633,"SELECT TPCDS.WEB_PAGE.WP_IMAGE_COUNT , TPCDS.DATE_DIM2.D_SAME_DAY_LY FROM TPCDS.WEB_PAGE INNER JOIN TPCDS.DATE_DIM2 ON TPCDS.DATE_DIM2.D_DATE_SK = TPCDS.WEB_PAGE.WP_ACCESS_DATE_SK WHERE TPCDS.DATE_DIM2.D_MONTH_SEQ >= 1135 AND TPCDS.DATE_DIM2.D_DOM <= 6"
6634,"SELECT TPCDS.CATALOG_SALES.CS_QUANTITY , TPCDS.DATE_DIM2.D_WEEK_SEQ FROM TPCDS.CATALOG_SALES INNER JOIN TPCDS.DATE_DIM2 ON TPCDS.DATE_DIM2.D_DATE_SK = TPCDS.CATALOG_SALES.CS_SHIP_DATE_SK WHERE TPCDS.CATALOG_SALES.CS_BILL_ADDR_SK = 5105 AND TPCDS.CATALOG_SALES.CS_BILL_HDEMO_SK >= 6473"
6635,"SELECT TPCDS.WEB_SALES.WS_COUPON_AMT , TPCDS.DATE_DIM2.D_YEAR FROM TPCDS.WEB_SALES INNER JOIN TPCDS.DATE_DIM2 ON TPCDS.DATE_DIM2.D_DATE_SK = TPCDS.WEB_SALES.WS_SHIP_DATE_SK WHERE TPCDS.WEB_SALES.WS_EXT_LIST_PRICE >= +26399.24 AND TPCDS.WEB_SALES.WS_SHIP_CUSTOMER_SK <= 8174"
6636,"SELECT TPCDS.WEB_SALES.WS_LIST_PRICE , TPCDS.DATE_DIM2.D_DOM FROM TPCDS.WEB_SALES INNER JOIN TPCDS.DATE_DIM2 ON TPCDS.DATE_DIM2.D_DATE_SK = TPCDS.WEB_SALES.WS_SHIP_DATE_SK WHERE TPCDS.WEB_SALES.WS_SHIP_MODE_SK = 6 AND TPCDS.WEB_SALES.WS_WEB_SITE_SK >= 19"
6637,"SELECT TPCDS.WEB_SALES.WS_SOLD_TIME_SK , TPCDS.DATE_DIM2.D_QUARTER_SEQ FROM TPCDS.WEB_SALES INNER JOIN TPCDS.DATE_DIM2 ON TPCDS.DATE_DIM2.D_DATE_SK = TPCDS.WEB_SALES.WS_SHIP_DATE_SK WHERE TPCDS.WEB_SALES.WS_WHOLESALE_COST >= +00058.14 AND TPCDS.DATE_DIM2.D_DOW = 5"
6638,"SELECT TPCDS.PROMOTION.P_START_DATE_SK , TPCDS.DATE_DIM2.D_DATE_SK FROM TPCDS.PROMOTION INNER JOIN TPCDS.DATE_DIM2 ON TPCDS.DATE_DIM2.D_DATE_SK = TPCDS.PROMOTION.P_END_DATE_SK WHERE TPCDS.DATE_DIM2.D_SAME_DAY_LY <= 2458530 AND TPCDS.PROMOTION.P_END_DATE_SK >= 2450236"
6639,"SELECT TPCDS.STORE.S_FLOOR_SPACE , TPCDS.DATE_DIM2.D_LAST_DOM FROM TPCDS.STORE INNER JOIN TPCDS.DATE_DIM2 ON TPCDS.DATE_DIM2.D_DATE_SK = TPCDS.STORE.S_CLOSED_DATE_SK WHERE TPCDS.DATE_DIM2.D_DOW >= 1 AND TPCDS.STORE.S_FLOOR_SPACE = 9341467"
6640,"SELECT TPCDS.WEB_PAGE.WP_CREATION_DATE_SK , TPCDS.DATE_DIM2.D_LAST_DOM FROM TPCDS.WEB_PAGE INNER JOIN TPCDS.DATE_DIM2 ON TPCDS.DATE_DIM2.D_DATE_SK = TPCDS.WEB_PAGE.WP_ACCESS_DATE_SK WHERE TPCDS.WEB_PAGE.WP_IMAGE_COUNT = 2 AND TPCDS.DATE_DIM2.D_LAST_DOM >= 2427073"
6641,"SELECT TPCDS.WEB_SALES.WS_EXT_WHOLESALE_COST , TPCDS.DATE_DIM2.D_YEAR FROM TPCDS.WEB_SALES INNER JOIN TPCDS.DATE_DIM2 ON TPCDS.DATE_DIM2.D_DATE_SK = TPCDS.WEB_SALES.WS_SHIP_DATE_SK WHERE TPCDS.DATE_DIM2.D_WEEK_SEQ <= 6714 AND TPCDS.WEB_SALES.WS_SHIP_MODE_SK <= 16"
6642,"SELECT TPCDS.STORE.S_COMPANY_ID , TPCDS.DATE_DIM2.D_QOY FROM TPCDS.STORE INNER JOIN TPCDS.DATE_DIM2 ON TPCDS.DATE_DIM2.D_DATE_SK = TPCDS.STORE.S_CLOSED_DATE_SK WHERE TPCDS.STORE.S_CLOSED_DATE_SK <= 2451044 AND TPCDS.STORE.S_DIVISION_ID >= 1"
6643,"SELECT TPCDS.PROMOTION.P_ITEM_SK , TPCDS.DATE_DIM2.D_QOY FROM TPCDS.PROMOTION INNER JOIN TPCDS.DATE_DIM2 ON TPCDS.DATE_DIM2.D_DATE_SK = TPCDS.PROMOTION.P_END_DATE_SK WHERE TPCDS.DATE_DIM2.D_DOW = 2 AND TPCDS.DATE_DIM2.D_MOY <= 1"
6644,"SELECT TPCDS.WEB_SALES.WS_EXT_TAX , TPCDS.DATE_DIM2.D_WEEK_SEQ FROM TPCDS.WEB_SALES INNER JOIN TPCDS.DATE_DIM2 ON TPCDS.DATE_DIM2.D_DATE_SK = TPCDS.WEB_SALES.WS_SHIP_DATE_SK WHERE TPCDS.WEB_SALES.WS_SHIP_CUSTOMER_SK <= 72299 AND TPCDS.WEB_SALES.WS_SHIP_ADDR_SK = 40847"
6645,"SELECT TPCDS.PROMOTION.P_END_DATE_SK , TPCDS.DATE_DIM2.D_LAST_DOM FROM TPCDS.PROMOTION INNER JOIN TPCDS.DATE_DIM2 ON TPCDS.DATE_DIM2.D_DATE_SK = TPCDS.PROMOTION.P_END_DATE_SK WHERE TPCDS.DATE_DIM2.D_QOY = 4 AND TPCDS.PROMOTION.P_START_DATE_SK <= 2450851"
6646,"SELECT TPCDS.STORE.S_NUMBER_EMPLOYEES , TPCDS.DATE_DIM2.D_DOM FROM TPCDS.STORE INNER JOIN TPCDS.DATE_DIM2 ON TPCDS.DATE_DIM2.D_DATE_SK = TPCDS.STORE.S_CLOSED_DATE_SK WHERE TPCDS.DATE_DIM2.D_WEEK_SEQ >= 3838 AND TPCDS.DATE_DIM2.D_MOY >= 7"
6647,"SELECT TPCDS.WEB_PAGE.WP_CREATION_DATE_SK , TPCDS.DATE_DIM2.D_SAME_DAY_LQ FROM TPCDS.WEB_PAGE INNER JOIN TPCDS.DATE_DIM2 ON TPCDS.DATE_DIM2.D_DATE_SK = TPCDS.WEB_PAGE.WP_ACCESS_DATE_SK WHERE TPCDS.DATE_DIM2.D_MOY >= 7 AND TPCDS.WEB_PAGE.WP_CHAR_COUNT = 3096"
6648,"SELECT TPCDS.CATALOG_PAGE.CP_CATALOG_PAGE_NUMBER , TPCDS.DATE_DIM2.D_WEEK_SEQ FROM TPCDS.CATALOG_PAGE INNER JOIN TPCDS.DATE_DIM2 ON TPCDS.DATE_DIM2.D_DATE_SK = TPCDS.CATALOG_PAGE.CP_END_DATE_SK WHERE TPCDS.CATALOG_PAGE.CP_CATALOG_PAGE_NUMBER >= 45 AND TPCDS.DATE_DIM2.D_DOW <= 6"
6649,"SELECT TPCDS.PROMOTION.P_ITEM_SK , TPCDS.DATE_DIM2.D_MOY FROM TPCDS.PROMOTION INNER JOIN TPCDS.DATE_DIM2 ON TPCDS.DATE_DIM2.D_DATE_SK = TPCDS.PROMOTION.P_END_DATE_SK WHERE TPCDS.DATE_DIM2.D_DATE_SK >= 2426555 AND TPCDS.DATE_DIM2.D_MOY >= 3"
6650,"SELECT TPCDS.STORE.S_DIVISION_ID , TPCDS.DATE_DIM2.D_MONTH_SEQ FROM TPCDS.STORE INNER JOIN TPCDS.DATE_DIM2 ON TPCDS.DATE_DIM2.D_DATE_SK = TPCDS.STORE.S_CLOSED_DATE_SK WHERE TPCDS.DATE_DIM2.D_DOM >= 5 AND TPCDS.STORE.S_CLOSED_DATE_SK <= 2450910"
6651,"SELECT TPCDS.WEB_SITE.WEB_SITE_SK , TPCDS.DATE_DIM2.D_DOM FROM TPCDS.WEB_SITE INNER JOIN TPCDS.DATE_DIM2 ON TPCDS.DATE_DIM2.D_DATE_SK = TPCDS.WEB_SITE.WEB_CLOSE_DATE_SK WHERE TPCDS.DATE_DIM2.D_DATE_SK >= 2418866 AND TPCDS.DATE_DIM2.D_DOW <= 6"
6652,"SELECT TPCDS.CUSTOMER.C_BIRTH_DAY , TPCDS.DATE_DIM2.D_MONTH_SEQ FROM TPCDS.CUSTOMER INNER JOIN TPCDS.DATE_DIM2 ON TPCDS.DATE_DIM2.D_DATE_SK = TPCDS.CUSTOMER.C_FIRST_SHIPTO_DATE_SK WHERE TPCDS.CUSTOMER.C_CUSTOMER_SK = 73766 AND TPCDS.DATE_DIM2.D_FIRST_DOM <= 2454345"
6653,"SELECT TPCDS.STORE.S_COMPANY_ID , TPCDS.DATE_DIM2.D_WEEK_SEQ FROM TPCDS.STORE INNER JOIN TPCDS.DATE_DIM2 ON TPCDS.DATE_DIM2.D_DATE_SK = TPCDS.STORE.S_CLOSED_DATE_SK WHERE TPCDS.DATE_DIM2.D_DOM = 10 AND TPCDS.DATE_DIM2.D_MOY <= 2"
6654,"SELECT TPCDS.STORE.S_COMPANY_ID , TPCDS.DATE_DIM2.D_FY_QUARTER_SEQ FROM TPCDS.STORE INNER JOIN TPCDS.DATE_DIM2 ON TPCDS.DATE_DIM2.D_DATE_SK = TPCDS.STORE.S_CLOSED_DATE_SK WHERE TPCDS.DATE_DIM2.D_DATE_SK >= 2418866 AND TPCDS.DATE_DIM2.D_MOY >= 6"
6655,"SELECT TPCDS.WEB_SALES.WS_LIST_PRICE , TPCDS.DATE_DIM2.D_SAME_DAY_LQ FROM TPCDS.WEB_SALES INNER JOIN TPCDS.DATE_DIM2 ON TPCDS.DATE_DIM2.D_DATE_SK = TPCDS.WEB_SALES.WS_SHIP_DATE_SK WHERE TPCDS.WEB_SALES.WS_SHIP_CUSTOMER_SK <= 5607 AND TPCDS.WEB_SALES.WS_WEB_SITE_SK <= 1"
6656,"SELECT TPCDS.DATE_DIM2.D_FIRST_DOM , TPCDS.WEB_SALES.WS_BILL_CDEMO_SK FROM TPCDS.DATE_DIM2 INNER JOIN TPCDS.WEB_SALES ON TPCDS.WEB_SALES.WS_SHIP_DATE_SK = TPCDS.DATE_DIM2.D_DATE_SK WHERE TPCDS.WEB_SALES.WS_QUANTITY <= 70 AND TPCDS.WEB_SALES.WS_SHIP_CDEMO_SK = 94839"
6657,"SELECT TPCDS.STORE.S_TAX_PRECENTAGE , TPCDS.DATE_DIM2.D_DOW FROM TPCDS.STORE INNER JOIN TPCDS.DATE_DIM2 ON TPCDS.DATE_DIM2.D_DATE_SK = TPCDS.STORE.S_CLOSED_DATE_SK WHERE TPCDS.DATE_DIM2.D_FIRST_DOM >= 2434530 AND TPCDS.STORE.S_STORE_SK <= 12"
6658,"SELECT TPCDS.DATE_DIM2.D_FY_WEEK_SEQ , TPCDS.STORE.S_TAX_PRECENTAGE FROM TPCDS.DATE_DIM2 INNER JOIN TPCDS.STORE ON TPCDS.STORE.S_CLOSED_DATE_SK = TPCDS.DATE_DIM2.D_DATE_SK WHERE TPCDS.DATE_DIM2.D_DOM <= 27 AND TPCDS.STORE.S_CLOSED_DATE_SK = 2451189"
6659,"SELECT TPCDS.DATE_DIM2.D_DOW , TPCDS.CATALOG_SALES.CS_QUANTITY FROM TPCDS.DATE_DIM2 INNER JOIN TPCDS.CATALOG_SALES ON TPCDS.CATALOG_SALES.CS_SHIP_DATE_SK = TPCDS.DATE_DIM2.D_DATE_SK WHERE TPCDS.CATALOG_SALES.CS_SHIP_MODE_SK = 9 AND TPCDS.CATALOG_SALES.CS_COUPON_AMT <= +00000.00"
6660,"SELECT TPCDS.CATALOG_PAGE.CP_END_DATE_SK , TPCDS.DATE_DIM2.D_FY_QUARTER_SEQ FROM TPCDS.CATALOG_PAGE INNER JOIN TPCDS.DATE_DIM2 ON TPCDS.DATE_DIM2.D_DATE_SK = TPCDS.CATALOG_PAGE.CP_END_DATE_SK WHERE TPCDS.DATE_DIM2.D_FY_QUARTER_SEQ <= 724 AND TPCDS.DATE_DIM2.D_DOM <= 8"
6661,"SELECT TPCDS.DATE_DIM2.D_WEEK_SEQ , TPCDS.CATALOG_SALES.CS_EXT_DISCOUNT_AMT FROM TPCDS.DATE_DIM2 INNER JOIN TPCDS.CATALOG_SALES ON TPCDS.CATALOG_SALES.CS_SHIP_DATE_SK = TPCDS.DATE_DIM2.D_DATE_SK WHERE TPCDS.DATE_DIM2.D_QOY = 2 AND TPCDS.CATALOG_SALES.CS_SOLD_TIME_SK >= 75016"
6662,"SELECT TPCDS.WEB_SITE.WEB_CLOSE_DATE_SK , TPCDS.DATE_DIM2.D_FIRST_DOM FROM TPCDS.WEB_SITE INNER JOIN TPCDS.DATE_DIM2 ON TPCDS.DATE_DIM2.D_DATE_SK = TPCDS.WEB_SITE.WEB_CLOSE_DATE_SK WHERE TPCDS.DATE_DIM2.D_FY_QUARTER_SEQ >= 93 AND TPCDS.DATE_DIM2.D_FY_WEEK_SEQ <= 6268"
6663,"SELECT TPCDS.WEB_PAGE.WP_ACCESS_DATE_SK , TPCDS.DATE_DIM2.D_YEAR FROM TPCDS.WEB_PAGE INNER JOIN TPCDS.DATE_DIM2 ON TPCDS.DATE_DIM2.D_DATE_SK = TPCDS.WEB_PAGE.WP_ACCESS_DATE_SK WHERE TPCDS.DATE_DIM2.D_MOY >= 2 AND TPCDS.WEB_PAGE.WP_WEB_PAGE_SK <= 32"
6664,"SELECT TPCDS.WEB_SALES.WS_SALES_PRICE , TPCDS.DATE_DIM2.D_LAST_DOM FROM TPCDS.WEB_SALES INNER JOIN TPCDS.DATE_DIM2 ON TPCDS.DATE_DIM2.D_DATE_SK = TPCDS.WEB_SALES.WS_SHIP_DATE_SK WHERE TPCDS.WEB_SALES.WS_WEB_PAGE_SK >= 13 AND TPCDS.WEB_SALES.WS_WHOLESALE_COST >= +00042.10"
6665,"SELECT TPCDS.DATE_DIM2.D_FY_WEEK_SEQ , TPCDS.CATALOG_SALES.CS_NET_PAID_INC_SHIP FROM TPCDS.DATE_DIM2 INNER JOIN TPCDS.CATALOG_SALES ON TPCDS.CATALOG_SALES.CS_SHIP_DATE_SK = TPCDS.DATE_DIM2.D_DATE_SK WHERE TPCDS.CATALOG_SALES.CS_SHIP_MODE_SK >= 12 AND TPCDS.CATALOG_SALES.CS_CALL_CENTER_SK >= 3"
6666,"SELECT TPCDS.DATE_DIM2.D_WEEK_SEQ , TPCDS.WEB_PAGE.WP_WEB_PAGE_SK FROM TPCDS.DATE_DIM2 INNER JOIN TPCDS.WEB_PAGE ON TPCDS.WEB_PAGE.WP_ACCESS_DATE_SK = TPCDS.DATE_DIM2.D_DATE_SK WHERE TPCDS.WEB_PAGE.WP_ACCESS_DATE_SK = 2452623 AND TPCDS.WEB_PAGE.WP_IMAGE_COUNT >= 3"
6667,"SELECT TPCDS.WEB_PAGE.WP_WEB_PAGE_SK , TPCDS.DATE_DIM2.D_SAME_DAY_LQ FROM TPCDS.WEB_PAGE INNER JOIN TPCDS.DATE_DIM2 ON TPCDS.DATE_DIM2.D_DATE_SK = TPCDS.WEB_PAGE.WP_ACCESS_DATE_SK WHERE TPCDS.DATE_DIM2.D_FY_WEEK_SEQ <= 8445 AND TPCDS.DATE_DIM2.D_DOM <= 2"
6668,"SELECT TPCDS.WEB_PAGE.WP_CHAR_COUNT , TPCDS.DATE_DIM2.D_WEEK_SEQ FROM TPCDS.WEB_PAGE INNER JOIN TPCDS.DATE_DIM2 ON TPCDS.DATE_DIM2.D_DATE_SK = TPCDS.WEB_PAGE.WP_ACCESS_DATE_SK WHERE TPCDS.WEB_PAGE.WP_CREATION_DATE_SK <= 2450814 AND TPCDS.DATE_DIM2.D_DOM <= 19"
6669,"SELECT TPCDS.STORE.S_STORE_SK , TPCDS.DATE_DIM2.D_DATE_SK FROM TPCDS.STORE INNER JOIN TPCDS.DATE_DIM2 ON TPCDS.DATE_DIM2.D_DATE_SK = TPCDS.STORE.S_CLOSED_DATE_SK WHERE TPCDS.DATE_DIM2.D_QOY = 2 AND TPCDS.STORE.S_COMPANY_ID <= 1"
6670,"SELECT TPCDS.CATALOG_SALES.CS_SHIP_CDEMO_SK , TPCDS.DATE_DIM2.D_SAME_DAY_LY FROM TPCDS.CATALOG_SALES INNER JOIN TPCDS.DATE_DIM2 ON TPCDS.DATE_DIM2.D_DATE_SK = TPCDS.CATALOG_SALES.CS_SHIP_DATE_SK WHERE TPCDS.CATALOG_SALES.CS_QUANTITY >= 37 AND TPCDS.CATALOG_SALES.CS_SALES_PRICE <= +00095.86"
6671,"SELECT TPCDS.CUSTOMER.C_BIRTH_MONTH , TPCDS.DATE_DIM2.D_DATE_SK FROM TPCDS.CUSTOMER INNER JOIN TPCDS.DATE_DIM2 ON TPCDS.DATE_DIM2.D_DATE_SK = TPCDS.CUSTOMER.C_FIRST_SHIPTO_DATE_SK WHERE TPCDS.DATE_DIM2.D_DOM <= 14 AND TPCDS.DATE_DIM2.D_DATE_SK <= 2457313"
6672,"SELECT TPCDS.CATALOG_PAGE.CP_CATALOG_PAGE_SK , TPCDS.DATE_DIM2.D_FY_WEEK_SEQ FROM TPCDS.CATALOG_PAGE INNER JOIN TPCDS.DATE_DIM2 ON TPCDS.DATE_DIM2.D_DATE_SK = TPCDS.CATALOG_PAGE.CP_END_DATE_SK WHERE TPCDS.DATE_DIM2.D_LAST_DOM <= 2477536 AND TPCDS.CATALOG_PAGE.CP_CATALOG_PAGE_SK >= 1865"
6673,"SELECT TPCDS.CUSTOMER.C_FIRST_SALES_DATE_SK , TPCDS.DATE_DIM2.D_FY_YEAR FROM TPCDS.CUSTOMER INNER JOIN TPCDS.DATE_DIM2 ON TPCDS.DATE_DIM2.D_DATE_SK = TPCDS.CUSTOMER.C_FIRST_SHIPTO_DATE_SK WHERE TPCDS.DATE_DIM2.D_DOW = 5 AND TPCDS.DATE_DIM2.D_MONTH_SEQ >= 785"
6674,"SELECT TPCDS.CATALOG_PAGE.CP_CATALOG_PAGE_NUMBER , TPCDS.DATE_DIM2.D_FIRST_DOM FROM TPCDS.CATALOG_PAGE INNER JOIN TPCDS.DATE_DIM2 ON TPCDS.DATE_DIM2.D_DATE_SK = TPCDS.CATALOG_PAGE.CP_END_DATE_SK WHERE TPCDS.DATE_DIM2.D_DOW <= 3 AND TPCDS.DATE_DIM2.D_WEEK_SEQ >= 3327"
6675,"SELECT TPCDS.CATALOG_SALES.CS_ITEM_SK , TPCDS.DATE_DIM2.D_QUARTER_SEQ FROM TPCDS.CATALOG_SALES INNER JOIN TPCDS.DATE_DIM2 ON TPCDS.DATE_DIM2.D_DATE_SK = TPCDS.CATALOG_SALES.CS_SHIP_DATE_SK WHERE TPCDS.CATALOG_SALES.CS_BILL_CUSTOMER_SK <= 12530 AND TPCDS.CATALOG_SALES.CS_ITEM_SK <= 3788"
6676,"SELECT TPCDS.WEB_SITE.WEB_OPEN_DATE_SK , TPCDS.DATE_DIM2.D_DOW FROM TPCDS.WEB_SITE INNER JOIN TPCDS.DATE_DIM2 ON TPCDS.DATE_DIM2.D_DATE_SK = TPCDS.WEB_SITE.WEB_CLOSE_DATE_SK WHERE TPCDS.WEB_SITE.WEB_OPEN_DATE_SK <= 2450747 AND TPCDS.WEB_SITE.WEB_GMT_OFFSET = -005.00"
6677,"SELECT TPCDS.WEB_SITE.WEB_TAX_PERCENTAGE , TPCDS.DATE_DIM2.D_DATE_SK FROM TPCDS.WEB_SITE INNER JOIN TPCDS.DATE_DIM2 ON TPCDS.DATE_DIM2.D_DATE_SK = TPCDS.WEB_SITE.WEB_CLOSE_DATE_SK WHERE TPCDS.DATE_DIM2.D_FY_WEEK_SEQ <= 9434 AND TPCDS.DATE_DIM2.D_DOM <= 30"
6678,"SELECT TPCDS.CUSTOMER.C_CUSTOMER_SK , TPCDS.DATE_DIM2.D_MONTH_SEQ FROM TPCDS.CUSTOMER INNER JOIN TPCDS.DATE_DIM2 ON TPCDS.DATE_DIM2.D_DATE_SK = TPCDS.CUSTOMER.C_FIRST_SHIPTO_DATE_SK WHERE TPCDS.DATE_DIM2.D_SAME_DAY_LY <= 2458530 AND TPCDS.DATE_DIM2.D_DATE_SK >= 2426555"
6679,"SELECT TPCDS.CATALOG_SALES.CS_WHOLESALE_COST , TPCDS.DATE_DIM2.D_FIRST_DOM FROM TPCDS.CATALOG_SALES INNER JOIN TPCDS.DATE_DIM2 ON TPCDS.DATE_DIM2.D_DATE_SK = TPCDS.CATALOG_SALES.CS_SHIP_DATE_SK WHERE TPCDS.CATALOG_SALES.CS_BILL_CUSTOMER_SK >= 4315 AND TPCDS.CATALOG_SALES.CS_SHIP_CUSTOMER_SK = 56885"
6680,"SELECT TPCDS.CUSTOMER.C_CURRENT_ADDR_SK , TPCDS.DATE_DIM2.D_FY_YEAR FROM TPCDS.CUSTOMER INNER JOIN TPCDS.DATE_DIM2 ON TPCDS.DATE_DIM2.D_DATE_SK = TPCDS.CUSTOMER.C_FIRST_SHIPTO_DATE_SK WHERE TPCDS.CUSTOMER.C_FIRST_SHIPTO_DATE_SK = 2449628 AND TPCDS.DATE_DIM2.D_FY_YEAR >= 1942"
6681,"SELECT TPCDS.DATE_DIM2.D_FY_QUARTER_SEQ , TPCDS.WEB_SALES.WS_WAREHOUSE_SK FROM TPCDS.DATE_DIM2 INNER JOIN TPCDS.WEB_SALES ON TPCDS.WEB_SALES.WS_SHIP_DATE_SK = TPCDS.DATE_DIM2.D_DATE_SK WHERE TPCDS.WEB_SALES.WS_BILL_CDEMO_SK <= 67136 AND TPCDS.DATE_DIM2.D_QUARTER_SEQ >= 1"
6682,"SELECT TPCDS.WEB_PAGE.WP_CHAR_COUNT , TPCDS.DATE_DIM2.D_FIRST_DOM FROM TPCDS.WEB_PAGE INNER JOIN TPCDS.DATE_DIM2 ON TPCDS.DATE_DIM2.D_DATE_SK = TPCDS.WEB_PAGE.WP_ACCESS_DATE_SK WHERE TPCDS.WEB_PAGE.WP_MAX_AD_COUNT <= 1 AND TPCDS.WEB_PAGE.WP_ACCESS_DATE_SK <= 2452579"
6683,"SELECT TPCDS.WEB_SITE.WEB_GMT_OFFSET , TPCDS.DATE_DIM2.D_SAME_DAY_LQ FROM TPCDS.WEB_SITE INNER JOIN TPCDS.DATE_DIM2 ON TPCDS.DATE_DIM2.D_DATE_SK = TPCDS.WEB_SITE.WEB_CLOSE_DATE_SK WHERE TPCDS.WEB_SITE.WEB_GMT_OFFSET = -005.00 AND TPCDS.WEB_SITE.WEB_CLOSE_DATE_SK <= 2448956"
6684,"SELECT TPCDS.PROMOTION.P_ITEM_SK , TPCDS.DATE_DIM2.D_LAST_DOM FROM TPCDS.PROMOTION INNER JOIN TPCDS.DATE_DIM2 ON TPCDS.DATE_DIM2.D_DATE_SK = TPCDS.PROMOTION.P_END_DATE_SK WHERE TPCDS.DATE_DIM2.D_FIRST_DOM >= 2438762 AND TPCDS.PROMOTION.P_START_DATE_SK = 2450913"
6685,"SELECT TPCDS.CATALOG_SALES.CS_ITEM_SK , TPCDS.DATE_DIM2.D_DATE_SK FROM TPCDS.CATALOG_SALES INNER JOIN TPCDS.DATE_DIM2 ON TPCDS.DATE_DIM2.D_DATE_SK = TPCDS.CATALOG_SALES.CS_SHIP_DATE_SK WHERE TPCDS.CATALOG_SALES.CS_SOLD_TIME_SK >= 61169 AND TPCDS.CATALOG_SALES.CS_NET_PROFIT >= +03205.85"
6686,"SELECT TPCDS.WEB_SALES.WS_NET_PAID_INC_SHIP_TAX , TPCDS.DATE_DIM2.D_SAME_DAY_LY FROM TPCDS.WEB_SALES INNER JOIN TPCDS.DATE_DIM2 ON TPCDS.DATE_DIM2.D_DATE_SK = TPCDS.WEB_SALES.WS_SHIP_DATE_SK WHERE TPCDS.DATE_DIM2.D_DATE_SK >= 2434244 AND TPCDS.WEB_SALES.WS_WHOLESALE_COST >= +00020.84"
6687,"SELECT TPCDS.WEB_SALES.WS_WEB_SITE_SK , TPCDS.DATE_DIM2.D_FY_QUARTER_SEQ FROM TPCDS.WEB_SALES INNER JOIN TPCDS.DATE_DIM2 ON TPCDS.DATE_DIM2.D_DATE_SK = TPCDS.WEB_SALES.WS_SHIP_DATE_SK WHERE TPCDS.DATE_DIM2.D_MOY <= 10 AND TPCDS.DATE_DIM2.D_QOY <= 2"
6688,"SELECT TPCDS.CATALOG_SALES.CS_NET_PAID_INC_TAX , TPCDS.DATE_DIM2.D_MOY FROM TPCDS.CATALOG_SALES INNER JOIN TPCDS.DATE_DIM2 ON TPCDS.DATE_DIM2.D_DATE_SK = TPCDS.CATALOG_SALES.CS_SHIP_DATE_SK WHERE TPCDS.CATALOG_SALES.CS_EXT_SALES_PRICE >= +00964.89 AND TPCDS.CATALOG_SALES.CS_EXT_TAX = +00004.01"
6689,"SELECT TPCDS.WEB_PAGE.WP_ACCESS_DATE_SK , TPCDS.DATE_DIM2.D_DATE_SK FROM TPCDS.WEB_PAGE INNER JOIN TPCDS.DATE_DIM2 ON TPCDS.DATE_DIM2.D_DATE_SK = TPCDS.WEB_PAGE.WP_ACCESS_DATE_SK WHERE TPCDS.DATE_DIM2.D_FY_WEEK_SEQ <= 7848 AND TPCDS.WEB_PAGE.WP_MAX_AD_COUNT = 1"
6690,"SELECT TPCDS.CATALOG_SALES.CS_BILL_HDEMO_SK , TPCDS.DATE_DIM2.D_QOY FROM TPCDS.CATALOG_SALES INNER JOIN TPCDS.DATE_DIM2 ON TPCDS.DATE_DIM2.D_DATE_SK = TPCDS.CATALOG_SALES.CS_SHIP_DATE_SK WHERE TPCDS.CATALOG_SALES.CS_SALES_PRICE <= +00006.20 AND TPCDS.DATE_DIM2.D_LAST_DOM <= 2462199"
6691,"SELECT TPCDS.DATE_DIM2.D_MONTH_SEQ , TPCDS.CATALOG_SALES.CS_NET_PAID_INC_SHIP FROM TPCDS.DATE_DIM2 INNER JOIN TPCDS.CATALOG_SALES ON TPCDS.CATALOG_SALES.CS_SHIP_DATE_SK = TPCDS.DATE_DIM2.D_DATE_SK WHERE TPCDS.CATALOG_SALES.CS_EXT_SALES_PRICE <= +00234.52 AND TPCDS.CATALOG_SALES.CS_EXT_SHIP_COST <= +00936.87"
6692,"SELECT TPCDS.CUSTOMER.C_CURRENT_HDEMO_SK , TPCDS.DATE_DIM2.D_SAME_DAY_LQ FROM TPCDS.CUSTOMER INNER JOIN TPCDS.DATE_DIM2 ON TPCDS.DATE_DIM2.D_DATE_SK = TPCDS.CUSTOMER.C_FIRST_SHIPTO_DATE_SK WHERE TPCDS.CUSTOMER.C_CURRENT_HDEMO_SK <= 5879 AND TPCDS.CUSTOMER.C_BIRTH_DAY >= 15"
6693,"SELECT TPCDS.WEB_SITE.WEB_SITE_SK , TPCDS.DATE_DIM2.D_FY_WEEK_SEQ FROM TPCDS.WEB_SITE INNER JOIN TPCDS.DATE_DIM2 ON TPCDS.DATE_DIM2.D_DATE_SK = TPCDS.WEB_SITE.WEB_CLOSE_DATE_SK WHERE TPCDS.DATE_DIM2.D_QOY >= 1 AND TPCDS.DATE_DIM2.D_DOM <= 22"
6694,"SELECT TPCDS.CATALOG_SALES.CS_SHIP_HDEMO_SK , TPCDS.DATE_DIM2.D_DATE_SK FROM TPCDS.CATALOG_SALES INNER JOIN TPCDS.DATE_DIM2 ON TPCDS.DATE_DIM2.D_DATE_SK = TPCDS.CATALOG_SALES.CS_SHIP_DATE_SK WHERE TPCDS.CATALOG_SALES.CS_SHIP_DATE_SK <= 2451546 AND TPCDS.CATALOG_SALES.CS_SHIP_HDEMO_SK <= 1102"
6695,"SELECT TPCDS.CATALOG_SALES.CS_NET_PROFIT , TPCDS.DATE_DIM2.D_WEEK_SEQ FROM TPCDS.CATALOG_SALES INNER JOIN TPCDS.DATE_DIM2 ON TPCDS.DATE_DIM2.D_DATE_SK = TPCDS.CATALOG_SALES.CS_SHIP_DATE_SK WHERE TPCDS.CATALOG_SALES.CS_EXT_TAX <= +00004.01 AND TPCDS.CATALOG_SALES.CS_NET_PAID_INC_SHIP_TAX <= +00019.25"
6696,"SELECT TPCDS.WEB_SITE.WEB_SITE_SK , TPCDS.DATE_DIM2.D_QOY FROM TPCDS.WEB_SITE INNER JOIN TPCDS.DATE_DIM2 ON TPCDS.DATE_DIM2.D_DATE_SK = TPCDS.WEB_SITE.WEB_CLOSE_DATE_SK WHERE TPCDS.WEB_SITE.WEB_GMT_OFFSET <= -005.00 AND TPCDS.DATE_DIM2.D_DOW <= 2"
6697,"SELECT TPCDS.WEB_SITE.WEB_SITE_SK , TPCDS.DATE_DIM2.D_YEAR FROM TPCDS.WEB_SITE INNER JOIN TPCDS.DATE_DIM2 ON TPCDS.DATE_DIM2.D_DATE_SK = TPCDS.WEB_SITE.WEB_CLOSE_DATE_SK WHERE TPCDS.DATE_DIM2.D_MOY = 5 AND TPCDS.DATE_DIM2.D_DOW >= 3"
6698,"SELECT TPCDS.PROMOTION.P_PROMO_SK , TPCDS.DATE_DIM2.D_FIRST_DOM FROM TPCDS.PROMOTION INNER JOIN TPCDS.DATE_DIM2 ON TPCDS.DATE_DIM2.D_DATE_SK = TPCDS.PROMOTION.P_END_DATE_SK WHERE TPCDS.DATE_DIM2.D_DOM = 1 AND TPCDS.PROMOTION.P_ITEM_SK >= 12104"
6699,"SELECT TPCDS.DATE_DIM2.D_DOW , TPCDS.CATALOG_PAGE.CP_END_DATE_SK FROM TPCDS.DATE_DIM2 INNER JOIN TPCDS.CATALOG_PAGE ON TPCDS.CATALOG_PAGE.CP_END_DATE_SK = TPCDS.DATE_DIM2.D_DATE_SK WHERE TPCDS.DATE_DIM2.D_YEAR >= 1942 AND TPCDS.DATE_DIM2.D_MOY >= 12"
6700,"SELECT TPCDS.CATALOG_SALES.CS_SOLD_DATE_SK , TPCDS.DATE_DIM2.D_SAME_DAY_LQ FROM TPCDS.CATALOG_SALES INNER JOIN TPCDS.DATE_DIM2 ON TPCDS.DATE_DIM2.D_DATE_SK = TPCDS.CATALOG_SALES.CS_SHIP_DATE_SK WHERE TPCDS.DATE_DIM2.D_MOY = 8 AND TPCDS.DATE_DIM2.D_LAST_DOM <= 2481252"
6701,"SELECT TPCDS.WEB_PAGE.WP_CHAR_COUNT , TPCDS.DATE_DIM2.D_LAST_DOM FROM TPCDS.WEB_PAGE INNER JOIN TPCDS.DATE_DIM2 ON TPCDS.DATE_DIM2.D_DATE_SK = TPCDS.WEB_PAGE.WP_ACCESS_DATE_SK WHERE TPCDS.WEB_PAGE.WP_ACCESS_DATE_SK >= 2452606 AND TPCDS.DATE_DIM2.D_FY_YEAR >= 1985"
6702,"SELECT TPCDS.DATE_DIM2.D_WEEK_SEQ , TPCDS.WEB_PAGE.WP_MAX_AD_COUNT FROM TPCDS.DATE_DIM2 INNER JOIN TPCDS.WEB_PAGE ON TPCDS.WEB_PAGE.WP_ACCESS_DATE_SK = TPCDS.DATE_DIM2.D_DATE_SK WHERE TPCDS.WEB_PAGE.WP_CREATION_DATE_SK = 2450809 AND TPCDS.WEB_PAGE.WP_LINK_COUNT >= 19"
6703,"SELECT TPCDS.CUSTOMER.C_CURRENT_ADDR_SK , TPCDS.DATE_DIM2.D_WEEK_SEQ FROM TPCDS.CUSTOMER INNER JOIN TPCDS.DATE_DIM2 ON TPCDS.DATE_DIM2.D_DATE_SK = TPCDS.CUSTOMER.C_FIRST_SHIPTO_DATE_SK WHERE TPCDS.CUSTOMER.C_CUSTOMER_SK = 63228 AND TPCDS.DATE_DIM2.D_MOY <= 12"
6704,"SELECT TPCDS.CATALOG_PAGE.CP_END_DATE_SK , TPCDS.DATE_DIM2.D_FY_WEEK_SEQ FROM TPCDS.CATALOG_PAGE INNER JOIN TPCDS.DATE_DIM2 ON TPCDS.DATE_DIM2.D_DATE_SK = TPCDS.CATALOG_PAGE.CP_END_DATE_SK WHERE TPCDS.DATE_DIM2.D_MONTH_SEQ <= 1658 AND TPCDS.CATALOG_PAGE.CP_CATALOG_PAGE_SK = 1243"
6705,"SELECT TPCDS.CATALOG_PAGE.CP_CATALOG_NUMBER , TPCDS.DATE_DIM2.D_QUARTER_SEQ FROM TPCDS.CATALOG_PAGE INNER JOIN TPCDS.DATE_DIM2 ON TPCDS.DATE_DIM2.D_DATE_SK = TPCDS.CATALOG_PAGE.CP_END_DATE_SK WHERE TPCDS.CATALOG_PAGE.CP_END_DATE_SK = 2452484 AND TPCDS.DATE_DIM2.D_LAST_DOM <= 2473396"
6706,"SELECT TPCDS.DATE_DIM2.D_FIRST_DOM , TPCDS.CATALOG_SALES.CS_EXT_SALES_PRICE FROM TPCDS.DATE_DIM2 INNER JOIN TPCDS.CATALOG_SALES ON TPCDS.CATALOG_SALES.CS_SHIP_DATE_SK = TPCDS.DATE_DIM2.D_DATE_SK WHERE TPCDS.DATE_DIM2.D_QOY <= 1 AND TPCDS.CATALOG_SALES.CS_BILL_CUSTOMER_SK <= 2373"
6707,"SELECT TPCDS.WEB_SITE.WEB_GMT_OFFSET , TPCDS.DATE_DIM2.D_MONTH_SEQ FROM TPCDS.WEB_SITE INNER JOIN TPCDS.DATE_DIM2 ON TPCDS.DATE_DIM2.D_DATE_SK = TPCDS.WEB_SITE.WEB_CLOSE_DATE_SK WHERE TPCDS.WEB_SITE.WEB_GMT_OFFSET <= -005.00 AND TPCDS.WEB_SITE.WEB_COMPANY_ID = 5"
6708,"SELECT TPCDS.WEB_SALES.WS_SHIP_MODE_SK , TPCDS.DATE_DIM2.D_FIRST_DOM FROM TPCDS.WEB_SALES INNER JOIN TPCDS.DATE_DIM2 ON TPCDS.DATE_DIM2.D_DATE_SK = TPCDS.WEB_SALES.WS_SHIP_DATE_SK WHERE TPCDS.DATE_DIM2.D_LAST_DOM >= 2438761 AND TPCDS.WEB_SALES.WS_EXT_LIST_PRICE <= +11246.40"
6709,"SELECT TPCDS.CATALOG_SALES.CS_EXT_TAX , TPCDS.DATE_DIM2.D_FY_QUARTER_SEQ FROM TPCDS.CATALOG_SALES INNER JOIN TPCDS.DATE_DIM2 ON TPCDS.DATE_DIM2.D_DATE_SK = TPCDS.CATALOG_SALES.CS_SHIP_DATE_SK WHERE TPCDS.CATALOG_SALES.CS_ORDER_NUMBER >= 56843 AND TPCDS.CATALOG_SALES.CS_SALES_PRICE = +00006.20"
6710,"SELECT TPCDS.DATE_DIM2.D_MONTH_SEQ , TPCDS.STORE.S_GMT_OFFSET FROM TPCDS.DATE_DIM2 INNER JOIN TPCDS.STORE ON TPCDS.STORE.S_CLOSED_DATE_SK = TPCDS.DATE_DIM2.D_DATE_SK WHERE TPCDS.DATE_DIM2.D_DOW <= 0 AND TPCDS.STORE.S_COMPANY_ID <= 1"
6711,"SELECT TPCDS.WEB_SALES.WS_SHIP_MODE_SK , TPCDS.DATE_DIM2.D_FY_WEEK_SEQ FROM TPCDS.WEB_SALES INNER JOIN TPCDS.DATE_DIM2 ON TPCDS.DATE_DIM2.D_DATE_SK = TPCDS.WEB_SALES.WS_SHIP_DATE_SK WHERE TPCDS.WEB_SALES.WS_PROMO_SK <= 72 AND TPCDS.WEB_SALES.WS_SHIP_DATE_SK >= 2451105"
6712,"SELECT TPCDS.PROMOTION.P_START_DATE_SK , TPCDS.DATE_DIM2.D_DATE_SK FROM TPCDS.PROMOTION INNER JOIN TPCDS.DATE_DIM2 ON TPCDS.DATE_DIM2.D_DATE_SK = TPCDS.PROMOTION.P_END_DATE_SK WHERE TPCDS.PROMOTION.P_COST <= +0000000001000.00 AND TPCDS.PROMOTION.P_START_DATE_SK <= 2450299"
6713,"SELECT TPCDS.CATALOG_PAGE.CP_CATALOG_PAGE_SK , TPCDS.DATE_DIM2.D_QUARTER_SEQ FROM TPCDS.CATALOG_PAGE INNER JOIN TPCDS.DATE_DIM2 ON TPCDS.DATE_DIM2.D_DATE_SK = TPCDS.CATALOG_PAGE.CP_END_DATE_SK WHERE TPCDS.DATE_DIM2.D_DOW <= 2 AND TPCDS.DATE_DIM2.D_QOY >= 4"
6714,"SELECT TPCDS.WEB_PAGE.WP_CREATION_DATE_SK , TPCDS.DATE_DIM2.D_LAST_DOM FROM TPCDS.WEB_PAGE INNER JOIN TPCDS.DATE_DIM2 ON TPCDS.DATE_DIM2.D_DATE_SK = TPCDS.WEB_PAGE.WP_ACCESS_DATE_SK WHERE TPCDS.DATE_DIM2.D_DOW = 6 AND TPCDS.WEB_PAGE.WP_CHAR_COUNT >= 3306"
6715,"SELECT TPCDS.CUSTOMER.C_BIRTH_DAY , TPCDS.DATE_DIM2.D_MOY FROM TPCDS.CUSTOMER INNER JOIN TPCDS.DATE_DIM2 ON TPCDS.DATE_DIM2.D_DATE_SK = TPCDS.CUSTOMER.C_FIRST_SHIPTO_DATE_SK WHERE TPCDS.CUSTOMER.C_CUSTOMER_SK <= 31614 AND TPCDS.CUSTOMER.C_BIRTH_YEAR >= 1934"
6716,"SELECT TPCDS.STORE.S_STORE_SK , TPCDS.DATE_DIM2.D_DOM FROM TPCDS.STORE INNER JOIN TPCDS.DATE_DIM2 ON TPCDS.DATE_DIM2.D_DATE_SK = TPCDS.STORE.S_CLOSED_DATE_SK WHERE TPCDS.DATE_DIM2.D_FY_YEAR <= 2090 AND TPCDS.DATE_DIM2.D_YEAR <= 2050"
6717,"SELECT TPCDS.WEB_SITE.WEB_SITE_SK , TPCDS.DATE_DIM2.D_MOY FROM TPCDS.WEB_SITE INNER JOIN TPCDS.DATE_DIM2 ON TPCDS.DATE_DIM2.D_DATE_SK = TPCDS.WEB_SITE.WEB_CLOSE_DATE_SK WHERE TPCDS.DATE_DIM2.D_DOW = 1 AND TPCDS.DATE_DIM2.D_LAST_DOM >= 2419584"
6718,"SELECT TPCDS.WEB_SALES.WS_NET_PAID_INC_SHIP , TPCDS.DATE_DIM2.D_FIRST_DOM FROM TPCDS.WEB_SALES INNER JOIN TPCDS.DATE_DIM2 ON TPCDS.DATE_DIM2.D_DATE_SK = TPCDS.WEB_SALES.WS_SHIP_DATE_SK WHERE TPCDS.WEB_SALES.WS_WEB_PAGE_SK >= 26 AND TPCDS.WEB_SALES.WS_BILL_ADDR_SK = 31964"
6719,"SELECT TPCDS.WEB_SALES.WS_SALES_PRICE , TPCDS.DATE_DIM2.D_WEEK_SEQ FROM TPCDS.WEB_SALES INNER JOIN TPCDS.DATE_DIM2 ON TPCDS.DATE_DIM2.D_DATE_SK = TPCDS.WEB_SALES.WS_SHIP_DATE_SK WHERE TPCDS.WEB_SALES.WS_WAREHOUSE_SK <= 3 AND TPCDS.WEB_SALES.WS_SOLD_DATE_SK <= 2451081"
6720,"SELECT TPCDS.WEB_SALES.WS_SHIP_MODE_SK , TPCDS.DATE_DIM2.D_FY_YEAR FROM TPCDS.WEB_SALES INNER JOIN TPCDS.DATE_DIM2 ON TPCDS.DATE_DIM2.D_DATE_SK = TPCDS.WEB_SALES.WS_SHIP_DATE_SK WHERE TPCDS.WEB_SALES.WS_SHIP_CUSTOMER_SK >= 72299 AND TPCDS.WEB_SALES.WS_COUPON_AMT <= +01885.98"
6721,"SELECT TPCDS.PROMOTION.P_PROMO_SK , TPCDS.DATE_DIM2.D_LAST_DOM FROM TPCDS.PROMOTION INNER JOIN TPCDS.DATE_DIM2 ON TPCDS.DATE_DIM2.D_DATE_SK = TPCDS.PROMOTION.P_END_DATE_SK WHERE TPCDS.PROMOTION.P_PROMO_SK = 99 AND TPCDS.DATE_DIM2.D_FY_WEEK_SEQ >= 5025"
6722,"SELECT TPCDS.CUSTOMER.C_CURRENT_ADDR_SK , TPCDS.DATE_DIM2.D_SAME_DAY_LY FROM TPCDS.CUSTOMER INNER JOIN TPCDS.DATE_DIM2 ON TPCDS.DATE_DIM2.D_DATE_SK = TPCDS.CUSTOMER.C_FIRST_SHIPTO_DATE_SK WHERE TPCDS.DATE_DIM2.D_DOM = 24 AND TPCDS.CUSTOMER.C_BIRTH_YEAR = 1985"
6723,"SELECT TPCDS.CUSTOMER.C_FIRST_SALES_DATE_SK , TPCDS.DATE_DIM2.D_QUARTER_SEQ FROM TPCDS.CUSTOMER INNER JOIN TPCDS.DATE_DIM2 ON TPCDS.DATE_DIM2.D_DATE_SK = TPCDS.CUSTOMER.C_FIRST_SHIPTO_DATE_SK WHERE TPCDS.CUSTOMER.C_CURRENT_HDEMO_SK = 4325 AND TPCDS.DATE_DIM2.D_SAME_DAY_LY >= 2445931"
6724,"SELECT TPCDS.PROMOTION.P_ITEM_SK , TPCDS.DATE_DIM2.D_FY_YEAR FROM TPCDS.PROMOTION INNER JOIN TPCDS.DATE_DIM2 ON TPCDS.DATE_DIM2.D_DATE_SK = TPCDS.PROMOTION.P_END_DATE_SK WHERE TPCDS.DATE_DIM2.D_LAST_DOM <= 2488372 AND TPCDS.DATE_DIM2.D_QOY <= 4"
6725,"SELECT TPCDS.DATE_DIM2.D_MONTH_SEQ , TPCDS.CATALOG_SALES.CS_NET_PROFIT FROM TPCDS.DATE_DIM2 INNER JOIN TPCDS.CATALOG_SALES ON TPCDS.CATALOG_SALES.CS_SHIP_DATE_SK = TPCDS.DATE_DIM2.D_DATE_SK WHERE TPCDS.CATALOG_SALES.CS_WAREHOUSE_SK >= 1 AND TPCDS.CATALOG_SALES.CS_BILL_HDEMO_SK = 2697"
6726,"SELECT TPCDS.WEB_SITE.WEB_COMPANY_ID , TPCDS.DATE_DIM2.D_FY_WEEK_SEQ FROM TPCDS.WEB_SITE INNER JOIN TPCDS.DATE_DIM2 ON TPCDS.DATE_DIM2.D_DATE_SK = TPCDS.WEB_SITE.WEB_CLOSE_DATE_SK WHERE TPCDS.WEB_SITE.WEB_GMT_OFFSET >= -005.00 AND TPCDS.WEB_SITE.WEB_TAX_PERCENTAGE = +000.00"
6727,"SELECT TPCDS.WEB_PAGE.WP_LINK_COUNT , TPCDS.DATE_DIM2.D_YEAR FROM TPCDS.WEB_PAGE INNER JOIN TPCDS.DATE_DIM2 ON TPCDS.DATE_DIM2.D_DATE_SK = TPCDS.WEB_PAGE.WP_ACCESS_DATE_SK WHERE TPCDS.DATE_DIM2.D_MOY >= 12 AND TPCDS.DATE_DIM2.D_DOW <= 2"
6728,"SELECT TPCDS.PROMOTION.P_START_DATE_SK , TPCDS.DATE_DIM2.D_YEAR FROM TPCDS.PROMOTION INNER JOIN TPCDS.DATE_DIM2 ON TPCDS.DATE_DIM2.D_DATE_SK = TPCDS.PROMOTION.P_END_DATE_SK WHERE TPCDS.PROMOTION.P_RESPONSE_TARGET <= 1 AND TPCDS.PROMOTION.P_PROMO_SK >= 178"
6729,"SELECT TPCDS.CATALOG_SALES.CS_EXT_TAX , TPCDS.DATE_DIM2.D_FY_WEEK_SEQ FROM TPCDS.CATALOG_SALES INNER JOIN TPCDS.DATE_DIM2 ON TPCDS.DATE_DIM2.D_DATE_SK = TPCDS.CATALOG_SALES.CS_SHIP_DATE_SK WHERE TPCDS.CATALOG_SALES.CS_SHIP_ADDR_SK >= 27255 AND TPCDS.CATALOG_SALES.CS_NET_PROFIT <= -00431.90"
6730,"SELECT TPCDS.WEB_PAGE.WP_IMAGE_COUNT , TPCDS.DATE_DIM2.D_FY_QUARTER_SEQ FROM TPCDS.WEB_PAGE INNER JOIN TPCDS.DATE_DIM2 ON TPCDS.DATE_DIM2.D_DATE_SK = TPCDS.WEB_PAGE.WP_ACCESS_DATE_SK WHERE TPCDS.DATE_DIM2.D_QOY >= 4 AND TPCDS.DATE_DIM2.D_SAME_DAY_LQ <= 2453462"
6731,"SELECT TPCDS.DATE_DIM2.D_FY_QUARTER_SEQ , TPCDS.PROMOTION.P_START_DATE_SK FROM TPCDS.DATE_DIM2 INNER JOIN TPCDS.PROMOTION ON TPCDS.PROMOTION.P_END_DATE_SK = TPCDS.DATE_DIM2.D_DATE_SK WHERE TPCDS.DATE_DIM2.D_LAST_DOM <= 2450265 AND TPCDS.PROMOTION.P_RESPONSE_TARGET = 1"
6732,"SELECT TPCDS.DATE_DIM2.D_QOY , TPCDS.WEB_PAGE.WP_CHAR_COUNT FROM TPCDS.DATE_DIM2 INNER JOIN TPCDS.WEB_PAGE ON TPCDS.WEB_PAGE.WP_ACCESS_DATE_SK = TPCDS.DATE_DIM2.D_DATE_SK WHERE TPCDS.DATE_DIM2.D_YEAR >= 1958 AND TPCDS.WEB_PAGE.WP_LINK_COUNT = 23"
6733,"SELECT TPCDS.STORE.S_TAX_PRECENTAGE , TPCDS.DATE_DIM2.D_SAME_DAY_LY FROM TPCDS.STORE INNER JOIN TPCDS.DATE_DIM2 ON TPCDS.DATE_DIM2.D_DATE_SK = TPCDS.STORE.S_CLOSED_DATE_SK WHERE TPCDS.STORE.S_CLOSED_DATE_SK >= 2451044 AND TPCDS.DATE_DIM2.D_FY_QUARTER_SEQ <= 724"
6734,"SELECT TPCDS.CUSTOMER.C_CURRENT_CDEMO_SK , TPCDS.DATE_DIM2.D_LAST_DOM FROM TPCDS.CUSTOMER INNER JOIN TPCDS.DATE_DIM2 ON TPCDS.DATE_DIM2.D_DATE_SK = TPCDS.CUSTOMER.C_FIRST_SHIPTO_DATE_SK WHERE TPCDS.CUSTOMER.C_CURRENT_CDEMO_SK <= 259136 AND TPCDS.CUSTOMER.C_FIRST_SHIPTO_DATE_SK <= 2450227"
6735,"SELECT TPCDS.WEB_SALES.WS_EXT_WHOLESALE_COST , TPCDS.DATE_DIM2.D_FIRST_DOM FROM TPCDS.WEB_SALES INNER JOIN TPCDS.DATE_DIM2 ON TPCDS.DATE_DIM2.D_DATE_SK = TPCDS.WEB_SALES.WS_SHIP_DATE_SK WHERE TPCDS.WEB_SALES.WS_ITEM_SK <= 5688 AND TPCDS.DATE_DIM2.D_MOY <= 5"
6736,"SELECT TPCDS.CATALOG_SALES.CS_EXT_TAX , TPCDS.DATE_DIM2.D_FIRST_DOM FROM TPCDS.CATALOG_SALES INNER JOIN TPCDS.DATE_DIM2 ON TPCDS.DATE_DIM2.D_DATE_SK = TPCDS.CATALOG_SALES.CS_SHIP_DATE_SK WHERE TPCDS.DATE_DIM2.D_YEAR >= 1963 AND TPCDS.CATALOG_SALES.CS_SHIP_CDEMO_SK <= 1501387"
6737,"SELECT TPCDS.CATALOG_SALES.CS_EXT_SALES_PRICE , TPCDS.DATE_DIM2.D_MOY FROM TPCDS.CATALOG_SALES INNER JOIN TPCDS.DATE_DIM2 ON TPCDS.DATE_DIM2.D_DATE_SK = TPCDS.CATALOG_SALES.CS_SHIP_DATE_SK WHERE TPCDS.DATE_DIM2.D_MOY = 5 AND TPCDS.CATALOG_SALES.CS_LIST_PRICE <= +00020.77"
6738,"SELECT TPCDS.WEB_SALES.WS_BILL_CDEMO_SK , TPCDS.DATE_DIM2.D_MONTH_SEQ FROM TPCDS.WEB_SALES INNER JOIN TPCDS.DATE_DIM2 ON TPCDS.DATE_DIM2.D_DATE_SK = TPCDS.WEB_SALES.WS_SHIP_DATE_SK WHERE TPCDS.DATE_DIM2.D_QOY <= 1 AND TPCDS.WEB_SALES.WS_ITEM_SK >= 1891"
6739,"SELECT TPCDS.WEB_PAGE.WP_MAX_AD_COUNT , TPCDS.DATE_DIM2.D_FY_QUARTER_SEQ FROM TPCDS.WEB_PAGE INNER JOIN TPCDS.DATE_DIM2 ON TPCDS.DATE_DIM2.D_DATE_SK = TPCDS.WEB_PAGE.WP_ACCESS_DATE_SK WHERE TPCDS.DATE_DIM2.D_DOW >= 2 AND TPCDS.WEB_PAGE.WP_MAX_AD_COUNT = 2"
6740,"SELECT TPCDS.CUSTOMER.C_BIRTH_YEAR , TPCDS.DATE_DIM2.D_FIRST_DOM FROM TPCDS.CUSTOMER INNER JOIN TPCDS.DATE_DIM2 ON TPCDS.DATE_DIM2.D_DATE_SK = TPCDS.CUSTOMER.C_FIRST_SHIPTO_DATE_SK WHERE TPCDS.CUSTOMER.C_BIRTH_MONTH = 4 AND TPCDS.CUSTOMER.C_BIRTH_DAY = 5"
6741,"SELECT TPCDS.PROMOTION.P_RESPONSE_TARGET , TPCDS.DATE_DIM2.D_FY_WEEK_SEQ FROM TPCDS.PROMOTION INNER JOIN TPCDS.DATE_DIM2 ON TPCDS.DATE_DIM2.D_DATE_SK = TPCDS.PROMOTION.P_END_DATE_SK WHERE TPCDS.DATE_DIM2.D_SAME_DAY_LY <= 2453984 AND TPCDS.DATE_DIM2.D_MOY = 10"
6742,"SELECT TPCDS.CUSTOMER.C_FIRST_SALES_DATE_SK , TPCDS.DATE_DIM2.D_LAST_DOM FROM TPCDS.CUSTOMER INNER JOIN TPCDS.DATE_DIM2 ON TPCDS.DATE_DIM2.D_DATE_SK = TPCDS.CUSTOMER.C_FIRST_SHIPTO_DATE_SK WHERE TPCDS.DATE_DIM2.D_LAST_DOM >= 2442045 AND TPCDS.CUSTOMER.C_CURRENT_ADDR_SK = 47397"
6743,"SELECT TPCDS.WEB_SALES.WS_EXT_SHIP_COST , TPCDS.DATE_DIM2.D_DOW FROM TPCDS.WEB_SALES INNER JOIN TPCDS.DATE_DIM2 ON TPCDS.DATE_DIM2.D_DATE_SK = TPCDS.WEB_SALES.WS_SHIP_DATE_SK WHERE TPCDS.DATE_DIM2.D_QOY <= 2 AND TPCDS.WEB_SALES.WS_SHIP_ADDR_SK = 4603"
6744,"SELECT TPCDS.STORE.S_STORE_SK , TPCDS.DATE_DIM2.D_FIRST_DOM FROM TPCDS.STORE INNER JOIN TPCDS.DATE_DIM2 ON TPCDS.DATE_DIM2.D_DATE_SK = TPCDS.STORE.S_CLOSED_DATE_SK WHERE TPCDS.DATE_DIM2.D_FY_QUARTER_SEQ <= 497 AND TPCDS.DATE_DIM2.D_SAME_DAY_LQ >= 2415148"
6745,"SELECT TPCDS.CATALOG_SALES.CS_BILL_CUSTOMER_SK , TPCDS.DATE_DIM2.D_QUARTER_SEQ FROM TPCDS.CATALOG_SALES INNER JOIN TPCDS.DATE_DIM2 ON TPCDS.DATE_DIM2.D_DATE_SK = TPCDS.CATALOG_SALES.CS_SHIP_DATE_SK WHERE TPCDS.DATE_DIM2.D_MOY <= 1 AND TPCDS.CATALOG_SALES.CS_BILL_CDEMO_SK <= 202198"
6746,"SELECT TPCDS.CATALOG_PAGE.CP_CATALOG_PAGE_SK , TPCDS.DATE_DIM2.D_QUARTER_SEQ FROM TPCDS.CATALOG_PAGE INNER JOIN TPCDS.DATE_DIM2 ON TPCDS.DATE_DIM2.D_DATE_SK = TPCDS.CATALOG_PAGE.CP_END_DATE_SK WHERE TPCDS.CATALOG_PAGE.CP_CATALOG_PAGE_NUMBER <= 57 AND TPCDS.CATALOG_PAGE.CP_CATALOG_NUMBER <= 11"
6747,"SELECT TPCDS.DATE_DIM2.D_FY_YEAR , TPCDS.PROMOTION.P_END_DATE_SK FROM TPCDS.DATE_DIM2 INNER JOIN TPCDS.PROMOTION ON TPCDS.PROMOTION.P_END_DATE_SK = TPCDS.DATE_DIM2.D_DATE_SK WHERE TPCDS.DATE_DIM2.D_MOY = 7 AND TPCDS.DATE_DIM2.D_MONTH_SEQ <= 1804"
6748,"SELECT TPCDS.WEB_SALES.WS_QUANTITY , TPCDS.DATE_DIM2.D_QOY FROM TPCDS.WEB_SALES INNER JOIN TPCDS.DATE_DIM2 ON TPCDS.DATE_DIM2.D_DATE_SK = TPCDS.WEB_SALES.WS_SHIP_DATE_SK WHERE TPCDS.DATE_DIM2.D_SAME_DAY_LQ <= 2487960 AND TPCDS.WEB_SALES.WS_ORDER_NUMBER = 85"
6749,"SELECT TPCDS.DATE_DIM2.D_FY_WEEK_SEQ , TPCDS.CUSTOMER.C_CURRENT_HDEMO_SK FROM TPCDS.DATE_DIM2 INNER JOIN TPCDS.CUSTOMER ON TPCDS.CUSTOMER.C_FIRST_SHIPTO_DATE_SK = TPCDS.DATE_DIM2.D_DATE_SK WHERE TPCDS.CUSTOMER.C_CURRENT_HDEMO_SK = 2738 AND TPCDS.CUSTOMER.C_FIRST_SALES_DATE_SK >= 2451190"
6750,"SELECT TPCDS.CATALOG_SALES.CS_EXT_LIST_PRICE , TPCDS.DATE_DIM2.D_SAME_DAY_LQ FROM TPCDS.CATALOG_SALES INNER JOIN TPCDS.DATE_DIM2 ON TPCDS.DATE_DIM2.D_DATE_SK = TPCDS.CATALOG_SALES.CS_SHIP_DATE_SK WHERE TPCDS.DATE_DIM2.D_DOW <= 4 AND TPCDS.CATALOG_SALES.CS_NET_PAID_INC_SHIP_TAX >= +01150.76"
6751,"SELECT TPCDS.CUSTOMER.C_BIRTH_DAY , TPCDS.DATE_DIM2.D_MOY FROM TPCDS.CUSTOMER INNER JOIN TPCDS.DATE_DIM2 ON TPCDS.DATE_DIM2.D_DATE_SK = TPCDS.CUSTOMER.C_FIRST_SHIPTO_DATE_SK WHERE TPCDS.DATE_DIM2.D_SAME_DAY_LQ <= 2473171 AND TPCDS.DATE_DIM2.D_FY_WEEK_SEQ >= 4468"
6752,"SELECT TPCDS.CATALOG_PAGE.CP_START_DATE_SK , TPCDS.DATE_DIM2.D_FIRST_DOM FROM TPCDS.CATALOG_PAGE INNER JOIN TPCDS.DATE_DIM2 ON TPCDS.DATE_DIM2.D_DATE_SK = TPCDS.CATALOG_PAGE.CP_END_DATE_SK WHERE TPCDS.CATALOG_PAGE.CP_CATALOG_PAGE_SK <= 9948 AND TPCDS.CATALOG_PAGE.CP_CATALOG_PAGE_NUMBER = 33"
6753,"SELECT TPCDS.CATALOG_SALES.CS_BILL_CDEMO_SK , TPCDS.DATE_DIM2.D_DOM FROM TPCDS.CATALOG_SALES INNER JOIN TPCDS.DATE_DIM2 ON TPCDS.DATE_DIM2.D_DATE_SK = TPCDS.CATALOG_SALES.CS_SHIP_DATE_SK WHERE TPCDS.DATE_DIM2.D_WEEK_SEQ >= 2791 AND TPCDS.CATALOG_SALES.CS_BILL_CDEMO_SK <= 1417812"
6754,"SELECT TPCDS.CATALOG_SALES.CS_ORDER_NUMBER , TPCDS.DATE_DIM2.D_QUARTER_SEQ FROM TPCDS.CATALOG_SALES INNER JOIN TPCDS.DATE_DIM2 ON TPCDS.DATE_DIM2.D_DATE_SK = TPCDS.CATALOG_SALES.CS_SHIP_DATE_SK WHERE TPCDS.CATALOG_SALES.CS_WAREHOUSE_SK = 5 AND TPCDS.DATE_DIM2.D_DOM = 21"
6755,"SELECT TPCDS.WEB_SALES.WS_SHIP_CUSTOMER_SK , TPCDS.DATE_DIM2.D_MONTH_SEQ FROM TPCDS.WEB_SALES INNER JOIN TPCDS.DATE_DIM2 ON TPCDS.DATE_DIM2.D_DATE_SK = TPCDS.WEB_SALES.WS_SHIP_DATE_SK WHERE TPCDS.WEB_SALES.WS_PROMO_SK >= 231 AND TPCDS.WEB_SALES.WS_QUANTITY <= 40"
6756,"SELECT TPCDS.CATALOG_SALES.CS_BILL_ADDR_SK , TPCDS.DATE_DIM2.D_SAME_DAY_LY FROM TPCDS.CATALOG_SALES INNER JOIN TPCDS.DATE_DIM2 ON TPCDS.DATE_DIM2.D_DATE_SK = TPCDS.CATALOG_SALES.CS_SHIP_DATE_SK WHERE TPCDS.CATALOG_SALES.CS_PROMO_SK = 1 AND TPCDS.CATALOG_SALES.CS_EXT_SALES_PRICE <= +00093.00"
6757,"SELECT TPCDS.STORE.S_DIVISION_ID , TPCDS.DATE_DIM2.D_QUARTER_SEQ FROM TPCDS.STORE INNER JOIN TPCDS.DATE_DIM2 ON TPCDS.DATE_DIM2.D_DATE_SK = TPCDS.STORE.S_CLOSED_DATE_SK WHERE TPCDS.DATE_DIM2.D_LAST_DOM >= 2423538 AND TPCDS.DATE_DIM2.D_QOY = 1"
6758,"SELECT TPCDS.WEB_SALES.WS_BILL_ADDR_SK , TPCDS.DATE_DIM2.D_WEEK_SEQ FROM TPCDS.WEB_SALES INNER JOIN TPCDS.DATE_DIM2 ON TPCDS.DATE_DIM2.D_DATE_SK = TPCDS.WEB_SALES.WS_SHIP_DATE_SK WHERE TPCDS.DATE_DIM2.D_DATE_SK <= 2476536 AND TPCDS.WEB_SALES.WS_NET_PROFIT = +13066.20"
6759,"SELECT TPCDS.DATE_DIM2.D_FY_QUARTER_SEQ , TPCDS.CUSTOMER.C_CUSTOMER_SK FROM TPCDS.DATE_DIM2 INNER JOIN TPCDS.CUSTOMER ON TPCDS.CUSTOMER.C_FIRST_SHIPTO_DATE_SK = TPCDS.DATE_DIM2.D_DATE_SK WHERE TPCDS.DATE_DIM2.D_SAME_DAY_LY <= 2480693 AND TPCDS.CUSTOMER.C_BIRTH_MONTH >= 1"
6760,"SELECT TPCDS.DATE_DIM2.D_YEAR , TPCDS.CATALOG_SALES.CS_ORDER_NUMBER FROM TPCDS.DATE_DIM2 INNER JOIN TPCDS.CATALOG_SALES ON TPCDS.CATALOG_SALES.CS_SHIP_DATE_SK = TPCDS.DATE_DIM2.D_DATE_SK WHERE TPCDS.DATE_DIM2.D_QOY >= 1 AND TPCDS.DATE_DIM2.D_YEAR >= 1973"
6761,"SELECT TPCDS.WEB_PAGE.WP_CHAR_COUNT , TPCDS.DATE_DIM2.D_FIRST_DOM FROM TPCDS.WEB_PAGE INNER JOIN TPCDS.DATE_DIM2 ON TPCDS.DATE_DIM2.D_DATE_SK = TPCDS.WEB_PAGE.WP_ACCESS_DATE_SK WHERE TPCDS.WEB_PAGE.WP_IMAGE_COUNT = 6 AND TPCDS.DATE_DIM2.D_QOY <= 1"
6762,"SELECT TPCDS.WEB_SALES.WS_EXT_SALES_PRICE , TPCDS.DATE_DIM2.D_LAST_DOM FROM TPCDS.WEB_SALES INNER JOIN TPCDS.DATE_DIM2 ON TPCDS.DATE_DIM2.D_DATE_SK = TPCDS.WEB_SALES.WS_SHIP_DATE_SK WHERE TPCDS.WEB_SALES.WS_SALES_PRICE >= +00004.12 AND TPCDS.WEB_SALES.WS_EXT_SHIP_COST >= +00306.57"
6763,"SELECT TPCDS.DATE_DIM2.D_FY_YEAR , TPCDS.CATALOG_SALES.CS_EXT_SHIP_COST FROM TPCDS.DATE_DIM2 INNER JOIN TPCDS.CATALOG_SALES ON TPCDS.CATALOG_SALES.CS_SHIP_DATE_SK = TPCDS.DATE_DIM2.D_DATE_SK WHERE TPCDS.CATALOG_SALES.CS_EXT_DISCOUNT_AMT >= +09088.60 AND TPCDS.DATE_DIM2.D_MOY = 2"
6764,"SELECT TPCDS.CUSTOMER.C_CURRENT_ADDR_SK , TPCDS.DATE_DIM2.D_SAME_DAY_LQ FROM TPCDS.CUSTOMER INNER JOIN TPCDS.DATE_DIM2 ON TPCDS.DATE_DIM2.D_DATE_SK = TPCDS.CUSTOMER.C_FIRST_SHIPTO_DATE_SK WHERE TPCDS.DATE_DIM2.D_SAME_DAY_LQ <= 2453462 AND TPCDS.DATE_DIM2.D_FY_YEAR <= 2070"
6765,"SELECT TPCDS.WEB_PAGE.WP_CREATION_DATE_SK , TPCDS.DATE_DIM2.D_SAME_DAY_LQ FROM TPCDS.WEB_PAGE INNER JOIN TPCDS.DATE_DIM2 ON TPCDS.DATE_DIM2.D_DATE_SK = TPCDS.WEB_PAGE.WP_ACCESS_DATE_SK WHERE TPCDS.DATE_DIM2.D_FY_YEAR >= 1958 AND TPCDS.WEB_PAGE.WP_IMAGE_COUNT >= 2"
6766,"SELECT TPCDS.WEB_SALES.WS_BILL_ADDR_SK , TPCDS.DATE_DIM2.D_MONTH_SEQ FROM TPCDS.WEB_SALES INNER JOIN TPCDS.DATE_DIM2 ON TPCDS.DATE_DIM2.D_DATE_SK = TPCDS.WEB_SALES.WS_SHIP_DATE_SK WHERE TPCDS.WEB_SALES.WS_SOLD_TIME_SK = 34648 AND TPCDS.WEB_SALES.WS_SHIP_HDEMO_SK >= 1128"
6767,"SELECT TPCDS.STORE.S_GMT_OFFSET , TPCDS.DATE_DIM2.D_QUARTER_SEQ FROM TPCDS.STORE INNER JOIN TPCDS.DATE_DIM2 ON TPCDS.DATE_DIM2.D_DATE_SK = TPCDS.STORE.S_CLOSED_DATE_SK WHERE TPCDS.STORE.S_COMPANY_ID <= 1 AND TPCDS.STORE.S_DIVISION_ID >= 1"
6768,"SELECT TPCDS.WEB_SALES.WS_NET_PAID_INC_SHIP , TPCDS.DATE_DIM2.D_QOY FROM TPCDS.WEB_SALES INNER JOIN TPCDS.DATE_DIM2 ON TPCDS.DATE_DIM2.D_DATE_SK = TPCDS.WEB_SALES.WS_SHIP_DATE_SK WHERE TPCDS.WEB_SALES.WS_EXT_SHIP_COST = +00038.64 AND TPCDS.WEB_SALES.WS_SHIP_MODE_SK >= 1"
6769,"SELECT TPCDS.WEB_SALES.WS_NET_PAID_INC_SHIP_TAX , TPCDS.DATE_DIM2.D_LAST_DOM FROM TPCDS.WEB_SALES INNER JOIN TPCDS.DATE_DIM2 ON TPCDS.DATE_DIM2.D_DATE_SK = TPCDS.WEB_SALES.WS_SHIP_DATE_SK WHERE TPCDS.DATE_DIM2.D_DOW >= 0 AND TPCDS.WEB_SALES.WS_PROMO_SK = 186"
6770,"SELECT TPCDS.WEB_SITE.WEB_COMPANY_ID , TPCDS.DATE_DIM2.D_WEEK_SEQ FROM TPCDS.WEB_SITE INNER JOIN TPCDS.DATE_DIM2 ON TPCDS.DATE_DIM2.D_DATE_SK = TPCDS.WEB_SITE.WEB_CLOSE_DATE_SK WHERE TPCDS.WEB_SITE.WEB_GMT_OFFSET <= -005.00 AND TPCDS.WEB_SITE.WEB_TAX_PERCENTAGE <= +000.12"
6771,"SELECT TPCDS.CATALOG_PAGE.CP_CATALOG_PAGE_NUMBER , TPCDS.DATE_DIM2.D_FIRST_DOM FROM TPCDS.CATALOG_PAGE INNER JOIN TPCDS.DATE_DIM2 ON TPCDS.DATE_DIM2.D_DATE_SK = TPCDS.CATALOG_PAGE.CP_END_DATE_SK WHERE TPCDS.DATE_DIM2.D_MOY <= 3 AND TPCDS.DATE_DIM2.D_QUARTER_SEQ <= 432"
6772,"SELECT TPCDS.DATE_DIM2.D_MONTH_SEQ , TPCDS.CATALOG_SALES.CS_LIST_PRICE FROM TPCDS.DATE_DIM2 INNER JOIN TPCDS.CATALOG_SALES ON TPCDS.CATALOG_SALES.CS_SHIP_DATE_SK = TPCDS.DATE_DIM2.D_DATE_SK WHERE TPCDS.CATALOG_SALES.CS_NET_PAID_INC_SHIP_TAX = +01220.03 AND TPCDS.CATALOG_SALES.CS_SHIP_CUSTOMER_SK <= 9866"
6773,"SELECT TPCDS.WEB_SALES.WS_SHIP_ADDR_SK , TPCDS.DATE_DIM2.D_DOM FROM TPCDS.WEB_SALES INNER JOIN TPCDS.DATE_DIM2 ON TPCDS.DATE_DIM2.D_DATE_SK = TPCDS.WEB_SALES.WS_SHIP_DATE_SK WHERE TPCDS.WEB_SALES.WS_COUPON_AMT >= +03163.36 AND TPCDS.WEB_SALES.WS_SHIP_MODE_SK >= 1"
6774,"SELECT TPCDS.WEB_PAGE.WP_LINK_COUNT , TPCDS.DATE_DIM2.D_SAME_DAY_LQ FROM TPCDS.WEB_PAGE INNER JOIN TPCDS.DATE_DIM2 ON TPCDS.DATE_DIM2.D_DATE_SK = TPCDS.WEB_PAGE.WP_ACCESS_DATE_SK WHERE TPCDS.DATE_DIM2.D_MOY <= 10 AND TPCDS.WEB_PAGE.WP_MAX_AD_COUNT >= 1"
6775,"SELECT TPCDS.CUSTOMER.C_FIRST_SALES_DATE_SK , TPCDS.DATE_DIM2.D_FY_QUARTER_SEQ FROM TPCDS.CUSTOMER INNER JOIN TPCDS.DATE_DIM2 ON TPCDS.DATE_DIM2.D_DATE_SK = TPCDS.CUSTOMER.C_FIRST_SHIPTO_DATE_SK WHERE TPCDS.CUSTOMER.C_CURRENT_ADDR_SK <= 10571 AND TPCDS.DATE_DIM2.D_FY_QUARTER_SEQ <= 511"
6776,"SELECT TPCDS.WEB_SALES.WS_ORDER_NUMBER , TPCDS.DATE_DIM2.D_SAME_DAY_LY FROM TPCDS.WEB_SALES INNER JOIN TPCDS.DATE_DIM2 ON TPCDS.DATE_DIM2.D_DATE_SK = TPCDS.WEB_SALES.WS_SHIP_DATE_SK WHERE TPCDS.WEB_SALES.WS_ITEM_SK <= 1891 AND TPCDS.WEB_SALES.WS_NET_PROFIT <= -00412.80"
6777,"SELECT TPCDS.PROMOTION.P_RESPONSE_TARGET , TPCDS.DATE_DIM2.D_FIRST_DOM FROM TPCDS.PROMOTION INNER JOIN TPCDS.DATE_DIM2 ON TPCDS.DATE_DIM2.D_DATE_SK = TPCDS.PROMOTION.P_END_DATE_SK WHERE TPCDS.PROMOTION.P_START_DATE_SK >= 2450239 AND TPCDS.DATE_DIM2.D_MOY >= 2"
6778,"SELECT TPCDS.WEB_SALES.WS_EXT_SALES_PRICE , TPCDS.DATE_DIM2.D_LAST_DOM FROM TPCDS.WEB_SALES INNER JOIN TPCDS.DATE_DIM2 ON TPCDS.DATE_DIM2.D_DATE_SK = TPCDS.WEB_SALES.WS_SHIP_DATE_SK WHERE TPCDS.WEB_SALES.WS_SHIP_DATE_SK >= 2451663 AND TPCDS.WEB_SALES.WS_WEB_SITE_SK = 7"
6779,"SELECT TPCDS.CATALOG_SALES.CS_CATALOG_PAGE_SK , TPCDS.DATE_DIM2.D_SAME_DAY_LY FROM TPCDS.CATALOG_SALES INNER JOIN TPCDS.DATE_DIM2 ON TPCDS.DATE_DIM2.D_DATE_SK = TPCDS.CATALOG_SALES.CS_SHIP_DATE_SK WHERE TPCDS.CATALOG_SALES.CS_QUANTITY = 16 AND TPCDS.DATE_DIM2.D_DOW <= 1"
6780,"SELECT TPCDS.DATE_DIM2.D_FIRST_DOM , TPCDS.CATALOG_PAGE.CP_START_DATE_SK FROM TPCDS.DATE_DIM2 INNER JOIN TPCDS.CATALOG_PAGE ON TPCDS.CATALOG_PAGE.CP_END_DATE_SK = TPCDS.DATE_DIM2.D_DATE_SK WHERE TPCDS.DATE_DIM2.D_QOY = 2 AND TPCDS.CATALOG_PAGE.CP_CATALOG_NUMBER >= 11"
6781,"SELECT TPCDS.WEB_SALES.WS_WEB_SITE_SK , TPCDS.DATE_DIM2.D_FY_QUARTER_SEQ FROM TPCDS.WEB_SALES INNER JOIN TPCDS.DATE_DIM2 ON TPCDS.DATE_DIM2.D_DATE_SK = TPCDS.WEB_SALES.WS_SHIP_DATE_SK WHERE TPCDS.DATE_DIM2.D_DOW = 5 AND TPCDS.DATE_DIM2.D_FIRST_DOM <= 2488039"
6782,"SELECT TPCDS.CATALOG_SALES.CS_PROMO_SK , TPCDS.DATE_DIM2.D_DATE_SK FROM TPCDS.CATALOG_SALES INNER JOIN TPCDS.DATE_DIM2 ON TPCDS.DATE_DIM2.D_DATE_SK = TPCDS.CATALOG_SALES.CS_SHIP_DATE_SK WHERE TPCDS.CATALOG_SALES.CS_EXT_WHOLESALE_COST >= +03299.67 AND TPCDS.CATALOG_SALES.CS_SHIP_DATE_SK <= 2451028"
6783,"SELECT TPCDS.WEB_PAGE.WP_IMAGE_COUNT , TPCDS.DATE_DIM2.D_QOY FROM TPCDS.WEB_PAGE INNER JOIN TPCDS.DATE_DIM2 ON TPCDS.DATE_DIM2.D_DATE_SK = TPCDS.WEB_PAGE.WP_ACCESS_DATE_SK WHERE TPCDS.DATE_DIM2.D_SAME_DAY_LY >= 2449824 AND TPCDS.WEB_PAGE.WP_CHAR_COUNT = 1308"
6784,"SELECT TPCDS.CATALOG_PAGE.CP_CATALOG_NUMBER , TPCDS.DATE_DIM2.D_DOM FROM TPCDS.CATALOG_PAGE INNER JOIN TPCDS.DATE_DIM2 ON TPCDS.DATE_DIM2.D_DATE_SK = TPCDS.CATALOG_PAGE.CP_END_DATE_SK WHERE TPCDS.DATE_DIM2.D_WEEK_SEQ >= 5025 AND TPCDS.DATE_DIM2.D_DOW <= 3"
6785,"SELECT TPCDS.CATALOG_SALES.CS_SOLD_DATE_SK , TPCDS.DATE_DIM2.D_FIRST_DOM FROM TPCDS.CATALOG_SALES INNER JOIN TPCDS.DATE_DIM2 ON TPCDS.DATE_DIM2.D_DATE_SK = TPCDS.CATALOG_SALES.CS_SHIP_DATE_SK WHERE TPCDS.CATALOG_SALES.CS_EXT_SALES_PRICE >= +01532.05 AND TPCDS.CATALOG_SALES.CS_BILL_CDEMO_SK >= 1417812"
6786,"SELECT TPCDS.CUSTOMER.C_CURRENT_HDEMO_SK , TPCDS.DATE_DIM2.D_WEEK_SEQ FROM TPCDS.CUSTOMER INNER JOIN TPCDS.DATE_DIM2 ON TPCDS.DATE_DIM2.D_DATE_SK = TPCDS.CUSTOMER.C_FIRST_SHIPTO_DATE_SK WHERE TPCDS.CUSTOMER.C_CURRENT_CDEMO_SK = 1887513 AND TPCDS.DATE_DIM2.D_FY_QUARTER_SEQ >= 386"
6787,"SELECT TPCDS.CUSTOMER.C_CURRENT_CDEMO_SK , TPCDS.DATE_DIM2.D_SAME_DAY_LY FROM TPCDS.CUSTOMER INNER JOIN TPCDS.DATE_DIM2 ON TPCDS.DATE_DIM2.D_DATE_SK = TPCDS.CUSTOMER.C_FIRST_SHIPTO_DATE_SK WHERE TPCDS.DATE_DIM2.D_SAME_DAY_LY >= 2414746 AND TPCDS.DATE_DIM2.D_MOY = 1"
6788,"SELECT TPCDS.PROMOTION.P_COST , TPCDS.DATE_DIM2.D_LAST_DOM FROM TPCDS.PROMOTION INNER JOIN TPCDS.DATE_DIM2 ON TPCDS.DATE_DIM2.D_DATE_SK = TPCDS.PROMOTION.P_END_DATE_SK WHERE TPCDS.DATE_DIM2.D_FIRST_DOM <= 2473246 AND TPCDS.PROMOTION.P_RESPONSE_TARGET = 1"
6789,"SELECT TPCDS.DATE_DIM2.D_QOY , TPCDS.PROMOTION.P_START_DATE_SK FROM TPCDS.DATE_DIM2 INNER JOIN TPCDS.PROMOTION ON TPCDS.PROMOTION.P_END_DATE_SK = TPCDS.DATE_DIM2.D_DATE_SK WHERE TPCDS.DATE_DIM2.D_YEAR <= 2070 AND TPCDS.PROMOTION.P_COST = +0000000001000.00"
6790,"SELECT TPCDS.WEB_SALES.WS_SHIP_HDEMO_SK , TPCDS.DATE_DIM2.D_DOW FROM TPCDS.WEB_SALES INNER JOIN TPCDS.DATE_DIM2 ON TPCDS.DATE_DIM2.D_DATE_SK = TPCDS.WEB_SALES.WS_SHIP_DATE_SK WHERE TPCDS.WEB_SALES.WS_WEB_PAGE_SK <= 25 AND TPCDS.WEB_SALES.WS_SHIP_DATE_SK = 2452278"
6791,"SELECT TPCDS.WEB_SALES.WS_BILL_HDEMO_SK , TPCDS.DATE_DIM2.D_QOY FROM TPCDS.WEB_SALES INNER JOIN TPCDS.DATE_DIM2 ON TPCDS.DATE_DIM2.D_DATE_SK = TPCDS.WEB_SALES.WS_SHIP_DATE_SK WHERE TPCDS.DATE_DIM2.D_SAME_DAY_LY <= 2472896 AND TPCDS.WEB_SALES.WS_QUANTITY = 91"
6792,"SELECT TPCDS.WEB_PAGE.WP_WEB_PAGE_SK , TPCDS.DATE_DIM2.D_WEEK_SEQ FROM TPCDS.WEB_PAGE INNER JOIN TPCDS.DATE_DIM2 ON TPCDS.DATE_DIM2.D_DATE_SK = TPCDS.WEB_PAGE.WP_ACCESS_DATE_SK WHERE TPCDS.DATE_DIM2.D_DOW >= 6 AND TPCDS.DATE_DIM2.D_LAST_DOM <= 2471754"
6793,"SELECT TPCDS.WEB_SITE.WEB_CLOSE_DATE_SK , TPCDS.DATE_DIM2.D_FY_YEAR FROM TPCDS.WEB_SITE INNER JOIN TPCDS.DATE_DIM2 ON TPCDS.DATE_DIM2.D_DATE_SK = TPCDS.WEB_SITE.WEB_CLOSE_DATE_SK WHERE TPCDS.WEB_SITE.WEB_GMT_OFFSET >= -005.00 AND TPCDS.DATE_DIM2.D_MOY = 5"
6794,"SELECT TPCDS.CATALOG_PAGE.CP_END_DATE_SK , TPCDS.DATE_DIM2.D_FY_WEEK_SEQ FROM TPCDS.CATALOG_PAGE INNER JOIN TPCDS.DATE_DIM2 ON TPCDS.DATE_DIM2.D_DATE_SK = TPCDS.CATALOG_PAGE.CP_END_DATE_SK WHERE TPCDS.CATALOG_PAGE.CP_END_DATE_SK >= 2452029 AND TPCDS.DATE_DIM2.D_DOW <= 2"
6795,"SELECT TPCDS.CATALOG_SALES.CS_EXT_LIST_PRICE , TPCDS.DATE_DIM2.D_FY_QUARTER_SEQ FROM TPCDS.CATALOG_SALES INNER JOIN TPCDS.DATE_DIM2 ON TPCDS.DATE_DIM2.D_DATE_SK = TPCDS.CATALOG_SALES.CS_SHIP_DATE_SK WHERE TPCDS.DATE_DIM2.D_MONTH_SEQ <= 1292 AND TPCDS.CATALOG_SALES.CS_BILL_ADDR_SK = 21044"
6796,"SELECT TPCDS.CATALOG_SALES.CS_NET_PROFIT , TPCDS.DATE_DIM2.D_YEAR FROM TPCDS.CATALOG_SALES INNER JOIN TPCDS.DATE_DIM2 ON TPCDS.DATE_DIM2.D_DATE_SK = TPCDS.CATALOG_SALES.CS_SHIP_DATE_SK WHERE TPCDS.CATALOG_SALES.CS_COUPON_AMT = +00176.94 AND TPCDS.CATALOG_SALES.CS_EXT_LIST_PRICE >= +01747.20"
6797,"SELECT TPCDS.CATALOG_SALES.CS_SHIP_CDEMO_SK , TPCDS.DATE_DIM2.D_DATE_SK FROM TPCDS.CATALOG_SALES INNER JOIN TPCDS.DATE_DIM2 ON TPCDS.DATE_DIM2.D_DATE_SK = TPCDS.CATALOG_SALES.CS_SHIP_DATE_SK WHERE TPCDS.CATALOG_SALES.CS_PROMO_SK <= 140 AND TPCDS.CATALOG_SALES.CS_SALES_PRICE = +00003.49"
6798,"SELECT TPCDS.WEB_SITE.WEB_COMPANY_ID , TPCDS.DATE_DIM2.D_SAME_DAY_LY FROM TPCDS.WEB_SITE INNER JOIN TPCDS.DATE_DIM2 ON TPCDS.DATE_DIM2.D_DATE_SK = TPCDS.WEB_SITE.WEB_CLOSE_DATE_SK WHERE TPCDS.WEB_SITE.WEB_SITE_SK = 11 AND TPCDS.WEB_SITE.WEB_GMT_OFFSET = -005.00"
6799,"SELECT TPCDS.WEB_PAGE.WP_IMAGE_COUNT , TPCDS.DATE_DIM2.D_MOY FROM TPCDS.WEB_PAGE INNER JOIN TPCDS.DATE_DIM2 ON TPCDS.DATE_DIM2.D_DATE_SK = TPCDS.WEB_PAGE.WP_ACCESS_DATE_SK WHERE TPCDS.DATE_DIM2.D_MOY = 1 AND TPCDS.WEB_PAGE.WP_CUSTOMER_SK <= 98376"
6800,"SELECT TPCDS.DATE_DIM2.D_FY_QUARTER_SEQ , TPCDS.CATALOG_SALES.CS_PROMO_SK FROM TPCDS.DATE_DIM2 INNER JOIN TPCDS.CATALOG_SALES ON TPCDS.CATALOG_SALES.CS_SHIP_DATE_SK = TPCDS.DATE_DIM2.D_DATE_SK WHERE TPCDS.CATALOG_SALES.CS_SOLD_TIME_SK >= 50 AND TPCDS.CATALOG_SALES.CS_SHIP_HDEMO_SK = 1102"
6801,"SELECT TPCDS.DATE_DIM2.D_SAME_DAY_LQ , TPCDS.WEB_SALES.WS_SHIP_CUSTOMER_SK FROM TPCDS.DATE_DIM2 INNER JOIN TPCDS.WEB_SALES ON TPCDS.WEB_SALES.WS_SHIP_DATE_SK = TPCDS.DATE_DIM2.D_DATE_SK WHERE TPCDS.WEB_SALES.WS_ORDER_NUMBER <= 16831 AND TPCDS.WEB_SALES.WS_WEB_SITE_SK >= 20"
6802,"SELECT TPCDS.WEB_SALES.WS_EXT_SHIP_COST , TPCDS.DATE_DIM2.D_DOM FROM TPCDS.WEB_SALES INNER JOIN TPCDS.DATE_DIM2 ON TPCDS.DATE_DIM2.D_DATE_SK = TPCDS.WEB_SALES.WS_SHIP_DATE_SK WHERE TPCDS.WEB_SALES.WS_SHIP_DATE_SK = 2452327 AND TPCDS.WEB_SALES.WS_COUPON_AMT >= +10668.98"
6803,"SELECT TPCDS.WEB_PAGE.WP_CREATION_DATE_SK , TPCDS.DATE_DIM2.D_QOY FROM TPCDS.WEB_PAGE INNER JOIN TPCDS.DATE_DIM2 ON TPCDS.DATE_DIM2.D_DATE_SK = TPCDS.WEB_PAGE.WP_ACCESS_DATE_SK WHERE TPCDS.WEB_PAGE.WP_MAX_AD_COUNT = 3 AND TPCDS.WEB_PAGE.WP_CHAR_COUNT <= 4894"
6804,"SELECT TPCDS.CATALOG_SALES.CS_NET_PAID , TPCDS.DATE_DIM2.D_DATE_SK FROM TPCDS.CATALOG_SALES INNER JOIN TPCDS.DATE_DIM2 ON TPCDS.DATE_DIM2.D_DATE_SK = TPCDS.CATALOG_SALES.CS_SHIP_DATE_SK WHERE TPCDS.CATALOG_SALES.CS_PROMO_SK <= 214 AND TPCDS.CATALOG_SALES.CS_SHIP_DATE_SK >= 2452163"
6805,"SELECT TPCDS.DATE_DIM2.D_DATE_SK , TPCDS.WEB_SALES.WS_BILL_HDEMO_SK FROM TPCDS.DATE_DIM2 INNER JOIN TPCDS.WEB_SALES ON TPCDS.WEB_SALES.WS_SHIP_DATE_SK = TPCDS.DATE_DIM2.D_DATE_SK WHERE TPCDS.DATE_DIM2.D_LAST_DOM <= 2488372 AND TPCDS.WEB_SALES.WS_SOLD_TIME_SK = 37833"
6806,"SELECT TPCDS.CATALOG_SALES.CS_BILL_HDEMO_SK , TPCDS.DATE_DIM2.D_WEEK_SEQ FROM TPCDS.CATALOG_SALES INNER JOIN TPCDS.DATE_DIM2 ON TPCDS.DATE_DIM2.D_DATE_SK = TPCDS.CATALOG_SALES.CS_SHIP_DATE_SK WHERE TPCDS.CATALOG_SALES.CS_SOLD_TIME_SK <= 44804 AND TPCDS.DATE_DIM2.D_WEEK_SEQ <= 6268"
6807,"SELECT TPCDS.WEB_SALES.WS_SOLD_TIME_SK , TPCDS.DATE_DIM2.D_MONTH_SEQ FROM TPCDS.WEB_SALES INNER JOIN TPCDS.DATE_DIM2 ON TPCDS.DATE_DIM2.D_DATE_SK = TPCDS.WEB_SALES.WS_SHIP_DATE_SK WHERE TPCDS.WEB_SALES.WS_LIST_PRICE <= +00007.87 AND TPCDS.WEB_SALES.WS_SHIP_ADDR_SK >= 8167"
6808,"SELECT TPCDS.CATALOG_SALES.CS_BILL_HDEMO_SK , TPCDS.DATE_DIM2.D_WEEK_SEQ FROM TPCDS.CATALOG_SALES INNER JOIN TPCDS.DATE_DIM2 ON TPCDS.DATE_DIM2.D_DATE_SK = TPCDS.CATALOG_SALES.CS_SHIP_DATE_SK WHERE TPCDS.CATALOG_SALES.CS_SHIP_CUSTOMER_SK <= 33557 AND TPCDS.CATALOG_SALES.CS_WAREHOUSE_SK = 2"
6809,"SELECT TPCDS.CATALOG_SALES.CS_WAREHOUSE_SK , TPCDS.DATE_DIM2.D_DOM FROM TPCDS.CATALOG_SALES INNER JOIN TPCDS.DATE_DIM2 ON TPCDS.DATE_DIM2.D_DATE_SK = TPCDS.CATALOG_SALES.CS_SHIP_DATE_SK WHERE TPCDS.CATALOG_SALES.CS_EXT_TAX >= +00022.48 AND TPCDS.CATALOG_SALES.CS_SHIP_MODE_SK >= 12"
6810,"SELECT TPCDS.DATE_DIM2.D_QOY , TPCDS.CATALOG_SALES.CS_SOLD_DATE_SK FROM TPCDS.DATE_DIM2 INNER JOIN TPCDS.CATALOG_SALES ON TPCDS.CATALOG_SALES.CS_SHIP_DATE_SK = TPCDS.DATE_DIM2.D_DATE_SK WHERE TPCDS.CATALOG_SALES.CS_SALES_PRICE <= +00046.43 AND TPCDS.CATALOG_SALES.CS_SHIP_MODE_SK <= 3"
6811,"SELECT TPCDS.CATALOG_PAGE.CP_CATALOG_PAGE_NUMBER , TPCDS.DATE_DIM2.D_LAST_DOM FROM TPCDS.CATALOG_PAGE INNER JOIN TPCDS.DATE_DIM2 ON TPCDS.DATE_DIM2.D_DATE_SK = TPCDS.CATALOG_PAGE.CP_END_DATE_SK WHERE TPCDS.CATALOG_PAGE.CP_CATALOG_NUMBER >= 98 AND TPCDS.DATE_DIM2.D_FY_QUARTER_SEQ <= 441"
6812,"SELECT TPCDS.WEB_PAGE.WP_WEB_PAGE_SK , TPCDS.DATE_DIM2.D_FIRST_DOM FROM TPCDS.WEB_PAGE INNER JOIN TPCDS.DATE_DIM2 ON TPCDS.DATE_DIM2.D_DATE_SK = TPCDS.WEB_PAGE.WP_ACCESS_DATE_SK WHERE TPCDS.WEB_PAGE.WP_LINK_COUNT = 2 AND TPCDS.DATE_DIM2.D_QUARTER_SEQ >= 343"
6813,"SELECT TPCDS.PROMOTION.P_RESPONSE_TARGET , TPCDS.DATE_DIM2.D_FIRST_DOM FROM TPCDS.PROMOTION INNER JOIN TPCDS.DATE_DIM2 ON TPCDS.DATE_DIM2.D_DATE_SK = TPCDS.PROMOTION.P_END_DATE_SK WHERE TPCDS.DATE_DIM2.D_FY_YEAR >= 1953 AND TPCDS.DATE_DIM2.D_MOY = 12"
6814,"SELECT TPCDS.WEB_PAGE.WP_WEB_PAGE_SK , TPCDS.DATE_DIM2.D_QUARTER_SEQ FROM TPCDS.WEB_PAGE INNER JOIN TPCDS.DATE_DIM2 ON TPCDS.DATE_DIM2.D_DATE_SK = TPCDS.WEB_PAGE.WP_ACCESS_DATE_SK WHERE TPCDS.DATE_DIM2.D_WEEK_SEQ >= 1721 AND TPCDS.DATE_DIM2.D_DOM = 27"
6815,"SELECT TPCDS.STORE.S_CLOSED_DATE_SK , TPCDS.DATE_DIM2.D_WEEK_SEQ FROM TPCDS.STORE INNER JOIN TPCDS.DATE_DIM2 ON TPCDS.DATE_DIM2.D_DATE_SK = TPCDS.STORE.S_CLOSED_DATE_SK WHERE TPCDS.STORE.S_NUMBER_EMPLOYEES <= 236 AND TPCDS.DATE_DIM2.D_WEEK_SEQ <= 8445"
6816,"SELECT TPCDS.WEB_SALES.WS_BILL_ADDR_SK , TPCDS.DATE_DIM2.D_FY_YEAR FROM TPCDS.WEB_SALES INNER JOIN TPCDS.DATE_DIM2 ON TPCDS.DATE_DIM2.D_DATE_SK = TPCDS.WEB_SALES.WS_SHIP_DATE_SK WHERE TPCDS.WEB_SALES.WS_SHIP_HDEMO_SK = 4086 AND TPCDS.WEB_SALES.WS_SHIP_CUSTOMER_SK >= 72299"
6817,"SELECT TPCDS.CATALOG_PAGE.CP_END_DATE_SK , TPCDS.DATE_DIM2.D_LAST_DOM FROM TPCDS.CATALOG_PAGE INNER JOIN TPCDS.DATE_DIM2 ON TPCDS.DATE_DIM2.D_DATE_SK = TPCDS.CATALOG_PAGE.CP_END_DATE_SK WHERE TPCDS.DATE_DIM2.D_MOY = 4 AND TPCDS.DATE_DIM2.D_FY_WEEK_SEQ <= 9947"
6818,"SELECT TPCDS.WEB_SITE.WEB_CLOSE_DATE_SK , TPCDS.DATE_DIM2.D_DOM FROM TPCDS.WEB_SITE INNER JOIN TPCDS.DATE_DIM2 ON TPCDS.DATE_DIM2.D_DATE_SK = TPCDS.WEB_SITE.WEB_CLOSE_DATE_SK WHERE TPCDS.WEB_SITE.WEB_SITE_SK = 6 AND TPCDS.DATE_DIM2.D_DATE_SK <= 2472691"
6819,"SELECT TPCDS.PROMOTION.P_END_DATE_SK , TPCDS.DATE_DIM2.D_FY_QUARTER_SEQ FROM TPCDS.PROMOTION INNER JOIN TPCDS.DATE_DIM2 ON TPCDS.DATE_DIM2.D_DATE_SK = TPCDS.PROMOTION.P_END_DATE_SK WHERE TPCDS.DATE_DIM2.D_SAME_DAY_LQ <= 2454258 AND TPCDS.PROMOTION.P_START_DATE_SK <= 2450851"
6820,"SELECT TPCDS.CATALOG_SALES.CS_BILL_CDEMO_SK , TPCDS.DATE_DIM2.D_SAME_DAY_LY FROM TPCDS.CATALOG_SALES INNER JOIN TPCDS.DATE_DIM2 ON TPCDS.DATE_DIM2.D_DATE_SK = TPCDS.CATALOG_SALES.CS_SHIP_DATE_SK WHERE TPCDS.CATALOG_SALES.CS_WHOLESALE_COST <= +00003.63 AND TPCDS.CATALOG_SALES.CS_BILL_ADDR_SK >= 12548"
6821,"SELECT TPCDS.PROMOTION.P_COST , TPCDS.DATE_DIM2.D_FIRST_DOM FROM TPCDS.PROMOTION INNER JOIN TPCDS.DATE_DIM2 ON TPCDS.DATE_DIM2.D_DATE_SK = TPCDS.PROMOTION.P_END_DATE_SK WHERE TPCDS.PROMOTION.P_COST = +0000000001000.00 AND TPCDS.DATE_DIM2.D_LAST_DOM >= 2450265"
6822,"SELECT TPCDS.PROMOTION.P_START_DATE_SK , TPCDS.DATE_DIM2.D_DOM FROM TPCDS.PROMOTION INNER JOIN TPCDS.DATE_DIM2 ON TPCDS.DATE_DIM2.D_DATE_SK = TPCDS.PROMOTION.P_END_DATE_SK WHERE TPCDS.PROMOTION.P_COST = +0000000001000.00 AND TPCDS.PROMOTION.P_PROMO_SK = 39"
6823,"SELECT TPCDS.CATALOG_SALES.CS_SHIP_CUSTOMER_SK , TPCDS.DATE_DIM2.D_MONTH_SEQ FROM TPCDS.CATALOG_SALES INNER JOIN TPCDS.DATE_DIM2 ON TPCDS.DATE_DIM2.D_DATE_SK = TPCDS.CATALOG_SALES.CS_SHIP_DATE_SK WHERE TPCDS.CATALOG_SALES.CS_EXT_WHOLESALE_COST <= +00475.64 AND TPCDS.CATALOG_SALES.CS_BILL_ADDR_SK = 34497"
6824,"SELECT TPCDS.CUSTOMER.C_CURRENT_ADDR_SK , TPCDS.DATE_DIM2.D_QUARTER_SEQ FROM TPCDS.CUSTOMER INNER JOIN TPCDS.DATE_DIM2 ON TPCDS.DATE_DIM2.D_DATE_SK = TPCDS.CUSTOMER.C_FIRST_SHIPTO_DATE_SK WHERE TPCDS.CUSTOMER.C_CURRENT_ADDR_SK = 18984 AND TPCDS.DATE_DIM2.D_DOM = 15"
6825,"SELECT TPCDS.WEB_PAGE.WP_MAX_AD_COUNT , TPCDS.DATE_DIM2.D_FY_QUARTER_SEQ FROM TPCDS.WEB_PAGE INNER JOIN TPCDS.DATE_DIM2 ON TPCDS.DATE_DIM2.D_DATE_SK = TPCDS.WEB_PAGE.WP_ACCESS_DATE_SK WHERE TPCDS.DATE_DIM2.D_WEEK_SEQ >= 1 AND TPCDS.DATE_DIM2.D_QOY <= 1"
6826,"SELECT TPCDS.WEB_SALES.WS_BILL_HDEMO_SK , TPCDS.DATE_DIM2.D_QUARTER_SEQ FROM TPCDS.WEB_SALES INNER JOIN TPCDS.DATE_DIM2 ON TPCDS.DATE_DIM2.D_DATE_SK = TPCDS.WEB_SALES.WS_SHIP_DATE_SK WHERE TPCDS.WEB_SALES.WS_SHIP_CUSTOMER_SK >= 22315 AND TPCDS.WEB_SALES.WS_SHIP_CDEMO_SK <= 201771"
6827,"SELECT TPCDS.STORE.S_COMPANY_ID , TPCDS.DATE_DIM2.D_SAME_DAY_LQ FROM TPCDS.STORE INNER JOIN TPCDS.DATE_DIM2 ON TPCDS.DATE_DIM2.D_DATE_SK = TPCDS.STORE.S_CLOSED_DATE_SK WHERE TPCDS.STORE.S_TAX_PRECENTAGE <= +000.08 AND TPCDS.STORE.S_CLOSED_DATE_SK <= 2451044"
6828,"SELECT TPCDS.DATE_DIM2.D_SAME_DAY_LY , TPCDS.WEB_SALES.WS_WEB_PAGE_SK FROM TPCDS.DATE_DIM2 INNER JOIN TPCDS.WEB_SALES ON TPCDS.WEB_SALES.WS_SHIP_DATE_SK = TPCDS.DATE_DIM2.D_DATE_SK WHERE TPCDS.WEB_SALES.WS_EXT_DISCOUNT_AMT <= +04213.86 AND TPCDS.WEB_SALES.WS_WEB_SITE_SK = 13"
6829,"SELECT TPCDS.WEB_SITE.WEB_OPEN_DATE_SK , TPCDS.DATE_DIM2.D_SAME_DAY_LY FROM TPCDS.WEB_SITE INNER JOIN TPCDS.DATE_DIM2 ON TPCDS.DATE_DIM2.D_DATE_SK = TPCDS.WEB_SITE.WEB_CLOSE_DATE_SK WHERE TPCDS.DATE_DIM2.D_DOM <= 24 AND TPCDS.DATE_DIM2.D_FY_WEEK_SEQ <= 5619"
6830,"SELECT TPCDS.WEB_PAGE.WP_CHAR_COUNT , TPCDS.DATE_DIM2.D_MONTH_SEQ FROM TPCDS.WEB_PAGE INNER JOIN TPCDS.DATE_DIM2 ON TPCDS.DATE_DIM2.D_DATE_SK = TPCDS.WEB_PAGE.WP_ACCESS_DATE_SK WHERE TPCDS.WEB_PAGE.WP_ACCESS_DATE_SK = 2452568 AND TPCDS.DATE_DIM2.D_FY_QUARTER_SEQ <= 441"
6831,"SELECT TPCDS.STORE.S_FLOOR_SPACE , TPCDS.DATE_DIM2.D_DOM FROM TPCDS.STORE INNER JOIN TPCDS.DATE_DIM2 ON TPCDS.DATE_DIM2.D_DATE_SK = TPCDS.STORE.S_CLOSED_DATE_SK WHERE TPCDS.STORE.S_MARKET_ID <= 6 AND TPCDS.STORE.S_TAX_PRECENTAGE <= +000.03"
6832,"SELECT TPCDS.WEB_PAGE.WP_LINK_COUNT , TPCDS.DATE_DIM2.D_LAST_DOM FROM TPCDS.WEB_PAGE INNER JOIN TPCDS.DATE_DIM2 ON TPCDS.DATE_DIM2.D_DATE_SK = TPCDS.WEB_PAGE.WP_ACCESS_DATE_SK WHERE TPCDS.DATE_DIM2.D_FY_QUARTER_SEQ >= 343 AND TPCDS.WEB_PAGE.WP_CREATION_DATE_SK = 2450810"
6833,"SELECT TPCDS.PROMOTION.P_ITEM_SK , TPCDS.DATE_DIM2.D_SAME_DAY_LY FROM TPCDS.PROMOTION INNER JOIN TPCDS.DATE_DIM2 ON TPCDS.DATE_DIM2.D_DATE_SK = TPCDS.PROMOTION.P_END_DATE_SK WHERE TPCDS.PROMOTION.P_PROMO_SK >= 99 AND TPCDS.DATE_DIM2.D_FY_WEEK_SEQ <= 7848"
6834,"SELECT TPCDS.CATALOG_PAGE.CP_CATALOG_NUMBER , TPCDS.DATE_DIM2.D_FIRST_DOM FROM TPCDS.CATALOG_PAGE INNER JOIN TPCDS.DATE_DIM2 ON TPCDS.DATE_DIM2.D_DATE_SK = TPCDS.CATALOG_PAGE.CP_END_DATE_SK WHERE TPCDS.DATE_DIM2.D_QOY <= 1 AND TPCDS.CATALOG_PAGE.CP_CATALOG_NUMBER <= 59"
6835,"SELECT TPCDS.WEB_SITE.WEB_SITE_SK , TPCDS.DATE_DIM2.D_DATE_SK FROM TPCDS.WEB_SITE INNER JOIN TPCDS.DATE_DIM2 ON TPCDS.DATE_DIM2.D_DATE_SK = TPCDS.WEB_SITE.WEB_CLOSE_DATE_SK WHERE TPCDS.WEB_SITE.WEB_TAX_PERCENTAGE <= +000.08 AND TPCDS.DATE_DIM2.D_QUARTER_SEQ >= 215"
6836,"SELECT TPCDS.WEB_SALES.WS_BILL_ADDR_SK , TPCDS.DATE_DIM2.D_DATE_SK FROM TPCDS.WEB_SALES INNER JOIN TPCDS.DATE_DIM2 ON TPCDS.DATE_DIM2.D_DATE_SK = TPCDS.WEB_SALES.WS_SHIP_DATE_SK WHERE TPCDS.DATE_DIM2.D_DOM = 28 AND TPCDS.WEB_SALES.WS_NET_PAID_INC_TAX <= +01707.65"
6837,"SELECT TPCDS.CATALOG_SALES.CS_CALL_CENTER_SK , TPCDS.DATE_DIM2.D_DATE_SK FROM TPCDS.CATALOG_SALES INNER JOIN TPCDS.DATE_DIM2 ON TPCDS.DATE_DIM2.D_DATE_SK = TPCDS.CATALOG_SALES.CS_SHIP_DATE_SK WHERE TPCDS.CATALOG_SALES.CS_BILL_CDEMO_SK = 1920437 AND TPCDS.CATALOG_SALES.CS_EXT_SALES_PRICE >= +00000.00"
6838,"SELECT TPCDS.CATALOG_PAGE.CP_CATALOG_NUMBER , TPCDS.DATE_DIM2.D_FY_WEEK_SEQ FROM TPCDS.CATALOG_PAGE INNER JOIN TPCDS.DATE_DIM2 ON TPCDS.DATE_DIM2.D_DATE_SK = TPCDS.CATALOG_PAGE.CP_END_DATE_SK WHERE TPCDS.DATE_DIM2.D_MOY >= 7 AND TPCDS.DATE_DIM2.D_QOY <= 3"
6839,"SELECT TPCDS.WEB_SALES.WS_EXT_WHOLESALE_COST , TPCDS.DATE_DIM2.D_YEAR FROM TPCDS.WEB_SALES INNER JOIN TPCDS.DATE_DIM2 ON TPCDS.DATE_DIM2.D_DATE_SK = TPCDS.WEB_SALES.WS_SHIP_DATE_SK WHERE TPCDS.DATE_DIM2.D_QOY >= 2 AND TPCDS.DATE_DIM2.D_DOW >= 2"
6840,"SELECT TPCDS.WEB_PAGE.WP_CUSTOMER_SK , TPCDS.DATE_DIM2.D_QUARTER_SEQ FROM TPCDS.WEB_PAGE INNER JOIN TPCDS.DATE_DIM2 ON TPCDS.DATE_DIM2.D_DATE_SK = TPCDS.WEB_PAGE.WP_ACCESS_DATE_SK WHERE TPCDS.WEB_PAGE.WP_IMAGE_COUNT <= 4 AND TPCDS.WEB_PAGE.WP_ACCESS_DATE_SK <= 2452555"
6841,"SELECT TPCDS.STORE.S_COMPANY_ID , TPCDS.DATE_DIM2.D_SAME_DAY_LQ FROM TPCDS.STORE INNER JOIN TPCDS.DATE_DIM2 ON TPCDS.DATE_DIM2.D_DATE_SK = TPCDS.STORE.S_CLOSED_DATE_SK WHERE TPCDS.STORE.S_COMPANY_ID = 1 AND TPCDS.STORE.S_NUMBER_EMPLOYEES <= 297"
6842,"SELECT TPCDS.WEB_SALES.WS_SOLD_DATE_SK , TPCDS.DATE_DIM2.D_FIRST_DOM FROM TPCDS.WEB_SALES INNER JOIN TPCDS.DATE_DIM2 ON TPCDS.DATE_DIM2.D_DATE_SK = TPCDS.WEB_SALES.WS_SHIP_DATE_SK WHERE TPCDS.WEB_SALES.WS_ITEM_SK = 955 AND TPCDS.DATE_DIM2.D_DOW <= 0"
6843,"SELECT TPCDS.PROMOTION.P_PROMO_SK , TPCDS.DATE_DIM2.D_MOY FROM TPCDS.PROMOTION INNER JOIN TPCDS.DATE_DIM2 ON TPCDS.DATE_DIM2.D_DATE_SK = TPCDS.PROMOTION.P_END_DATE_SK WHERE TPCDS.PROMOTION.P_COST <= +0000000001000.00 AND TPCDS.PROMOTION.P_ITEM_SK <= 3736"
6844,"SELECT TPCDS.WEB_SALES.WS_WEB_PAGE_SK , TPCDS.DATE_DIM2.D_SAME_DAY_LQ FROM TPCDS.WEB_SALES INNER JOIN TPCDS.DATE_DIM2 ON TPCDS.DATE_DIM2.D_DATE_SK = TPCDS.WEB_SALES.WS_SHIP_DATE_SK WHERE TPCDS.WEB_SALES.WS_COUPON_AMT <= +00486.27 AND TPCDS.WEB_SALES.WS_SOLD_DATE_SK <= 2452642"
6845,"SELECT TPCDS.CATALOG_SALES.CS_ORDER_NUMBER , TPCDS.DATE_DIM2.D_WEEK_SEQ FROM TPCDS.CATALOG_SALES INNER JOIN TPCDS.DATE_DIM2 ON TPCDS.DATE_DIM2.D_DATE_SK = TPCDS.CATALOG_SALES.CS_SHIP_DATE_SK WHERE TPCDS.CATALOG_SALES.CS_BILL_CDEMO_SK >= 1630429 AND TPCDS.CATALOG_SALES.CS_SOLD_DATE_SK >= 2451532"
6846,"SELECT TPCDS.WEB_SALES.WS_SHIP_HDEMO_SK , TPCDS.DATE_DIM2.D_WEEK_SEQ FROM TPCDS.WEB_SALES INNER JOIN TPCDS.DATE_DIM2 ON TPCDS.DATE_DIM2.D_DATE_SK = TPCDS.WEB_SALES.WS_SHIP_DATE_SK WHERE TPCDS.WEB_SALES.WS_EXT_TAX >= +00001.21 AND TPCDS.WEB_SALES.WS_NET_PAID_INC_TAX = +00183.48"
6847,"SELECT TPCDS.STORE.S_FLOOR_SPACE , TPCDS.DATE_DIM2.D_DATE_SK FROM TPCDS.STORE INNER JOIN TPCDS.DATE_DIM2 ON TPCDS.DATE_DIM2.D_DATE_SK = TPCDS.STORE.S_CLOSED_DATE_SK WHERE TPCDS.DATE_DIM2.D_SAME_DAY_LQ <= 2473171 AND TPCDS.DATE_DIM2.D_FY_QUARTER_SEQ <= 724"
6848,"SELECT TPCDS.CATALOG_PAGE.CP_CATALOG_PAGE_SK , TPCDS.DATE_DIM2.D_QOY FROM TPCDS.CATALOG_PAGE INNER JOIN TPCDS.DATE_DIM2 ON TPCDS.DATE_DIM2.D_DATE_SK = TPCDS.CATALOG_PAGE.CP_END_DATE_SK WHERE TPCDS.DATE_DIM2.D_QOY <= 2 AND TPCDS.DATE_DIM2.D_FY_WEEK_SEQ >= 5296"
6849,"SELECT TPCDS.CATALOG_SALES.CS_EXT_SALES_PRICE , TPCDS.DATE_DIM2.D_MONTH_SEQ FROM TPCDS.CATALOG_SALES INNER JOIN TPCDS.DATE_DIM2 ON TPCDS.DATE_DIM2.D_DATE_SK = TPCDS.CATALOG_SALES.CS_SHIP_DATE_SK WHERE TPCDS.DATE_DIM2.D_FIRST_DOM >= 2427043 AND TPCDS.CATALOG_SALES.CS_NET_PROFIT = -00071.61"
6850,"SELECT TPCDS.CATALOG_PAGE.CP_CATALOG_PAGE_SK , TPCDS.DATE_DIM2.D_SAME_DAY_LQ FROM TPCDS.CATALOG_PAGE INNER JOIN TPCDS.DATE_DIM2 ON TPCDS.DATE_DIM2.D_DATE_SK = TPCDS.CATALOG_PAGE.CP_END_DATE_SK WHERE TPCDS.CATALOG_PAGE.CP_CATALOG_NUMBER >= 39 AND TPCDS.DATE_DIM2.D_DOW <= 1"
6851,"SELECT TPCDS.WEB_SITE.WEB_GMT_OFFSET , TPCDS.DATE_DIM2.D_FY_WEEK_SEQ FROM TPCDS.WEB_SITE INNER JOIN TPCDS.DATE_DIM2 ON TPCDS.DATE_DIM2.D_DATE_SK = TPCDS.WEB_SITE.WEB_CLOSE_DATE_SK WHERE TPCDS.DATE_DIM2.D_YEAR <= 2038 AND TPCDS.DATE_DIM2.D_MONTH_SEQ >= 145"
6852,"SELECT TPCDS.CUSTOMER.C_CURRENT_HDEMO_SK , TPCDS.DATE_DIM2.D_FIRST_DOM FROM TPCDS.CUSTOMER INNER JOIN TPCDS.DATE_DIM2 ON TPCDS.DATE_DIM2.D_DATE_SK = TPCDS.CUSTOMER.C_FIRST_SHIPTO_DATE_SK WHERE TPCDS.CUSTOMER.C_CURRENT_HDEMO_SK >= 4710 AND TPCDS.DATE_DIM2.D_DOW = 1"
6853,"SELECT TPCDS.WEB_SALES.WS_QUANTITY , TPCDS.DATE_DIM2.D_DOM FROM TPCDS.WEB_SALES INNER JOIN TPCDS.DATE_DIM2 ON TPCDS.DATE_DIM2.D_DATE_SK = TPCDS.WEB_SALES.WS_SHIP_DATE_SK WHERE TPCDS.WEB_SALES.WS_BILL_HDEMO_SK <= 4259 AND TPCDS.WEB_SALES.WS_EXT_WHOLESALE_COST <= +00136.76"
6854,"SELECT TPCDS.CATALOG_PAGE.CP_CATALOG_NUMBER , TPCDS.DATE_DIM2.D_DOW FROM TPCDS.CATALOG_PAGE INNER JOIN TPCDS.DATE_DIM2 ON TPCDS.DATE_DIM2.D_DATE_SK = TPCDS.CATALOG_PAGE.CP_END_DATE_SK WHERE TPCDS.DATE_DIM2.D_YEAR >= 1942 AND TPCDS.CATALOG_PAGE.CP_END_DATE_SK <= 2452365"
6855,"SELECT TPCDS.CUSTOMER.C_BIRTH_YEAR , TPCDS.DATE_DIM2.D_FY_WEEK_SEQ FROM TPCDS.CUSTOMER INNER JOIN TPCDS.DATE_DIM2 ON TPCDS.DATE_DIM2.D_DATE_SK = TPCDS.CUSTOMER.C_FIRST_SHIPTO_DATE_SK WHERE TPCDS.CUSTOMER.C_CUSTOMER_SK <= 36883 AND TPCDS.CUSTOMER.C_CURRENT_CDEMO_SK = 77579"
6856,"SELECT TPCDS.WEB_SALES.WS_EXT_DISCOUNT_AMT , TPCDS.DATE_DIM2.D_FIRST_DOM FROM TPCDS.WEB_SALES INNER JOIN TPCDS.DATE_DIM2 ON TPCDS.DATE_DIM2.D_DATE_SK = TPCDS.WEB_SALES.WS_SHIP_DATE_SK WHERE TPCDS.WEB_SALES.WS_EXT_LIST_PRICE <= +11655.60 AND TPCDS.WEB_SALES.WS_PROMO_SK = 17"
6857,"SELECT TPCDS.WEB_SITE.WEB_COMPANY_ID , TPCDS.DATE_DIM2.D_FIRST_DOM FROM TPCDS.WEB_SITE INNER JOIN TPCDS.DATE_DIM2 ON TPCDS.DATE_DIM2.D_DATE_SK = TPCDS.WEB_SITE.WEB_CLOSE_DATE_SK WHERE TPCDS.DATE_DIM2.D_LAST_DOM <= 2459030 AND TPCDS.WEB_SITE.WEB_SITE_SK = 21"
6858,"SELECT TPCDS.WEB_PAGE.WP_CREATION_DATE_SK , TPCDS.DATE_DIM2.D_DATE_SK FROM TPCDS.WEB_PAGE INNER JOIN TPCDS.DATE_DIM2 ON TPCDS.DATE_DIM2.D_DATE_SK = TPCDS.WEB_PAGE.WP_ACCESS_DATE_SK WHERE TPCDS.DATE_DIM2.D_MONTH_SEQ >= 1027 AND TPCDS.DATE_DIM2.D_DOW >= 5"
6859,"SELECT TPCDS.CATALOG_SALES.CS_PROMO_SK , TPCDS.DATE_DIM2.D_MOY FROM TPCDS.CATALOG_SALES INNER JOIN TPCDS.DATE_DIM2 ON TPCDS.DATE_DIM2.D_DATE_SK = TPCDS.CATALOG_SALES.CS_SHIP_DATE_SK WHERE TPCDS.CATALOG_SALES.CS_SALES_PRICE = +00095.86 AND TPCDS.DATE_DIM2.D_MONTH_SEQ <= 1913"
6860,"SELECT TPCDS.STORE.S_MARKET_ID , TPCDS.DATE_DIM2.D_DATE_SK FROM TPCDS.STORE INNER JOIN TPCDS.DATE_DIM2 ON TPCDS.DATE_DIM2.D_DATE_SK = TPCDS.STORE.S_CLOSED_DATE_SK WHERE TPCDS.DATE_DIM2.D_QOY <= 2 AND TPCDS.STORE.S_TAX_PRECENTAGE = +000.03"
6861,"SELECT TPCDS.WEB_PAGE.WP_CHAR_COUNT , TPCDS.DATE_DIM2.D_MONTH_SEQ FROM TPCDS.WEB_PAGE INNER JOIN TPCDS.DATE_DIM2 ON TPCDS.DATE_DIM2.D_DATE_SK = TPCDS.WEB_PAGE.WP_ACCESS_DATE_SK WHERE TPCDS.DATE_DIM2.D_MOY >= 6 AND TPCDS.WEB_PAGE.WP_WEB_PAGE_SK >= 38"
6862,"SELECT TPCDS.WEB_SALES.WS_SHIP_MODE_SK , TPCDS.DATE_DIM2.D_FY_WEEK_SEQ FROM TPCDS.WEB_SALES INNER JOIN TPCDS.DATE_DIM2 ON TPCDS.DATE_DIM2.D_DATE_SK = TPCDS.WEB_SALES.WS_SHIP_DATE_SK WHERE TPCDS.WEB_SALES.WS_SALES_PRICE >= +00016.85 AND TPCDS.WEB_SALES.WS_EXT_SALES_PRICE >= +00629.80"
6863,"SELECT TPCDS.CATALOG_SALES.CS_SHIP_HDEMO_SK , TPCDS.DATE_DIM2.D_WEEK_SEQ FROM TPCDS.CATALOG_SALES INNER JOIN TPCDS.DATE_DIM2 ON TPCDS.DATE_DIM2.D_DATE_SK = TPCDS.CATALOG_SALES.CS_SHIP_DATE_SK WHERE TPCDS.DATE_DIM2.D_DOW = 5 AND TPCDS.CATALOG_SALES.CS_CATALOG_PAGE_SK <= 8156"
6864,"SELECT TPCDS.WEB_SITE.WEB_MKT_ID , TPCDS.DATE_DIM2.D_FIRST_DOM FROM TPCDS.WEB_SITE INNER JOIN TPCDS.DATE_DIM2 ON TPCDS.DATE_DIM2.D_DATE_SK = TPCDS.WEB_SITE.WEB_CLOSE_DATE_SK WHERE TPCDS.DATE_DIM2.D_MONTH_SEQ >= 765 AND TPCDS.WEB_SITE.WEB_SITE_SK >= 6"
6865,"SELECT TPCDS.DATE_DIM2.D_WEEK_SEQ , TPCDS.WEB_SALES.WS_WAREHOUSE_SK FROM TPCDS.DATE_DIM2 INNER JOIN TPCDS.WEB_SALES ON TPCDS.WEB_SALES.WS_SHIP_DATE_SK = TPCDS.DATE_DIM2.D_DATE_SK WHERE TPCDS.WEB_SALES.WS_NET_PROFIT >= -00039.60 AND TPCDS.WEB_SALES.WS_SHIP_CUSTOMER_SK = 48625"
6866,"SELECT TPCDS.WEB_SALES.WS_EXT_DISCOUNT_AMT , TPCDS.DATE_DIM2.D_LAST_DOM FROM TPCDS.WEB_SALES INNER JOIN TPCDS.DATE_DIM2 ON TPCDS.DATE_DIM2.D_DATE_SK = TPCDS.WEB_SALES.WS_SHIP_DATE_SK WHERE TPCDS.WEB_SALES.WS_EXT_WHOLESALE_COST <= +01726.20 AND TPCDS.WEB_SALES.WS_SHIP_MODE_SK <= 20"
6867,"SELECT TPCDS.PROMOTION.P_END_DATE_SK , TPCDS.DATE_DIM2.D_SAME_DAY_LQ FROM TPCDS.PROMOTION INNER JOIN TPCDS.DATE_DIM2 ON TPCDS.DATE_DIM2.D_DATE_SK = TPCDS.PROMOTION.P_END_DATE_SK WHERE TPCDS.DATE_DIM2.D_FY_WEEK_SEQ >= 1723 AND TPCDS.DATE_DIM2.D_QUARTER_SEQ <= 648"
6868,"SELECT TPCDS.DATE_DIM2.D_FY_QUARTER_SEQ , TPCDS.WEB_SITE.WEB_GMT_OFFSET FROM TPCDS.DATE_DIM2 INNER JOIN TPCDS.WEB_SITE ON TPCDS.WEB_SITE.WEB_CLOSE_DATE_SK = TPCDS.DATE_DIM2.D_DATE_SK WHERE TPCDS.WEB_SITE.WEB_OPEN_DATE_SK = 2450577 AND TPCDS.WEB_SITE.WEB_MKT_ID <= 6"
6869,"SELECT TPCDS.CATALOG_SALES.CS_SHIP_MODE_SK , TPCDS.DATE_DIM2.D_YEAR FROM TPCDS.CATALOG_SALES INNER JOIN TPCDS.DATE_DIM2 ON TPCDS.DATE_DIM2.D_DATE_SK = TPCDS.CATALOG_SALES.CS_SHIP_DATE_SK WHERE TPCDS.DATE_DIM2.D_DOW = 3 AND TPCDS.CATALOG_SALES.CS_QUANTITY = 90"
6870,"SELECT TPCDS.CATALOG_SALES.CS_BILL_CDEMO_SK , TPCDS.DATE_DIM2.D_SAME_DAY_LQ FROM TPCDS.CATALOG_SALES INNER JOIN TPCDS.DATE_DIM2 ON TPCDS.DATE_DIM2.D_DATE_SK = TPCDS.CATALOG_SALES.CS_SHIP_DATE_SK WHERE TPCDS.CATALOG_SALES.CS_EXT_DISCOUNT_AMT = +03280.99 AND TPCDS.CATALOG_SALES.CS_CATALOG_PAGE_SK <= 203"
6871,"SELECT TPCDS.WEB_PAGE.WP_MAX_AD_COUNT , TPCDS.DATE_DIM2.D_DATE_SK FROM TPCDS.WEB_PAGE INNER JOIN TPCDS.DATE_DIM2 ON TPCDS.DATE_DIM2.D_DATE_SK = TPCDS.WEB_PAGE.WP_ACCESS_DATE_SK WHERE TPCDS.WEB_PAGE.WP_CUSTOMER_SK >= 64793 AND TPCDS.DATE_DIM2.D_QUARTER_SEQ <= 620"
6872,"SELECT TPCDS.STORE.S_TAX_PRECENTAGE , TPCDS.DATE_DIM2.D_FIRST_DOM FROM TPCDS.STORE INNER JOIN TPCDS.DATE_DIM2 ON TPCDS.DATE_DIM2.D_DATE_SK = TPCDS.STORE.S_CLOSED_DATE_SK WHERE TPCDS.DATE_DIM2.D_SAME_DAY_LY >= 2419096 AND TPCDS.STORE.S_CLOSED_DATE_SK >= 2450910"
6873,"SELECT TPCDS.WEB_SITE.WEB_CLOSE_DATE_SK , TPCDS.DATE_DIM2.D_MOY FROM TPCDS.WEB_SITE INNER JOIN TPCDS.DATE_DIM2 ON TPCDS.DATE_DIM2.D_DATE_SK = TPCDS.WEB_SITE.WEB_CLOSE_DATE_SK WHERE TPCDS.WEB_SITE.WEB_SITE_SK = 28 AND TPCDS.DATE_DIM2.D_MOY <= 5"
6874,"SELECT TPCDS.WEB_SITE.WEB_MKT_ID , TPCDS.DATE_DIM2.D_LAST_DOM FROM TPCDS.WEB_SITE INNER JOIN TPCDS.DATE_DIM2 ON TPCDS.DATE_DIM2.D_DATE_SK = TPCDS.WEB_SITE.WEB_CLOSE_DATE_SK WHERE TPCDS.WEB_SITE.WEB_GMT_OFFSET <= -005.00 AND TPCDS.WEB_SITE.WEB_COMPANY_ID = 1"
6875,"SELECT TPCDS.CUSTOMER.C_BIRTH_MONTH , TPCDS.DATE_DIM2.D_MONTH_SEQ FROM TPCDS.CUSTOMER INNER JOIN TPCDS.DATE_DIM2 ON TPCDS.DATE_DIM2.D_DATE_SK = TPCDS.CUSTOMER.C_FIRST_SHIPTO_DATE_SK WHERE TPCDS.CUSTOMER.C_BIRTH_YEAR = 1967 AND TPCDS.DATE_DIM2.D_QOY = 1"
6876,"SELECT TPCDS.CATALOG_SALES.CS_NET_PROFIT , TPCDS.DATE_DIM2.D_QOY FROM TPCDS.CATALOG_SALES INNER JOIN TPCDS.DATE_DIM2 ON TPCDS.DATE_DIM2.D_DATE_SK = TPCDS.CATALOG_SALES.CS_SHIP_DATE_SK WHERE TPCDS.CATALOG_SALES.CS_COUPON_AMT >= +00751.96 AND TPCDS.DATE_DIM2.D_FY_WEEK_SEQ >= 2240"
6877,"SELECT TPCDS.WEB_SALES.WS_SHIP_ADDR_SK , TPCDS.DATE_DIM2.D_FY_YEAR FROM TPCDS.WEB_SALES INNER JOIN TPCDS.DATE_DIM2 ON TPCDS.DATE_DIM2.D_DATE_SK = TPCDS.WEB_SALES.WS_SHIP_DATE_SK WHERE TPCDS.WEB_SALES.WS_SHIP_CDEMO_SK <= 278523 AND TPCDS.WEB_SALES.WS_BILL_CDEMO_SK <= 905220"
6878,"SELECT TPCDS.PROMOTION.P_PROMO_SK , TPCDS.DATE_DIM2.D_YEAR FROM TPCDS.PROMOTION INNER JOIN TPCDS.DATE_DIM2 ON TPCDS.DATE_DIM2.D_DATE_SK = TPCDS.PROMOTION.P_END_DATE_SK WHERE TPCDS.PROMOTION.P_RESPONSE_TARGET <= 1 AND TPCDS.DATE_DIM2.D_MOY <= 9"
6879,"SELECT TPCDS.DATE_DIM2.D_DOM , TPCDS.CATALOG_PAGE.CP_END_DATE_SK FROM TPCDS.DATE_DIM2 INNER JOIN TPCDS.CATALOG_PAGE ON TPCDS.CATALOG_PAGE.CP_END_DATE_SK = TPCDS.DATE_DIM2.D_DATE_SK WHERE TPCDS.DATE_DIM2.D_FIRST_DOM >= 2441865 AND TPCDS.CATALOG_PAGE.CP_CATALOG_PAGE_SK <= 9326"
6880,"SELECT TPCDS.PROMOTION.P_ITEM_SK , TPCDS.DATE_DIM2.D_DATE_SK FROM TPCDS.PROMOTION INNER JOIN TPCDS.DATE_DIM2 ON TPCDS.DATE_DIM2.D_DATE_SK = TPCDS.PROMOTION.P_END_DATE_SK WHERE TPCDS.DATE_DIM2.D_WEEK_SEQ >= 2240 AND TPCDS.PROMOTION.P_ITEM_SK >= 13009"
6881,"SELECT TPCDS.WEB_SITE.WEB_COMPANY_ID , TPCDS.DATE_DIM2.D_QUARTER_SEQ FROM TPCDS.WEB_SITE INNER JOIN TPCDS.DATE_DIM2 ON TPCDS.DATE_DIM2.D_DATE_SK = TPCDS.WEB_SITE.WEB_CLOSE_DATE_SK WHERE TPCDS.WEB_SITE.WEB_GMT_OFFSET >= -005.00 AND TPCDS.WEB_SITE.WEB_SITE_SK <= 21"
6882,"SELECT TPCDS.DATE_DIM2.D_SAME_DAY_LY , TPCDS.PROMOTION.P_START_DATE_SK FROM TPCDS.DATE_DIM2 INNER JOIN TPCDS.PROMOTION ON TPCDS.PROMOTION.P_END_DATE_SK = TPCDS.DATE_DIM2.D_DATE_SK WHERE TPCDS.DATE_DIM2.D_DATE_SK >= 2426555 AND TPCDS.DATE_DIM2.D_DOW >= 3"
6883,"SELECT TPCDS.CATALOG_SALES.CS_COUPON_AMT , TPCDS.DATE_DIM2.D_SAME_DAY_LQ FROM TPCDS.CATALOG_SALES INNER JOIN TPCDS.DATE_DIM2 ON TPCDS.DATE_DIM2.D_DATE_SK = TPCDS.CATALOG_SALES.CS_SHIP_DATE_SK WHERE TPCDS.DATE_DIM2.D_YEAR >= 1963 AND TPCDS.CATALOG_SALES.CS_ITEM_SK <= 6627"
6884,"SELECT TPCDS.DATE_DIM2.D_SAME_DAY_LY , TPCDS.PROMOTION.P_PROMO_SK FROM TPCDS.DATE_DIM2 INNER JOIN TPCDS.PROMOTION ON TPCDS.PROMOTION.P_END_DATE_SK = TPCDS.DATE_DIM2.D_DATE_SK WHERE TPCDS.DATE_DIM2.D_SAME_DAY_LQ >= 2415021 AND TPCDS.DATE_DIM2.D_DOM >= 27"
6885,"SELECT TPCDS.WEB_SALES.WS_PROMO_SK , TPCDS.DATE_DIM2.D_FY_WEEK_SEQ FROM TPCDS.WEB_SALES INNER JOIN TPCDS.DATE_DIM2 ON TPCDS.DATE_DIM2.D_DATE_SK = TPCDS.WEB_SALES.WS_SHIP_DATE_SK WHERE TPCDS.WEB_SALES.WS_BILL_ADDR_SK >= 23929 AND TPCDS.WEB_SALES.WS_SOLD_TIME_SK = 54148"
6886,"SELECT TPCDS.STORE.S_NUMBER_EMPLOYEES , TPCDS.DATE_DIM2.D_DOW FROM TPCDS.STORE INNER JOIN TPCDS.DATE_DIM2 ON TPCDS.DATE_DIM2.D_DATE_SK = TPCDS.STORE.S_CLOSED_DATE_SK WHERE TPCDS.STORE.S_FLOOR_SPACE = 9341467 AND TPCDS.DATE_DIM2.D_MONTH_SEQ >= 1062"
6887,"SELECT TPCDS.DATE_DIM2.D_DATE_SK , TPCDS.WEB_SALES.WS_EXT_WHOLESALE_COST FROM TPCDS.DATE_DIM2 INNER JOIN TPCDS.WEB_SALES ON TPCDS.WEB_SALES.WS_SHIP_DATE_SK = TPCDS.DATE_DIM2.D_DATE_SK WHERE TPCDS.WEB_SALES.WS_EXT_SALES_PRICE >= +00061.25 AND TPCDS.WEB_SALES.WS_SHIP_ADDR_SK >= 4373"
6888,"SELECT TPCDS.CATALOG_SALES.CS_SHIP_CUSTOMER_SK , TPCDS.DATE_DIM2.D_FY_YEAR FROM TPCDS.CATALOG_SALES INNER JOIN TPCDS.DATE_DIM2 ON TPCDS.DATE_DIM2.D_DATE_SK = TPCDS.CATALOG_SALES.CS_SHIP_DATE_SK WHERE TPCDS.CATALOG_SALES.CS_WHOLESALE_COST >= +00058.98 AND TPCDS.CATALOG_SALES.CS_EXT_DISCOUNT_AMT = +04051.58"
6889,"SELECT TPCDS.CATALOG_PAGE.CP_CATALOG_NUMBER , TPCDS.DATE_DIM2.D_MOY FROM TPCDS.CATALOG_PAGE INNER JOIN TPCDS.DATE_DIM2 ON TPCDS.DATE_DIM2.D_DATE_SK = TPCDS.CATALOG_PAGE.CP_END_DATE_SK WHERE TPCDS.DATE_DIM2.D_DOM <= 8 AND TPCDS.CATALOG_PAGE.CP_CATALOG_PAGE_NUMBER <= 12"
6890,"SELECT TPCDS.DATE_DIM2.D_DOW , TPCDS.CATALOG_SALES.CS_CALL_CENTER_SK FROM TPCDS.DATE_DIM2 INNER JOIN TPCDS.CATALOG_SALES ON TPCDS.CATALOG_SALES.CS_SHIP_DATE_SK = TPCDS.DATE_DIM2.D_DATE_SK WHERE TPCDS.CATALOG_SALES.CS_NET_PAID <= +00455.72 AND TPCDS.DATE_DIM2.D_FY_WEEK_SEQ >= 5025"
6891,"SELECT TPCDS.CUSTOMER.C_BIRTH_MONTH , TPCDS.DATE_DIM2.D_LAST_DOM FROM TPCDS.CUSTOMER INNER JOIN TPCDS.DATE_DIM2 ON TPCDS.DATE_DIM2.D_DATE_SK = TPCDS.CUSTOMER.C_FIRST_SHIPTO_DATE_SK WHERE TPCDS.CUSTOMER.C_BIRTH_DAY = 4 AND TPCDS.DATE_DIM2.D_DOW <= 2"
6892,"SELECT TPCDS.PROMOTION.P_END_DATE_SK , TPCDS.DATE_DIM2.D_DOM FROM TPCDS.PROMOTION INNER JOIN TPCDS.DATE_DIM2 ON TPCDS.DATE_DIM2.D_DATE_SK = TPCDS.PROMOTION.P_END_DATE_SK WHERE TPCDS.DATE_DIM2.D_QOY <= 2 AND TPCDS.PROMOTION.P_RESPONSE_TARGET = 1"
6893,"SELECT TPCDS.CUSTOMER.C_FIRST_SALES_DATE_SK , TPCDS.DATE_DIM2.D_MOY FROM TPCDS.CUSTOMER INNER JOIN TPCDS.DATE_DIM2 ON TPCDS.DATE_DIM2.D_DATE_SK = TPCDS.CUSTOMER.C_FIRST_SHIPTO_DATE_SK WHERE TPCDS.CUSTOMER.C_CURRENT_CDEMO_SK <= 315856 AND TPCDS.DATE_DIM2.D_MONTH_SEQ <= 2287"
6894,"SELECT TPCDS.WEB_SALES.WS_EXT_LIST_PRICE , TPCDS.DATE_DIM2.D_SAME_DAY_LQ FROM TPCDS.WEB_SALES INNER JOIN TPCDS.DATE_DIM2 ON TPCDS.DATE_DIM2.D_DATE_SK = TPCDS.WEB_SALES.WS_SHIP_DATE_SK WHERE TPCDS.WEB_SALES.WS_BILL_HDEMO_SK = 3880 AND TPCDS.WEB_SALES.WS_WEB_PAGE_SK = 9"
6895,"SELECT TPCDS.CUSTOMER.C_BIRTH_MONTH , TPCDS.DATE_DIM2.D_SAME_DAY_LY FROM TPCDS.CUSTOMER INNER JOIN TPCDS.DATE_DIM2 ON TPCDS.DATE_DIM2.D_DATE_SK = TPCDS.CUSTOMER.C_FIRST_SHIPTO_DATE_SK WHERE TPCDS.CUSTOMER.C_CURRENT_ADDR_SK = 10571 AND TPCDS.CUSTOMER.C_CURRENT_HDEMO_SK <= 5906"
6896,"SELECT TPCDS.WEB_SALES.WS_LIST_PRICE , TPCDS.DATE_DIM2.D_DOW FROM TPCDS.WEB_SALES INNER JOIN TPCDS.DATE_DIM2 ON TPCDS.DATE_DIM2.D_DATE_SK = TPCDS.WEB_SALES.WS_SHIP_DATE_SK WHERE TPCDS.WEB_SALES.WS_PROMO_SK = 267 AND TPCDS.WEB_SALES.WS_ORDER_NUMBER <= 31638"
6897,"SELECT TPCDS.PROMOTION.P_END_DATE_SK , TPCDS.DATE_DIM2.D_SAME_DAY_LQ FROM TPCDS.PROMOTION INNER JOIN TPCDS.DATE_DIM2 ON TPCDS.DATE_DIM2.D_DATE_SK = TPCDS.PROMOTION.P_END_DATE_SK WHERE TPCDS.DATE_DIM2.D_MONTH_SEQ <= 1804 AND TPCDS.PROMOTION.P_END_DATE_SK <= 2450200"
6898,"SELECT TPCDS.CATALOG_SALES.CS_SOLD_DATE_SK , TPCDS.DATE_DIM2.D_LAST_DOM FROM TPCDS.CATALOG_SALES INNER JOIN TPCDS.DATE_DIM2 ON TPCDS.DATE_DIM2.D_DATE_SK = TPCDS.CATALOG_SALES.CS_SHIP_DATE_SK WHERE TPCDS.CATALOG_SALES.CS_SALES_PRICE = +00021.61 AND TPCDS.CATALOG_SALES.CS_SHIP_DATE_SK >= 2451763"
6899,"SELECT TPCDS.WEB_SALES.WS_LIST_PRICE , TPCDS.DATE_DIM2.D_SAME_DAY_LQ FROM TPCDS.WEB_SALES INNER JOIN TPCDS.DATE_DIM2 ON TPCDS.DATE_DIM2.D_DATE_SK = TPCDS.WEB_SALES.WS_SHIP_DATE_SK WHERE TPCDS.DATE_DIM2.D_DOM <= 25 AND TPCDS.WEB_SALES.WS_SOLD_TIME_SK <= 14718"
6900,"SELECT TPCDS.STORE.S_COMPANY_ID , TPCDS.DATE_DIM2.D_DATE_SK FROM TPCDS.STORE INNER JOIN TPCDS.DATE_DIM2 ON TPCDS.DATE_DIM2.D_DATE_SK = TPCDS.STORE.S_CLOSED_DATE_SK WHERE TPCDS.DATE_DIM2.D_FY_WEEK_SEQ <= 5296 AND TPCDS.STORE.S_FLOOR_SPACE <= 5285950"
6901,"SELECT TPCDS.DATE_DIM2.D_YEAR , TPCDS.PROMOTION.P_START_DATE_SK FROM TPCDS.DATE_DIM2 INNER JOIN TPCDS.PROMOTION ON TPCDS.PROMOTION.P_END_DATE_SK = TPCDS.DATE_DIM2.D_DATE_SK WHERE TPCDS.DATE_DIM2.D_SAME_DAY_LY >= 2426697 AND TPCDS.DATE_DIM2.D_QOY <= 3"
6902,"SELECT TPCDS.WEB_SITE.WEB_SITE_SK , TPCDS.DATE_DIM2.D_LAST_DOM FROM TPCDS.WEB_SITE INNER JOIN TPCDS.DATE_DIM2 ON TPCDS.DATE_DIM2.D_DATE_SK = TPCDS.WEB_SITE.WEB_CLOSE_DATE_SK WHERE TPCDS.DATE_DIM2.D_DOW >= 4 AND TPCDS.DATE_DIM2.D_FIRST_DOM <= 2487613"
6903,"SELECT TPCDS.WEB_SALES.WS_NET_PAID_INC_TAX , TPCDS.DATE_DIM2.D_LAST_DOM FROM TPCDS.WEB_SALES INNER JOIN TPCDS.DATE_DIM2 ON TPCDS.DATE_DIM2.D_DATE_SK = TPCDS.WEB_SALES.WS_SHIP_DATE_SK WHERE TPCDS.WEB_SALES.WS_ORDER_NUMBER >= 44040 AND TPCDS.DATE_DIM2.D_DOM = 21"
6904,"SELECT TPCDS.CATALOG_SALES.CS_LIST_PRICE , TPCDS.DATE_DIM2.D_FY_WEEK_SEQ FROM TPCDS.CATALOG_SALES INNER JOIN TPCDS.DATE_DIM2 ON TPCDS.DATE_DIM2.D_DATE_SK = TPCDS.CATALOG_SALES.CS_SHIP_DATE_SK WHERE TPCDS.CATALOG_SALES.CS_CALL_CENTER_SK <= 6 AND TPCDS.CATALOG_SALES.CS_EXT_DISCOUNT_AMT = +00067.20"
6905,"SELECT TPCDS.CATALOG_PAGE.CP_END_DATE_SK , TPCDS.DATE_DIM2.D_FIRST_DOM FROM TPCDS.CATALOG_PAGE INNER JOIN TPCDS.DATE_DIM2 ON TPCDS.DATE_DIM2.D_DATE_SK = TPCDS.CATALOG_PAGE.CP_END_DATE_SK WHERE TPCDS.DATE_DIM2.D_QUARTER_SEQ <= 602 AND TPCDS.DATE_DIM2.D_MONTH_SEQ <= 2169"
6906,"SELECT TPCDS.CUSTOMER.C_FIRST_SHIPTO_DATE_SK , TPCDS.DATE_DIM2.D_FIRST_DOM FROM TPCDS.CUSTOMER INNER JOIN TPCDS.DATE_DIM2 ON TPCDS.DATE_DIM2.D_DATE_SK = TPCDS.CUSTOMER.C_FIRST_SHIPTO_DATE_SK WHERE TPCDS.DATE_DIM2.D_DOM = 27 AND TPCDS.DATE_DIM2.D_SAME_DAY_LY >= 2414715"
6907,"SELECT TPCDS.WEB_SALES.WS_SHIP_CDEMO_SK , TPCDS.DATE_DIM2.D_DOM FROM TPCDS.WEB_SALES INNER JOIN TPCDS.DATE_DIM2 ON TPCDS.DATE_DIM2.D_DATE_SK = TPCDS.WEB_SALES.WS_SHIP_DATE_SK WHERE TPCDS.WEB_SALES.WS_EXT_TAX >= +00475.47 AND TPCDS.WEB_SALES.WS_COUPON_AMT >= +00002.47"
6908,"SELECT TPCDS.CATALOG_SALES.CS_WAREHOUSE_SK , TPCDS.DATE_DIM2.D_SAME_DAY_LQ FROM TPCDS.CATALOG_SALES INNER JOIN TPCDS.DATE_DIM2 ON TPCDS.DATE_DIM2.D_DATE_SK = TPCDS.CATALOG_SALES.CS_SHIP_DATE_SK WHERE TPCDS.CATALOG_SALES.CS_NET_PAID_INC_SHIP_TAX >= +05537.16 AND TPCDS.CATALOG_SALES.CS_SALES_PRICE = +00003.89"
6909,"SELECT TPCDS.CATALOG_PAGE.CP_END_DATE_SK , TPCDS.DATE_DIM2.D_FY_WEEK_SEQ FROM TPCDS.CATALOG_PAGE INNER JOIN TPCDS.DATE_DIM2 ON TPCDS.DATE_DIM2.D_DATE_SK = TPCDS.CATALOG_PAGE.CP_END_DATE_SK WHERE TPCDS.DATE_DIM2.D_WEEK_SEQ <= 5619 AND TPCDS.DATE_DIM2.D_DOW >= 0"
6910,"SELECT TPCDS.CATALOG_PAGE.CP_START_DATE_SK , TPCDS.DATE_DIM2.D_SAME_DAY_LY FROM TPCDS.CATALOG_PAGE INNER JOIN TPCDS.DATE_DIM2 ON TPCDS.DATE_DIM2.D_DATE_SK = TPCDS.CATALOG_PAGE.CP_END_DATE_SK WHERE TPCDS.CATALOG_PAGE.CP_CATALOG_PAGE_SK >= 11718 AND TPCDS.CATALOG_PAGE.CP_END_DATE_SK >= 2451664"
6911,"SELECT TPCDS.STORE.S_COMPANY_ID , TPCDS.DATE_DIM2.D_FY_QUARTER_SEQ FROM TPCDS.STORE INNER JOIN TPCDS.DATE_DIM2 ON TPCDS.DATE_DIM2.D_DATE_SK = TPCDS.STORE.S_CLOSED_DATE_SK WHERE TPCDS.STORE.S_STORE_SK <= 9 AND TPCDS.STORE.S_CLOSED_DATE_SK <= 2451189"
6912,"SELECT TPCDS.PROMOTION.P_COST , TPCDS.DATE_DIM2.D_YEAR FROM TPCDS.PROMOTION INNER JOIN TPCDS.DATE_DIM2 ON TPCDS.DATE_DIM2.D_DATE_SK = TPCDS.PROMOTION.P_END_DATE_SK WHERE TPCDS.PROMOTION.P_PROMO_SK >= 300 AND TPCDS.DATE_DIM2.D_FY_YEAR <= 2028"
6913,"SELECT TPCDS.CATALOG_PAGE.CP_END_DATE_SK , TPCDS.DATE_DIM2.D_MOY FROM TPCDS.CATALOG_PAGE INNER JOIN TPCDS.DATE_DIM2 ON TPCDS.DATE_DIM2.D_DATE_SK = TPCDS.CATALOG_PAGE.CP_END_DATE_SK WHERE TPCDS.CATALOG_PAGE.CP_END_DATE_SK <= 2451543 AND TPCDS.DATE_DIM2.D_DOM >= 14"
6914,"SELECT TPCDS.CATALOG_SALES.CS_ITEM_SK , TPCDS.DATE_DIM2.D_YEAR FROM TPCDS.CATALOG_SALES INNER JOIN TPCDS.DATE_DIM2 ON TPCDS.DATE_DIM2.D_DATE_SK = TPCDS.CATALOG_SALES.CS_SHIP_DATE_SK WHERE TPCDS.CATALOG_SALES.CS_SHIP_HDEMO_SK = 664 AND TPCDS.DATE_DIM2.D_FY_YEAR <= 2007"
6915,"SELECT TPCDS.WEB_PAGE.WP_CUSTOMER_SK , TPCDS.DATE_DIM2.D_SAME_DAY_LQ FROM TPCDS.WEB_PAGE INNER JOIN TPCDS.DATE_DIM2 ON TPCDS.DATE_DIM2.D_DATE_SK = TPCDS.WEB_PAGE.WP_ACCESS_DATE_SK WHERE TPCDS.WEB_PAGE.WP_CUSTOMER_SK = 98376 AND TPCDS.WEB_PAGE.WP_WEB_PAGE_SK <= 38"
6916,"SELECT TPCDS.CUSTOMER.C_CURRENT_HDEMO_SK , TPCDS.DATE_DIM2.D_QOY FROM TPCDS.CUSTOMER INNER JOIN TPCDS.DATE_DIM2 ON TPCDS.DATE_DIM2.D_DATE_SK = TPCDS.CUSTOMER.C_FIRST_SHIPTO_DATE_SK WHERE TPCDS.DATE_DIM2.D_DOW >= 1 AND TPCDS.CUSTOMER.C_FIRST_SALES_DATE_SK <= 2449799"
6917,"SELECT TPCDS.PROMOTION.P_START_DATE_SK , TPCDS.DATE_DIM2.D_DOW FROM TPCDS.PROMOTION INNER JOIN TPCDS.DATE_DIM2 ON TPCDS.DATE_DIM2.D_DATE_SK = TPCDS.PROMOTION.P_END_DATE_SK WHERE TPCDS.PROMOTION.P_PROMO_SK <= 197 AND TPCDS.DATE_DIM2.D_FIRST_DOM >= 2447344"
6918,"SELECT TPCDS.DATE_DIM2.D_SAME_DAY_LQ , TPCDS.WEB_SALES.WS_SHIP_MODE_SK FROM TPCDS.DATE_DIM2 INNER JOIN TPCDS.WEB_SALES ON TPCDS.WEB_SALES.WS_SHIP_DATE_SK = TPCDS.DATE_DIM2.D_DATE_SK WHERE TPCDS.DATE_DIM2.D_DOW = 6 AND TPCDS.WEB_SALES.WS_BILL_CUSTOMER_SK <= 6160"
6919,"SELECT TPCDS.WEB_SITE.WEB_COMPANY_ID , TPCDS.DATE_DIM2.D_MOY FROM TPCDS.WEB_SITE INNER JOIN TPCDS.DATE_DIM2 ON TPCDS.DATE_DIM2.D_DATE_SK = TPCDS.WEB_SITE.WEB_CLOSE_DATE_SK WHERE TPCDS.WEB_SITE.WEB_MKT_ID >= 6 AND TPCDS.WEB_SITE.WEB_TAX_PERCENTAGE <= +000.00"
6920,"SELECT TPCDS.WEB_SITE.WEB_CLOSE_DATE_SK , TPCDS.DATE_DIM2.D_QUARTER_SEQ FROM TPCDS.WEB_SITE INNER JOIN TPCDS.DATE_DIM2 ON TPCDS.DATE_DIM2.D_DATE_SK = TPCDS.WEB_SITE.WEB_CLOSE_DATE_SK WHERE TPCDS.DATE_DIM2.D_MOY >= 7 AND TPCDS.WEB_SITE.WEB_MKT_ID = 6"
6921,"SELECT TPCDS.WEB_SALES.WS_LIST_PRICE , TPCDS.DATE_DIM2.D_FY_WEEK_SEQ FROM TPCDS.WEB_SALES INNER JOIN TPCDS.DATE_DIM2 ON TPCDS.DATE_DIM2.D_DATE_SK = TPCDS.WEB_SALES.WS_SHIP_DATE_SK WHERE TPCDS.WEB_SALES.WS_NET_PAID_INC_TAX <= +00344.20 AND TPCDS.WEB_SALES.WS_PROMO_SK <= 91"
6922,"SELECT TPCDS.WEB_SALES.WS_SHIP_CUSTOMER_SK , TPCDS.DATE_DIM2.D_FY_QUARTER_SEQ FROM TPCDS.WEB_SALES INNER JOIN TPCDS.DATE_DIM2 ON TPCDS.DATE_DIM2.D_DATE_SK = TPCDS.WEB_SALES.WS_SHIP_DATE_SK WHERE TPCDS.WEB_SALES.WS_SHIP_HDEMO_SK = 1588 AND TPCDS.DATE_DIM2.D_DATE_SK <= 2472691"
6923,"SELECT TPCDS.STORE.S_STORE_SK , TPCDS.DATE_DIM2.D_LAST_DOM FROM TPCDS.STORE INNER JOIN TPCDS.DATE_DIM2 ON TPCDS.DATE_DIM2.D_DATE_SK = TPCDS.STORE.S_CLOSED_DATE_SK WHERE TPCDS.STORE.S_DIVISION_ID = 1 AND TPCDS.DATE_DIM2.D_SAME_DAY_LY >= 2414713"
6924,"SELECT TPCDS.WEB_PAGE.WP_ACCESS_DATE_SK , TPCDS.DATE_DIM2.D_QUARTER_SEQ FROM TPCDS.WEB_PAGE INNER JOIN TPCDS.DATE_DIM2 ON TPCDS.DATE_DIM2.D_DATE_SK = TPCDS.WEB_PAGE.WP_ACCESS_DATE_SK WHERE TPCDS.WEB_PAGE.WP_ACCESS_DATE_SK = 2452620 AND TPCDS.DATE_DIM2.D_WEEK_SEQ >= 3327"
6925,"SELECT TPCDS.DATE_DIM2.D_DOM , TPCDS.STORE.S_COMPANY_ID FROM TPCDS.DATE_DIM2 INNER JOIN TPCDS.STORE ON TPCDS.STORE.S_CLOSED_DATE_SK = TPCDS.DATE_DIM2.D_DATE_SK WHERE TPCDS.STORE.S_GMT_OFFSET <= -005.00 AND TPCDS.DATE_DIM2.D_DOW >= 0"
6926,"SELECT TPCDS.DATE_DIM2.D_QUARTER_SEQ , TPCDS.CUSTOMER.C_CURRENT_ADDR_SK FROM TPCDS.DATE_DIM2 INNER JOIN TPCDS.CUSTOMER ON TPCDS.CUSTOMER.C_FIRST_SHIPTO_DATE_SK = TPCDS.DATE_DIM2.D_DATE_SK WHERE TPCDS.DATE_DIM2.D_LAST_DOM <= 2454525 AND TPCDS.CUSTOMER.C_FIRST_SHIPTO_DATE_SK <= 2450426"
6927,"SELECT TPCDS.DATE_DIM2.D_MOY , TPCDS.STORE.S_STORE_SK FROM TPCDS.DATE_DIM2 INNER JOIN TPCDS.STORE ON TPCDS.STORE.S_CLOSED_DATE_SK = TPCDS.DATE_DIM2.D_DATE_SK WHERE TPCDS.STORE.S_TAX_PRECENTAGE <= +000.11 AND TPCDS.DATE_DIM2.D_FIRST_DOM <= 2471512"
6928,"SELECT TPCDS.WEB_SALES.WS_SOLD_DATE_SK , TPCDS.DATE_DIM2.D_YEAR FROM TPCDS.WEB_SALES INNER JOIN TPCDS.DATE_DIM2 ON TPCDS.DATE_DIM2.D_DATE_SK = TPCDS.WEB_SALES.WS_SHIP_DATE_SK WHERE TPCDS.WEB_SALES.WS_PROMO_SK >= 267 AND TPCDS.WEB_SALES.WS_WEB_PAGE_SK >= 43"
6929,"SELECT TPCDS.WEB_SITE.WEB_OPEN_DATE_SK , TPCDS.DATE_DIM2.D_FY_WEEK_SEQ FROM TPCDS.WEB_SITE INNER JOIN TPCDS.DATE_DIM2 ON TPCDS.DATE_DIM2.D_DATE_SK = TPCDS.WEB_SITE.WEB_CLOSE_DATE_SK WHERE TPCDS.WEB_SITE.WEB_GMT_OFFSET = -005.00 AND TPCDS.WEB_SITE.WEB_SITE_SK >= 30"
6930,"SELECT TPCDS.CUSTOMER.C_CUSTOMER_SK , TPCDS.DATE_DIM2.D_FY_YEAR FROM TPCDS.CUSTOMER INNER JOIN TPCDS.DATE_DIM2 ON TPCDS.DATE_DIM2.D_DATE_SK = TPCDS.CUSTOMER.C_FIRST_SHIPTO_DATE_SK WHERE TPCDS.DATE_DIM2.D_LAST_DOM >= 2439063 AND TPCDS.CUSTOMER.C_BIRTH_YEAR <= 1937"
6931,"SELECT TPCDS.WEB_SITE.WEB_SITE_SK , TPCDS.DATE_DIM2.D_FY_QUARTER_SEQ FROM TPCDS.WEB_SITE INNER JOIN TPCDS.DATE_DIM2 ON TPCDS.DATE_DIM2.D_DATE_SK = TPCDS.WEB_SITE.WEB_CLOSE_DATE_SK WHERE TPCDS.WEB_SITE.WEB_COMPANY_ID >= 3 AND TPCDS.WEB_SITE.WEB_OPEN_DATE_SK = 2450781"
6932,"SELECT TPCDS.WEB_SITE.WEB_MKT_ID , TPCDS.DATE_DIM2.D_MOY FROM TPCDS.WEB_SITE INNER JOIN TPCDS.DATE_DIM2 ON TPCDS.DATE_DIM2.D_DATE_SK = TPCDS.WEB_SITE.WEB_CLOSE_DATE_SK WHERE TPCDS.DATE_DIM2.D_FIRST_DOM >= 2434530 AND TPCDS.DATE_DIM2.D_DOM <= 27"
6933,"SELECT TPCDS.WEB_SALES.WS_EXT_TAX , TPCDS.DATE_DIM2.D_FIRST_DOM FROM TPCDS.WEB_SALES INNER JOIN TPCDS.DATE_DIM2 ON TPCDS.DATE_DIM2.D_DATE_SK = TPCDS.WEB_SALES.WS_SHIP_DATE_SK WHERE TPCDS.WEB_SALES.WS_EXT_DISCOUNT_AMT = +03384.36 AND TPCDS.DATE_DIM2.D_SAME_DAY_LQ <= 2469862"
6934,"SELECT TPCDS.DATE_DIM2.D_FY_YEAR , TPCDS.CATALOG_PAGE.CP_START_DATE_SK FROM TPCDS.DATE_DIM2 INNER JOIN TPCDS.CATALOG_PAGE ON TPCDS.CATALOG_PAGE.CP_END_DATE_SK = TPCDS.DATE_DIM2.D_DATE_SK WHERE TPCDS.DATE_DIM2.D_DOM >= 4 AND TPCDS.CATALOG_PAGE.CP_CATALOG_PAGE_SK >= 3109"
6935,"SELECT TPCDS.PROMOTION.P_COST , TPCDS.DATE_DIM2.D_FY_WEEK_SEQ FROM TPCDS.PROMOTION INNER JOIN TPCDS.DATE_DIM2 ON TPCDS.DATE_DIM2.D_DATE_SK = TPCDS.PROMOTION.P_END_DATE_SK WHERE TPCDS.DATE_DIM2.D_QOY = 1 AND TPCDS.PROMOTION.P_START_DATE_SK <= 2450712"
6936,"SELECT TPCDS.CATALOG_SALES.CS_PROMO_SK , TPCDS.DATE_DIM2.D_FY_WEEK_SEQ FROM TPCDS.CATALOG_SALES INNER JOIN TPCDS.DATE_DIM2 ON TPCDS.DATE_DIM2.D_DATE_SK = TPCDS.CATALOG_SALES.CS_SHIP_DATE_SK WHERE TPCDS.CATALOG_SALES.CS_SOLD_TIME_SK = 74141 AND TPCDS.CATALOG_SALES.CS_SHIP_ADDR_SK <= 34516"
6937,"SELECT TPCDS.CATALOG_SALES.CS_EXT_TAX , TPCDS.DATE_DIM2.D_MONTH_SEQ FROM TPCDS.CATALOG_SALES INNER JOIN TPCDS.DATE_DIM2 ON TPCDS.DATE_DIM2.D_DATE_SK = TPCDS.CATALOG_SALES.CS_SHIP_DATE_SK WHERE TPCDS.CATALOG_SALES.CS_WAREHOUSE_SK >= 3 AND TPCDS.DATE_DIM2.D_MOY <= 3"
6938,"SELECT TPCDS.WEB_SITE.WEB_GMT_OFFSET , TPCDS.DATE_DIM2.D_LAST_DOM FROM TPCDS.WEB_SITE INNER JOIN TPCDS.DATE_DIM2 ON TPCDS.DATE_DIM2.D_DATE_SK = TPCDS.WEB_SITE.WEB_CLOSE_DATE_SK WHERE TPCDS.WEB_SITE.WEB_CLOSE_DATE_SK >= 2447148 AND TPCDS.WEB_SITE.WEB_GMT_OFFSET <= -005.00"
6939,"SELECT TPCDS.CUSTOMER.C_CURRENT_HDEMO_SK , TPCDS.DATE_DIM2.D_YEAR FROM TPCDS.CUSTOMER INNER JOIN TPCDS.DATE_DIM2 ON TPCDS.DATE_DIM2.D_DATE_SK = TPCDS.CUSTOMER.C_FIRST_SHIPTO_DATE_SK WHERE TPCDS.DATE_DIM2.D_DOW >= 2 AND TPCDS.CUSTOMER.C_CURRENT_CDEMO_SK >= 1677000"
6940,"SELECT TPCDS.WEB_SALES.WS_EXT_TAX , TPCDS.DATE_DIM2.D_DOM FROM TPCDS.WEB_SALES INNER JOIN TPCDS.DATE_DIM2 ON TPCDS.DATE_DIM2.D_DATE_SK = TPCDS.WEB_SALES.WS_SHIP_DATE_SK WHERE TPCDS.WEB_SALES.WS_LIST_PRICE <= +00085.41 AND TPCDS.WEB_SALES.WS_SHIP_CDEMO_SK >= 490200"
6941,"SELECT TPCDS.CATALOG_SALES.CS_ITEM_SK , TPCDS.DATE_DIM2.D_FY_WEEK_SEQ FROM TPCDS.CATALOG_SALES INNER JOIN TPCDS.DATE_DIM2 ON TPCDS.DATE_DIM2.D_DATE_SK = TPCDS.CATALOG_SALES.CS_SHIP_DATE_SK WHERE TPCDS.CATALOG_SALES.CS_SHIP_MODE_SK <= 16 AND TPCDS.CATALOG_SALES.CS_SHIP_DATE_SK >= 2451028"
6942,"SELECT TPCDS.CATALOG_SALES.CS_SOLD_DATE_SK , TPCDS.DATE_DIM2.D_FIRST_DOM FROM TPCDS.CATALOG_SALES INNER JOIN TPCDS.DATE_DIM2 ON TPCDS.DATE_DIM2.D_DATE_SK = TPCDS.CATALOG_SALES.CS_SHIP_DATE_SK WHERE TPCDS.CATALOG_SALES.CS_EXT_LIST_PRICE >= +01803.23 AND TPCDS.CATALOG_SALES.CS_BILL_CDEMO_SK <= 1824566"
6943,"SELECT TPCDS.PROMOTION.P_ITEM_SK , TPCDS.DATE_DIM2.D_DOW FROM TPCDS.PROMOTION INNER JOIN TPCDS.DATE_DIM2 ON TPCDS.DATE_DIM2.D_DATE_SK = TPCDS.PROMOTION.P_END_DATE_SK WHERE TPCDS.DATE_DIM2.D_MOY <= 2 AND TPCDS.DATE_DIM2.D_MONTH_SEQ >= 765"
6944,"SELECT TPCDS.PROMOTION.P_START_DATE_SK , TPCDS.DATE_DIM2.D_QUARTER_SEQ FROM TPCDS.PROMOTION INNER JOIN TPCDS.DATE_DIM2 ON TPCDS.DATE_DIM2.D_DATE_SK = TPCDS.PROMOTION.P_END_DATE_SK WHERE TPCDS.PROMOTION.P_PROMO_SK >= 20 AND TPCDS.DATE_DIM2.D_FY_YEAR >= 1949"
6945,"SELECT TPCDS.PROMOTION.P_PROMO_SK , TPCDS.DATE_DIM2.D_WEEK_SEQ FROM TPCDS.PROMOTION INNER JOIN TPCDS.DATE_DIM2 ON TPCDS.DATE_DIM2.D_DATE_SK = TPCDS.PROMOTION.P_END_DATE_SK WHERE TPCDS.DATE_DIM2.D_SAME_DAY_LY >= 2437940 AND TPCDS.DATE_DIM2.D_DOW <= 1"
6946,"SELECT TPCDS.CUSTOMER.C_FIRST_SHIPTO_DATE_SK , TPCDS.DATE_DIM2.D_MONTH_SEQ FROM TPCDS.CUSTOMER INNER JOIN TPCDS.DATE_DIM2 ON TPCDS.DATE_DIM2.D_DATE_SK = TPCDS.CUSTOMER.C_FIRST_SHIPTO_DATE_SK WHERE TPCDS.DATE_DIM2.D_MOY <= 9 AND TPCDS.CUSTOMER.C_CURRENT_HDEMO_SK <= 4317"
6947,"SELECT TPCDS.CATALOG_SALES.CS_BILL_CDEMO_SK , TPCDS.DATE_DIM2.D_QOY FROM TPCDS.CATALOG_SALES INNER JOIN TPCDS.DATE_DIM2 ON TPCDS.DATE_DIM2.D_DATE_SK = TPCDS.CATALOG_SALES.CS_SHIP_DATE_SK WHERE TPCDS.CATALOG_SALES.CS_ITEM_SK = 9464 AND TPCDS.CATALOG_SALES.CS_NET_PAID >= +00621.23"
6948,"SELECT TPCDS.CATALOG_PAGE.CP_START_DATE_SK , TPCDS.DATE_DIM2.D_LAST_DOM FROM TPCDS.CATALOG_PAGE INNER JOIN TPCDS.DATE_DIM2 ON TPCDS.DATE_DIM2.D_DATE_SK = TPCDS.CATALOG_PAGE.CP_END_DATE_SK WHERE TPCDS.DATE_DIM2.D_DOW = 0 AND TPCDS.CATALOG_PAGE.CP_START_DATE_SK >= 2450997"
6949,"SELECT TPCDS.CATALOG_SALES.CS_NET_PROFIT , TPCDS.DATE_DIM2.D_MONTH_SEQ FROM TPCDS.CATALOG_SALES INNER JOIN TPCDS.DATE_DIM2 ON TPCDS.DATE_DIM2.D_DATE_SK = TPCDS.CATALOG_SALES.CS_SHIP_DATE_SK WHERE TPCDS.CATALOG_SALES.CS_SALES_PRICE <= +00081.80 AND TPCDS.CATALOG_SALES.CS_SOLD_TIME_SK = 86368"
6950,"SELECT TPCDS.WEB_PAGE.WP_MAX_AD_COUNT , TPCDS.DATE_DIM2.D_FY_WEEK_SEQ FROM TPCDS.WEB_PAGE INNER JOIN TPCDS.DATE_DIM2 ON TPCDS.DATE_DIM2.D_DATE_SK = TPCDS.WEB_PAGE.WP_ACCESS_DATE_SK WHERE TPCDS.WEB_PAGE.WP_ACCESS_DATE_SK <= 2452597 AND TPCDS.WEB_PAGE.WP_WEB_PAGE_SK = 57"
6951,"SELECT TPCDS.STORE.S_STORE_SK , TPCDS.DATE_DIM2.D_LAST_DOM FROM TPCDS.STORE INNER JOIN TPCDS.DATE_DIM2 ON TPCDS.DATE_DIM2.D_DATE_SK = TPCDS.STORE.S_CLOSED_DATE_SK WHERE TPCDS.STORE.S_COMPANY_ID >= 1 AND TPCDS.STORE.S_STORE_SK >= 1"
6952,"SELECT TPCDS.WEB_SALES.WS_SOLD_TIME_SK , TPCDS.DATE_DIM2.D_FY_WEEK_SEQ FROM TPCDS.WEB_SALES INNER JOIN TPCDS.DATE_DIM2 ON TPCDS.DATE_DIM2.D_DATE_SK = TPCDS.WEB_SALES.WS_SHIP_DATE_SK WHERE TPCDS.DATE_DIM2.D_DOM = 8 AND TPCDS.WEB_SALES.WS_SHIP_CUSTOMER_SK >= 22701"
6953,"SELECT TPCDS.WEB_PAGE.WP_MAX_AD_COUNT , TPCDS.DATE_DIM2.D_DOW FROM TPCDS.WEB_PAGE INNER JOIN TPCDS.DATE_DIM2 ON TPCDS.DATE_DIM2.D_DATE_SK = TPCDS.WEB_PAGE.WP_ACCESS_DATE_SK WHERE TPCDS.WEB_PAGE.WP_CHAR_COUNT >= 701 AND TPCDS.DATE_DIM2.D_QOY = 1"
6954,"SELECT TPCDS.WEB_SALES.WS_BILL_ADDR_SK , TPCDS.DATE_DIM2.D_QOY FROM TPCDS.WEB_SALES INNER JOIN TPCDS.DATE_DIM2 ON TPCDS.DATE_DIM2.D_DATE_SK = TPCDS.WEB_SALES.WS_SHIP_DATE_SK WHERE TPCDS.WEB_SALES.WS_WEB_SITE_SK = 26 AND TPCDS.WEB_SALES.WS_COUPON_AMT <= +01474.75"
6955,"SELECT TPCDS.STORE.S_NUMBER_EMPLOYEES , TPCDS.DATE_DIM2.D_FIRST_DOM FROM TPCDS.STORE INNER JOIN TPCDS.DATE_DIM2 ON TPCDS.DATE_DIM2.D_DATE_SK = TPCDS.STORE.S_CLOSED_DATE_SK WHERE TPCDS.STORE.S_MARKET_ID >= 2 AND TPCDS.STORE.S_NUMBER_EMPLOYEES >= 236"
6956,"SELECT TPCDS.CUSTOMER.C_FIRST_SALES_DATE_SK , TPCDS.DATE_DIM2.D_LAST_DOM FROM TPCDS.CUSTOMER INNER JOIN TPCDS.DATE_DIM2 ON TPCDS.DATE_DIM2.D_DATE_SK = TPCDS.CUSTOMER.C_FIRST_SHIPTO_DATE_SK WHERE TPCDS.DATE_DIM2.D_MOY <= 4 AND TPCDS.CUSTOMER.C_FIRST_SALES_DATE_SK = 2452648"
6957,"SELECT TPCDS.DATE_DIM2.D_YEAR , TPCDS.WEB_PAGE.WP_ACCESS_DATE_SK FROM TPCDS.DATE_DIM2 INNER JOIN TPCDS.WEB_PAGE ON TPCDS.WEB_PAGE.WP_ACCESS_DATE_SK = TPCDS.DATE_DIM2.D_DATE_SK WHERE TPCDS.WEB_PAGE.WP_CUSTOMER_SK <= 20213 AND TPCDS.DATE_DIM2.D_QOY >= 3"
6958,"SELECT TPCDS.CUSTOMER.C_FIRST_SALES_DATE_SK , TPCDS.DATE_DIM2.D_WEEK_SEQ FROM TPCDS.CUSTOMER INNER JOIN TPCDS.DATE_DIM2 ON TPCDS.DATE_DIM2.D_DATE_SK = TPCDS.CUSTOMER.C_FIRST_SHIPTO_DATE_SK WHERE TPCDS.DATE_DIM2.D_MOY <= 8 AND TPCDS.CUSTOMER.C_FIRST_SALES_DATE_SK <= 2451650"
6959,"SELECT TPCDS.PROMOTION.P_ITEM_SK , TPCDS.DATE_DIM2.D_QUARTER_SEQ FROM TPCDS.PROMOTION INNER JOIN TPCDS.DATE_DIM2 ON TPCDS.DATE_DIM2.D_DATE_SK = TPCDS.PROMOTION.P_END_DATE_SK WHERE TPCDS.DATE_DIM2.D_MONTH_SEQ <= 1292 AND TPCDS.PROMOTION.P_ITEM_SK = 1292"
6960,"SELECT TPCDS.STORE.S_COMPANY_ID , TPCDS.DATE_DIM2.D_SAME_DAY_LQ FROM TPCDS.STORE INNER JOIN TPCDS.DATE_DIM2 ON TPCDS.DATE_DIM2.D_DATE_SK = TPCDS.STORE.S_CLOSED_DATE_SK WHERE TPCDS.DATE_DIM2.D_QUARTER_SEQ <= 683 AND TPCDS.DATE_DIM2.D_QOY = 2"
6961,"SELECT TPCDS.STORE.S_FLOOR_SPACE , TPCDS.DATE_DIM2.D_SAME_DAY_LQ FROM TPCDS.STORE INNER JOIN TPCDS.DATE_DIM2 ON TPCDS.DATE_DIM2.D_DATE_SK = TPCDS.STORE.S_CLOSED_DATE_SK WHERE TPCDS.DATE_DIM2.D_SAME_DAY_LQ >= 2434465 AND TPCDS.STORE.S_MARKET_ID = 2"
6962,"SELECT TPCDS.WEB_SALES.WS_BILL_HDEMO_SK , TPCDS.DATE_DIM2.D_FIRST_DOM FROM TPCDS.WEB_SALES INNER JOIN TPCDS.DATE_DIM2 ON TPCDS.DATE_DIM2.D_DATE_SK = TPCDS.WEB_SALES.WS_SHIP_DATE_SK WHERE TPCDS.DATE_DIM2.D_FY_YEAR <= 2090 AND TPCDS.WEB_SALES.WS_EXT_SHIP_COST >= +00399.04"
6963,"SELECT TPCDS.PROMOTION.P_PROMO_SK , TPCDS.DATE_DIM2.D_DATE_SK FROM TPCDS.PROMOTION INNER JOIN TPCDS.DATE_DIM2 ON TPCDS.DATE_DIM2.D_DATE_SK = TPCDS.PROMOTION.P_END_DATE_SK WHERE TPCDS.PROMOTION.P_PROMO_SK >= 99 AND TPCDS.DATE_DIM2.D_MOY >= 8"
6964,"SELECT TPCDS.STORE.S_CLOSED_DATE_SK , TPCDS.DATE_DIM2.D_FY_YEAR FROM TPCDS.STORE INNER JOIN TPCDS.DATE_DIM2 ON TPCDS.DATE_DIM2.D_DATE_SK = TPCDS.STORE.S_CLOSED_DATE_SK WHERE TPCDS.STORE.S_DIVISION_ID >= 1 AND TPCDS.DATE_DIM2.D_DOW <= 0"
6965,"SELECT TPCDS.WEB_SALES.WS_NET_PROFIT , TPCDS.DATE_DIM2.D_SAME_DAY_LY FROM TPCDS.WEB_SALES INNER JOIN TPCDS.DATE_DIM2 ON TPCDS.DATE_DIM2.D_DATE_SK = TPCDS.WEB_SALES.WS_SHIP_DATE_SK WHERE TPCDS.WEB_SALES.WS_NET_PROFIT >= -00074.40 AND TPCDS.WEB_SALES.WS_SHIP_CDEMO_SK = 54793"
6966,"SELECT TPCDS.STORE.S_TAX_PRECENTAGE , TPCDS.DATE_DIM2.D_DOW FROM TPCDS.STORE INNER JOIN TPCDS.DATE_DIM2 ON TPCDS.DATE_DIM2.D_DATE_SK = TPCDS.STORE.S_CLOSED_DATE_SK WHERE TPCDS.STORE.S_MARKET_ID <= 2 AND TPCDS.DATE_DIM2.D_QOY = 1"
6967,"SELECT TPCDS.WEB_SITE.WEB_COMPANY_ID , TPCDS.DATE_DIM2.D_MONTH_SEQ FROM TPCDS.WEB_SITE INNER JOIN TPCDS.DATE_DIM2 ON TPCDS.DATE_DIM2.D_DATE_SK = TPCDS.WEB_SITE.WEB_CLOSE_DATE_SK WHERE TPCDS.WEB_SITE.WEB_OPEN_DATE_SK <= 2450781 AND TPCDS.WEB_SITE.WEB_MKT_ID >= 6"
6968,"SELECT TPCDS.WEB_SITE.WEB_MKT_ID , TPCDS.DATE_DIM2.D_WEEK_SEQ FROM TPCDS.WEB_SITE INNER JOIN TPCDS.DATE_DIM2 ON TPCDS.DATE_DIM2.D_DATE_SK = TPCDS.WEB_SITE.WEB_CLOSE_DATE_SK WHERE TPCDS.DATE_DIM2.D_QUARTER_SEQ >= 215 AND TPCDS.WEB_SITE.WEB_CLOSE_DATE_SK >= 2448956"
6969,"SELECT TPCDS.PROMOTION.P_RESPONSE_TARGET , TPCDS.DATE_DIM2.D_DOW FROM TPCDS.PROMOTION INNER JOIN TPCDS.DATE_DIM2 ON TPCDS.DATE_DIM2.D_DATE_SK = TPCDS.PROMOTION.P_END_DATE_SK WHERE TPCDS.PROMOTION.P_START_DATE_SK = 2450913 AND TPCDS.PROMOTION.P_ITEM_SK <= 9187"
6970,"SELECT TPCDS.PROMOTION.P_ITEM_SK , TPCDS.DATE_DIM2.D_FY_WEEK_SEQ FROM TPCDS.PROMOTION INNER JOIN TPCDS.DATE_DIM2 ON TPCDS.DATE_DIM2.D_DATE_SK = TPCDS.PROMOTION.P_END_DATE_SK WHERE TPCDS.PROMOTION.P_END_DATE_SK <= 2450614 AND TPCDS.DATE_DIM2.D_DOW = 2"
6971,"SELECT TPCDS.CATALOG_SALES.CS_BILL_ADDR_SK , TPCDS.DATE_DIM2.D_DOW FROM TPCDS.CATALOG_SALES INNER JOIN TPCDS.DATE_DIM2 ON TPCDS.DATE_DIM2.D_DATE_SK = TPCDS.CATALOG_SALES.CS_SHIP_DATE_SK WHERE TPCDS.CATALOG_SALES.CS_ORDER_NUMBER <= 16079 AND TPCDS.CATALOG_SALES.CS_BILL_HDEMO_SK = 6855"
6972,"SELECT TPCDS.DATE_DIM2.D_LAST_DOM , TPCDS.CUSTOMER.C_BIRTH_DAY FROM TPCDS.DATE_DIM2 INNER JOIN TPCDS.CUSTOMER ON TPCDS.CUSTOMER.C_FIRST_SHIPTO_DATE_SK = TPCDS.DATE_DIM2.D_DATE_SK WHERE TPCDS.DATE_DIM2.D_QUARTER_SEQ <= 441 AND TPCDS.CUSTOMER.C_FIRST_SHIPTO_DATE_SK <= 2452613"
6973,"SELECT TPCDS.CUSTOMER.C_CURRENT_CDEMO_SK , TPCDS.DATE_DIM2.D_QOY FROM TPCDS.CUSTOMER INNER JOIN TPCDS.DATE_DIM2 ON TPCDS.DATE_DIM2.D_DATE_SK = TPCDS.CUSTOMER.C_FIRST_SHIPTO_DATE_SK WHERE TPCDS.DATE_DIM2.D_DATE_SK >= 2422710 AND TPCDS.DATE_DIM2.D_LAST_DOM >= 2438761"
6974,"SELECT TPCDS.PROMOTION.P_RESPONSE_TARGET , TPCDS.DATE_DIM2.D_YEAR FROM TPCDS.PROMOTION INNER JOIN TPCDS.DATE_DIM2 ON TPCDS.DATE_DIM2.D_DATE_SK = TPCDS.PROMOTION.P_END_DATE_SK WHERE TPCDS.PROMOTION.P_RESPONSE_TARGET = 1 AND TPCDS.PROMOTION.P_START_DATE_SK >= 2450337"
6975,"SELECT TPCDS.PROMOTION.P_START_DATE_SK , TPCDS.DATE_DIM2.D_DOM FROM TPCDS.PROMOTION INNER JOIN TPCDS.DATE_DIM2 ON TPCDS.DATE_DIM2.D_DATE_SK = TPCDS.PROMOTION.P_END_DATE_SK WHERE TPCDS.DATE_DIM2.D_MOY >= 12 AND TPCDS.DATE_DIM2.D_FIRST_DOM <= 2471147"
6976,"SELECT TPCDS.WEB_SALES.WS_NET_PROFIT , TPCDS.DATE_DIM2.D_MOY FROM TPCDS.WEB_SALES INNER JOIN TPCDS.DATE_DIM2 ON TPCDS.DATE_DIM2.D_DATE_SK = TPCDS.WEB_SALES.WS_SHIP_DATE_SK WHERE TPCDS.WEB_SALES.WS_SHIP_ADDR_SK = 20803 AND TPCDS.WEB_SALES.WS_SHIP_DATE_SK >= 2451578"
6977,"SELECT TPCDS.WEB_PAGE.WP_ACCESS_DATE_SK , TPCDS.DATE_DIM2.D_WEEK_SEQ FROM TPCDS.WEB_PAGE INNER JOIN TPCDS.DATE_DIM2 ON TPCDS.DATE_DIM2.D_DATE_SK = TPCDS.WEB_PAGE.WP_ACCESS_DATE_SK WHERE TPCDS.WEB_PAGE.WP_CUSTOMER_SK >= 84146 AND TPCDS.DATE_DIM2.D_QOY >= 4"
6978,"SELECT TPCDS.WEB_PAGE.WP_IMAGE_COUNT , TPCDS.DATE_DIM2.D_FY_WEEK_SEQ FROM TPCDS.WEB_PAGE INNER JOIN TPCDS.DATE_DIM2 ON TPCDS.DATE_DIM2.D_DATE_SK = TPCDS.WEB_PAGE.WP_ACCESS_DATE_SK WHERE TPCDS.DATE_DIM2.D_MONTH_SEQ >= 1155 AND TPCDS.WEB_PAGE.WP_CUSTOMER_SK <= 37285"
6979,"SELECT TPCDS.STORE.S_DIVISION_ID , TPCDS.DATE_DIM2.D_FY_WEEK_SEQ FROM TPCDS.STORE INNER JOIN TPCDS.DATE_DIM2 ON TPCDS.DATE_DIM2.D_DATE_SK = TPCDS.STORE.S_CLOSED_DATE_SK WHERE TPCDS.DATE_DIM2.D_FY_WEEK_SEQ >= 3327 AND TPCDS.DATE_DIM2.D_QOY <= 1"
6980,"SELECT TPCDS.CUSTOMER.C_CURRENT_ADDR_SK , TPCDS.DATE_DIM2.D_FY_YEAR FROM TPCDS.CUSTOMER INNER JOIN TPCDS.DATE_DIM2 ON TPCDS.DATE_DIM2.D_DATE_SK = TPCDS.CUSTOMER.C_FIRST_SHIPTO_DATE_SK WHERE TPCDS.CUSTOMER.C_CURRENT_HDEMO_SK >= 1 AND TPCDS.DATE_DIM2.D_QUARTER_SEQ <= 602"
6981,"SELECT TPCDS.STORE.S_DIVISION_ID , TPCDS.DATE_DIM2.D_DATE_SK FROM TPCDS.STORE INNER JOIN TPCDS.DATE_DIM2 ON TPCDS.DATE_DIM2.D_DATE_SK = TPCDS.STORE.S_CLOSED_DATE_SK WHERE TPCDS.DATE_DIM2.D_SAME_DAY_LY >= 2414817 AND TPCDS.DATE_DIM2.D_MONTH_SEQ >= 780"
6982,"SELECT TPCDS.CATALOG_SALES.CS_BILL_CDEMO_SK , TPCDS.DATE_DIM2.D_MOY FROM TPCDS.CATALOG_SALES INNER JOIN TPCDS.DATE_DIM2 ON TPCDS.DATE_DIM2.D_DATE_SK = TPCDS.CATALOG_SALES.CS_SHIP_DATE_SK WHERE TPCDS.CATALOG_SALES.CS_NET_PAID_INC_SHIP_TAX = +00532.78 AND TPCDS.DATE_DIM2.D_FY_YEAR >= 1932"
6983,"SELECT TPCDS.PROMOTION.P_PROMO_SK , TPCDS.DATE_DIM2.D_LAST_DOM FROM TPCDS.PROMOTION INNER JOIN TPCDS.DATE_DIM2 ON TPCDS.DATE_DIM2.D_DATE_SK = TPCDS.PROMOTION.P_END_DATE_SK WHERE TPCDS.PROMOTION.P_RESPONSE_TARGET = 1 AND TPCDS.PROMOTION.P_PROMO_SK = 300"
6984,"SELECT TPCDS.WEB_SALES.WS_QUANTITY , TPCDS.DATE_DIM2.D_DOM FROM TPCDS.WEB_SALES INNER JOIN TPCDS.DATE_DIM2 ON TPCDS.DATE_DIM2.D_DATE_SK = TPCDS.WEB_SALES.WS_SHIP_DATE_SK WHERE TPCDS.WEB_SALES.WS_SHIP_CUSTOMER_SK >= 38820 AND TPCDS.WEB_SALES.WS_BILL_HDEMO_SK >= 2833"
6985,"SELECT TPCDS.DATE_DIM2.D_MOY , TPCDS.WEB_PAGE.WP_CUSTOMER_SK FROM TPCDS.DATE_DIM2 INNER JOIN TPCDS.WEB_PAGE ON TPCDS.WEB_PAGE.WP_ACCESS_DATE_SK = TPCDS.DATE_DIM2.D_DATE_SK WHERE TPCDS.DATE_DIM2.D_MOY = 1 AND TPCDS.WEB_PAGE.WP_CHAR_COUNT >= 3128"
6986,"SELECT TPCDS.WEB_SALES.WS_BILL_CUSTOMER_SK , TPCDS.DATE_DIM2.D_QUARTER_SEQ FROM TPCDS.WEB_SALES INNER JOIN TPCDS.DATE_DIM2 ON TPCDS.DATE_DIM2.D_DATE_SK = TPCDS.WEB_SALES.WS_SHIP_DATE_SK WHERE TPCDS.DATE_DIM2.D_SAME_DAY_LY >= 2414990 AND TPCDS.WEB_SALES.WS_ITEM_SK <= 3785"
6987,"SELECT TPCDS.STORE.S_CLOSED_DATE_SK , TPCDS.DATE_DIM2.D_QUARTER_SEQ FROM TPCDS.STORE INNER JOIN TPCDS.DATE_DIM2 ON TPCDS.DATE_DIM2.D_DATE_SK = TPCDS.STORE.S_CLOSED_DATE_SK WHERE TPCDS.DATE_DIM2.D_DOM >= 7 AND TPCDS.STORE.S_DIVISION_ID <= 1"
6988,"SELECT TPCDS.PROMOTION.P_PROMO_SK , TPCDS.DATE_DIM2.D_FY_YEAR FROM TPCDS.PROMOTION INNER JOIN TPCDS.DATE_DIM2 ON TPCDS.DATE_DIM2.D_DATE_SK = TPCDS.PROMOTION.P_END_DATE_SK WHERE TPCDS.PROMOTION.P_END_DATE_SK >= 2450702 AND TPCDS.DATE_DIM2.D_MONTH_SEQ <= 1844"
6989,"SELECT TPCDS.WEB_SALES.WS_EXT_LIST_PRICE , TPCDS.DATE_DIM2.D_QUARTER_SEQ FROM TPCDS.WEB_SALES INNER JOIN TPCDS.DATE_DIM2 ON TPCDS.DATE_DIM2.D_DATE_SK = TPCDS.WEB_SALES.WS_SHIP_DATE_SK WHERE TPCDS.WEB_SALES.WS_LIST_PRICE = +00051.39 AND TPCDS.WEB_SALES.WS_BILL_CUSTOMER_SK <= 90979"
6990,"SELECT TPCDS.DATE_DIM2.D_DOM , TPCDS.PROMOTION.P_START_DATE_SK FROM TPCDS.DATE_DIM2 INNER JOIN TPCDS.PROMOTION ON TPCDS.PROMOTION.P_END_DATE_SK = TPCDS.DATE_DIM2.D_DATE_SK WHERE TPCDS.DATE_DIM2.D_FY_QUARTER_SEQ <= 683 AND TPCDS.DATE_DIM2.D_SAME_DAY_LQ <= 2453462"
6991,"SELECT TPCDS.WEB_SALES.WS_EXT_DISCOUNT_AMT , TPCDS.DATE_DIM2.D_SAME_DAY_LQ FROM TPCDS.WEB_SALES INNER JOIN TPCDS.DATE_DIM2 ON TPCDS.DATE_DIM2.D_DATE_SK = TPCDS.WEB_SALES.WS_SHIP_DATE_SK WHERE TPCDS.WEB_SALES.WS_NET_PAID_INC_TAX >= +01707.65 AND TPCDS.WEB_SALES.WS_WAREHOUSE_SK = 4"
6992,"SELECT TPCDS.WEB_SALES.WS_SHIP_ADDR_SK , TPCDS.DATE_DIM2.D_QOY FROM TPCDS.WEB_SALES INNER JOIN TPCDS.DATE_DIM2 ON TPCDS.DATE_DIM2.D_DATE_SK = TPCDS.WEB_SALES.WS_SHIP_DATE_SK WHERE TPCDS.WEB_SALES.WS_EXT_LIST_PRICE <= +02756.52 AND TPCDS.WEB_SALES.WS_SHIP_HDEMO_SK <= 1128"
6993,"SELECT TPCDS.WEB_SITE.WEB_OPEN_DATE_SK , TPCDS.DATE_DIM2.D_FIRST_DOM FROM TPCDS.WEB_SITE INNER JOIN TPCDS.DATE_DIM2 ON TPCDS.DATE_DIM2.D_DATE_SK = TPCDS.WEB_SITE.WEB_CLOSE_DATE_SK WHERE TPCDS.WEB_SITE.WEB_OPEN_DATE_SK <= 2450781 AND TPCDS.DATE_DIM2.D_FIRST_DOM <= 2465484"
6994,"SELECT TPCDS.CUSTOMER.C_CURRENT_CDEMO_SK , TPCDS.DATE_DIM2.D_YEAR FROM TPCDS.CUSTOMER INNER JOIN TPCDS.DATE_DIM2 ON TPCDS.DATE_DIM2.D_DATE_SK = TPCDS.CUSTOMER.C_FIRST_SHIPTO_DATE_SK WHERE TPCDS.DATE_DIM2.D_DATE_SK >= 2449623 AND TPCDS.DATE_DIM2.D_DOM >= 8"
6995,"SELECT TPCDS.WEB_SITE.WEB_CLOSE_DATE_SK , TPCDS.DATE_DIM2.D_FY_QUARTER_SEQ FROM TPCDS.WEB_SITE INNER JOIN TPCDS.DATE_DIM2 ON TPCDS.DATE_DIM2.D_DATE_SK = TPCDS.WEB_SITE.WEB_CLOSE_DATE_SK WHERE TPCDS.DATE_DIM2.D_LAST_DOM >= 2427073 AND TPCDS.WEB_SITE.WEB_OPEN_DATE_SK <= 2450798"
6996,"SELECT TPCDS.CATALOG_SALES.CS_BILL_CUSTOMER_SK , TPCDS.DATE_DIM2.D_LAST_DOM FROM TPCDS.CATALOG_SALES INNER JOIN TPCDS.DATE_DIM2 ON TPCDS.DATE_DIM2.D_DATE_SK = TPCDS.CATALOG_SALES.CS_SHIP_DATE_SK WHERE TPCDS.DATE_DIM2.D_LAST_DOM >= 2430968 AND TPCDS.CATALOG_SALES.CS_EXT_SALES_PRICE <= +05123.06"
6997,"SELECT TPCDS.CUSTOMER.C_CURRENT_ADDR_SK , TPCDS.DATE_DIM2.D_DOM FROM TPCDS.CUSTOMER INNER JOIN TPCDS.DATE_DIM2 ON TPCDS.DATE_DIM2.D_DATE_SK = TPCDS.CUSTOMER.C_FIRST_SHIPTO_DATE_SK WHERE TPCDS.CUSTOMER.C_FIRST_SHIPTO_DATE_SK = 2451625 AND TPCDS.CUSTOMER.C_BIRTH_DAY <= 16"
6998,"SELECT TPCDS.CUSTOMER.C_FIRST_SHIPTO_DATE_SK , TPCDS.DATE_DIM2.D_WEEK_SEQ FROM TPCDS.CUSTOMER INNER JOIN TPCDS.DATE_DIM2 ON TPCDS.DATE_DIM2.D_DATE_SK = TPCDS.CUSTOMER.C_FIRST_SHIPTO_DATE_SK WHERE TPCDS.DATE_DIM2.D_MONTH_SEQ >= 785 AND TPCDS.CUSTOMER.C_BIRTH_YEAR = 1948"
6999,"SELECT TPCDS.CATALOG_SALES.CS_NET_PROFIT , TPCDS.DATE_DIM2.D_FY_YEAR FROM TPCDS.CATALOG_SALES INNER JOIN TPCDS.DATE_DIM2 ON TPCDS.DATE_DIM2.D_DATE_SK = TPCDS.CATALOG_SALES.CS_SHIP_DATE_SK WHERE TPCDS.CATALOG_SALES.CS_BILL_ADDR_SK <= 2104 AND TPCDS.CATALOG_SALES.CS_EXT_LIST_PRICE = +02592.80"
7000,"SELECT TPCDS.STORE.S_GMT_OFFSET , TPCDS.DATE_DIM2.D_FY_WEEK_SEQ FROM TPCDS.STORE INNER JOIN TPCDS.DATE_DIM2 ON TPCDS.DATE_DIM2.D_DATE_SK = TPCDS.STORE.S_CLOSED_DATE_SK WHERE TPCDS.STORE.S_COMPANY_ID = 1 AND TPCDS.DATE_DIM2.D_FY_QUARTER_SEQ <= 516"
7001,"SELECT TPCDS.STORE.S_TAX_PRECENTAGE , TPCDS.DATE_DIM2.D_YEAR FROM TPCDS.STORE INNER JOIN TPCDS.DATE_DIM2 ON TPCDS.DATE_DIM2.D_DATE_SK = TPCDS.STORE.S_CLOSED_DATE_SK WHERE TPCDS.STORE.S_NUMBER_EMPLOYEES >= 236 AND TPCDS.DATE_DIM2.D_MONTH_SEQ >= 780"
